2026-01-06T23:25:39.771-0500 [DEBUG] [org.gradle.launcher.daemon.bootstrap.DaemonMain] Assuming the daemon was started with following jvm opts: [-XX:MaxMetaspaceSize=384m, -XX:+HeapDumpOnOutOfMemoryError, -Xms256m, -Xmx512m, -Dfile.encoding=UTF-8, -Duser.country=CO, -Duser.language=es, -Duser.variant]
2026-01-06T23:25:39.905-0500 [DEBUG] [org.gradle.internal.remote.internal.inet.InetAddresses] Adding IP addresses for network interface Software Loopback Interface 1
2026-01-06T23:25:39.908-0500 [DEBUG] [org.gradle.internal.remote.internal.inet.InetAddresses] Is this a loopback interface? true
2026-01-06T23:25:39.932-0500 [DEBUG] [org.gradle.internal.remote.internal.inet.InetAddresses] Adding loopback address /127.0.0.1
2026-01-06T23:25:39.932-0500 [DEBUG] [org.gradle.internal.remote.internal.inet.InetAddresses] Adding loopback address /0:0:0:0:0:0:0:1
2026-01-06T23:25:39.933-0500 [DEBUG] [org.gradle.internal.remote.internal.inet.InetAddresses] Adding IP addresses for network interface Microsoft 6to4 Adapter
2026-01-06T23:25:39.936-0500 [DEBUG] [org.gradle.internal.remote.internal.inet.InetAddresses] Is this a loopback interface? false
2026-01-06T23:25:39.937-0500 [DEBUG] [org.gradle.internal.remote.internal.inet.InetAddresses] Adding IP addresses for network interface WAN Miniport (IP)
2026-01-06T23:25:39.940-0500 [DEBUG] [org.gradle.internal.remote.internal.inet.InetAddresses] Is this a loopback interface? false
2026-01-06T23:25:39.940-0500 [DEBUG] [org.gradle.internal.remote.internal.inet.InetAddresses] Adding IP addresses for network interface Microsoft Wi-Fi Direct Virtual Adapter
2026-01-06T23:25:39.943-0500 [DEBUG] [org.gradle.internal.remote.internal.inet.InetAddresses] Is this a loopback interface? false
2026-01-06T23:25:39.943-0500 [DEBUG] [org.gradle.internal.remote.internal.inet.InetAddresses] Adding remote address /fe80:0:0:0:19:cadd:e6dc:2546%wlan0
2026-01-06T23:25:39.943-0500 [DEBUG] [org.gradle.internal.remote.internal.inet.InetAddresses] Adding IP addresses for network interface Microsoft IP-HTTPS Platform Adapter
2026-01-06T23:25:39.946-0500 [DEBUG] [org.gradle.internal.remote.internal.inet.InetAddresses] Is this a loopback interface? false
2026-01-06T23:25:39.946-0500 [DEBUG] [org.gradle.internal.remote.internal.inet.InetAddresses] Adding IP addresses for network interface WAN Miniport (Network Monitor)
2026-01-06T23:25:39.949-0500 [DEBUG] [org.gradle.internal.remote.internal.inet.InetAddresses] Is this a loopback interface? false
2026-01-06T23:25:39.950-0500 [DEBUG] [org.gradle.internal.remote.internal.inet.InetAddresses] Adding IP addresses for network interface TAP-Windows Adapter V9
2026-01-06T23:25:39.952-0500 [DEBUG] [org.gradle.internal.remote.internal.inet.InetAddresses] Is this a loopback interface? false
2026-01-06T23:25:39.953-0500 [DEBUG] [org.gradle.internal.remote.internal.inet.InetAddresses] Adding remote address /fe80:0:0:0:fd78:64a:a322:48ce%net2
2026-01-06T23:25:39.953-0500 [DEBUG] [org.gradle.internal.remote.internal.inet.InetAddresses] Adding IP addresses for network interface WAN Miniport (PPPOE)
2026-01-06T23:25:39.956-0500 [DEBUG] [org.gradle.internal.remote.internal.inet.InetAddresses] Is this a loopback interface? false
2026-01-06T23:25:39.956-0500 [DEBUG] [org.gradle.internal.remote.internal.inet.InetAddresses] Adding IP addresses for network interface WAN Miniport (SSTP)
2026-01-06T23:25:39.959-0500 [DEBUG] [org.gradle.internal.remote.internal.inet.InetAddresses] Is this a loopback interface? false
2026-01-06T23:25:39.959-0500 [DEBUG] [org.gradle.internal.remote.internal.inet.InetAddresses] Adding IP addresses for network interface Realtek(R) USB Ethernet Controller
2026-01-06T23:25:39.962-0500 [DEBUG] [org.gradle.internal.remote.internal.inet.InetAddresses] Is this a loopback interface? false
2026-01-06T23:25:39.962-0500 [DEBUG] [org.gradle.internal.remote.internal.inet.InetAddresses] Adding IP addresses for network interface MediaTek Wi-Fi 6 MT7920 Wireless LAN Card
2026-01-06T23:25:39.965-0500 [DEBUG] [org.gradle.internal.remote.internal.inet.InetAddresses] Is this a loopback interface? false
2026-01-06T23:25:39.965-0500 [DEBUG] [org.gradle.internal.remote.internal.inet.InetAddresses] Adding remote address /192.168.10.141
2026-01-06T23:25:39.966-0500 [DEBUG] [org.gradle.internal.remote.internal.inet.InetAddresses] Adding remote address /fe80:0:0:0:d9c7:e31a:b79f:f7a0%wlan1
2026-01-06T23:25:39.966-0500 [DEBUG] [org.gradle.internal.remote.internal.inet.InetAddresses] Adding IP addresses for network interface Microsoft Teredo Tunneling Adapter
2026-01-06T23:25:39.969-0500 [DEBUG] [org.gradle.internal.remote.internal.inet.InetAddresses] Is this a loopback interface? false
2026-01-06T23:25:39.969-0500 [DEBUG] [org.gradle.internal.remote.internal.inet.InetAddresses] Adding IP addresses for network interface WAN Miniport (IPv6)
2026-01-06T23:25:39.971-0500 [DEBUG] [org.gradle.internal.remote.internal.inet.InetAddresses] Is this a loopback interface? false
2026-01-06T23:25:39.972-0500 [DEBUG] [org.gradle.internal.remote.internal.inet.InetAddresses] Adding IP addresses for network interface MediaTek Wi-Fi 6 MT7920 Wireless LAN Card-WFP Native MAC Layer LightWeight Filter-0000
2026-01-06T23:25:39.974-0500 [DEBUG] [org.gradle.internal.remote.internal.inet.InetAddresses] Is this a loopback interface? false
2026-01-06T23:25:39.974-0500 [DEBUG] [org.gradle.internal.remote.internal.inet.InetAddresses] Adding IP addresses for network interface WAN Miniport (L2TP)
2026-01-06T23:25:39.978-0500 [DEBUG] [org.gradle.internal.remote.internal.inet.InetAddresses] Is this a loopback interface? false
2026-01-06T23:25:39.978-0500 [DEBUG] [org.gradle.internal.remote.internal.inet.InetAddresses] Adding IP addresses for network interface Bluetooth Device (Personal Area Network)
2026-01-06T23:25:39.981-0500 [DEBUG] [org.gradle.internal.remote.internal.inet.InetAddresses] Is this a loopback interface? false
2026-01-06T23:25:39.981-0500 [DEBUG] [org.gradle.internal.remote.internal.inet.InetAddresses] Adding IP addresses for network interface WAN Miniport (PPTP)
2026-01-06T23:25:39.984-0500 [DEBUG] [org.gradle.internal.remote.internal.inet.InetAddresses] Is this a loopback interface? false
2026-01-06T23:25:39.984-0500 [DEBUG] [org.gradle.internal.remote.internal.inet.InetAddresses] Adding IP addresses for network interface Microsoft Kernel Debug Network Adapter
2026-01-06T23:25:39.987-0500 [DEBUG] [org.gradle.internal.remote.internal.inet.InetAddresses] Is this a loopback interface? false
2026-01-06T23:25:39.987-0500 [DEBUG] [org.gradle.internal.remote.internal.inet.InetAddresses] Adding IP addresses for network interface Microsoft Wi-Fi Direct Virtual Adapter #2
2026-01-06T23:25:39.990-0500 [DEBUG] [org.gradle.internal.remote.internal.inet.InetAddresses] Is this a loopback interface? false
2026-01-06T23:25:39.990-0500 [DEBUG] [org.gradle.internal.remote.internal.inet.InetAddresses] Adding remote address /fe80:0:0:0:e901:5c53:8b4b:1a7%wlan3
2026-01-06T23:25:39.990-0500 [DEBUG] [org.gradle.internal.remote.internal.inet.InetAddresses] Adding IP addresses for network interface WAN Miniport (IKEv2)
2026-01-06T23:25:39.993-0500 [DEBUG] [org.gradle.internal.remote.internal.inet.InetAddresses] Is this a loopback interface? false
2026-01-06T23:25:39.993-0500 [DEBUG] [org.gradle.internal.remote.internal.inet.InetAddresses] Adding IP addresses for network interface TAP-Windows Adapter V9-WFP Native MAC Layer LightWeight Filter-0000
2026-01-06T23:25:39.996-0500 [DEBUG] [org.gradle.internal.remote.internal.inet.InetAddresses] Is this a loopback interface? false
2026-01-06T23:25:39.996-0500 [DEBUG] [org.gradle.internal.remote.internal.inet.InetAddresses] Adding IP addresses for network interface TAP-Windows Adapter V9-QoS Packet Scheduler-0000
2026-01-06T23:25:39.999-0500 [DEBUG] [org.gradle.internal.remote.internal.inet.InetAddresses] Is this a loopback interface? false
2026-01-06T23:25:40.000-0500 [DEBUG] [org.gradle.internal.remote.internal.inet.InetAddresses] Adding IP addresses for network interface TAP-Windows Adapter V9-WFP 802.3 MAC Layer LightWeight Filter-0000
2026-01-06T23:25:40.003-0500 [DEBUG] [org.gradle.internal.remote.internal.inet.InetAddresses] Is this a loopback interface? false
2026-01-06T23:25:40.003-0500 [DEBUG] [org.gradle.internal.remote.internal.inet.InetAddresses] Adding IP addresses for network interface MediaTek Wi-Fi 6 MT7920 Wireless LAN Card-Virtual WiFi Filter Driver-0000
2026-01-06T23:25:40.006-0500 [DEBUG] [org.gradle.internal.remote.internal.inet.InetAddresses] Is this a loopback interface? false
2026-01-06T23:25:40.006-0500 [DEBUG] [org.gradle.internal.remote.internal.inet.InetAddresses] Adding IP addresses for network interface MediaTek Wi-Fi 6 MT7920 Wireless LAN Card-Native WiFi Filter Driver-0000
2026-01-06T23:25:40.010-0500 [DEBUG] [org.gradle.internal.remote.internal.inet.InetAddresses] Is this a loopback interface? false
2026-01-06T23:25:40.045-0500 [DEBUG] [org.gradle.internal.remote.internal.inet.InetAddresses] Adding IP addresses for network interface MediaTek Wi-Fi 6 MT7920 Wireless LAN Card-QoS Packet Scheduler-0000
2026-01-06T23:25:40.049-0500 [DEBUG] [org.gradle.internal.remote.internal.inet.InetAddresses] Is this a loopback interface? false
2026-01-06T23:25:40.050-0500 [DEBUG] [org.gradle.internal.remote.internal.inet.InetAddresses] Adding IP addresses for network interface MediaTek Wi-Fi 6 MT7920 Wireless LAN Card-WFP 802.3 MAC Layer LightWeight Filter-0000
2026-01-06T23:25:40.053-0500 [DEBUG] [org.gradle.internal.remote.internal.inet.InetAddresses] Is this a loopback interface? false
2026-01-06T23:25:40.053-0500 [DEBUG] [org.gradle.internal.remote.internal.inet.InetAddresses] Adding IP addresses for network interface Microsoft Wi-Fi Direct Virtual Adapter-WFP Native MAC Layer LightWeight Filter-0000
2026-01-06T23:25:40.056-0500 [DEBUG] [org.gradle.internal.remote.internal.inet.InetAddresses] Is this a loopback interface? false
2026-01-06T23:25:40.056-0500 [DEBUG] [org.gradle.internal.remote.internal.inet.InetAddresses] Adding IP addresses for network interface Microsoft Wi-Fi Direct Virtual Adapter-Native WiFi Filter Driver-0000
2026-01-06T23:25:40.059-0500 [DEBUG] [org.gradle.internal.remote.internal.inet.InetAddresses] Is this a loopback interface? false
2026-01-06T23:25:40.059-0500 [DEBUG] [org.gradle.internal.remote.internal.inet.InetAddresses] Adding IP addresses for network interface Microsoft Wi-Fi Direct Virtual Adapter-QoS Packet Scheduler-0000
2026-01-06T23:25:40.062-0500 [DEBUG] [org.gradle.internal.remote.internal.inet.InetAddresses] Is this a loopback interface? false
2026-01-06T23:25:40.062-0500 [DEBUG] [org.gradle.internal.remote.internal.inet.InetAddresses] Adding IP addresses for network interface Microsoft Wi-Fi Direct Virtual Adapter-WFP 802.3 MAC Layer LightWeight Filter-0000
2026-01-06T23:25:40.065-0500 [DEBUG] [org.gradle.internal.remote.internal.inet.InetAddresses] Is this a loopback interface? false
2026-01-06T23:25:40.065-0500 [DEBUG] [org.gradle.internal.remote.internal.inet.InetAddresses] Adding IP addresses for network interface WireGuard Tunnel
2026-01-06T23:25:40.068-0500 [DEBUG] [org.gradle.internal.remote.internal.inet.InetAddresses] Is this a loopback interface? false
2026-01-06T23:25:40.068-0500 [DEBUG] [org.gradle.internal.remote.internal.inet.InetAddresses] Adding remote address /10.0.4.137
2026-01-06T23:25:40.068-0500 [DEBUG] [org.gradle.internal.remote.internal.inet.InetAddresses] Adding remote address /fe80:0:0:0:1764:f334:cc5d:5a2%net11
2026-01-06T23:25:40.068-0500 [DEBUG] [org.gradle.internal.remote.internal.inet.InetAddresses] Adding IP addresses for network interface Microsoft Wi-Fi Direct Virtual Adapter #2-WFP Native MAC Layer LightWeight Filter-0000
2026-01-06T23:25:40.071-0500 [DEBUG] [org.gradle.internal.remote.internal.inet.InetAddresses] Is this a loopback interface? false
2026-01-06T23:25:40.071-0500 [DEBUG] [org.gradle.internal.remote.internal.inet.InetAddresses] Adding IP addresses for network interface Microsoft Wi-Fi Direct Virtual Adapter #2-Native WiFi Filter Driver-0000
2026-01-06T23:25:40.074-0500 [DEBUG] [org.gradle.internal.remote.internal.inet.InetAddresses] Is this a loopback interface? false
2026-01-06T23:25:40.074-0500 [DEBUG] [org.gradle.internal.remote.internal.inet.InetAddresses] Adding IP addresses for network interface Microsoft Wi-Fi Direct Virtual Adapter #2-QoS Packet Scheduler-0000
2026-01-06T23:25:40.077-0500 [DEBUG] [org.gradle.internal.remote.internal.inet.InetAddresses] Is this a loopback interface? false
2026-01-06T23:25:40.077-0500 [DEBUG] [org.gradle.internal.remote.internal.inet.InetAddresses] Adding IP addresses for network interface Microsoft Wi-Fi Direct Virtual Adapter #2-WFP 802.3 MAC Layer LightWeight Filter-0000
2026-01-06T23:25:40.080-0500 [DEBUG] [org.gradle.internal.remote.internal.inet.InetAddresses] Is this a loopback interface? false
2026-01-06T23:25:40.080-0500 [DEBUG] [org.gradle.internal.remote.internal.inet.InetAddresses] Adding IP addresses for network interface WAN Miniport (IP)-WFP Native MAC Layer LightWeight Filter-0000
2026-01-06T23:25:40.083-0500 [DEBUG] [org.gradle.internal.remote.internal.inet.InetAddresses] Is this a loopback interface? false
2026-01-06T23:25:40.083-0500 [DEBUG] [org.gradle.internal.remote.internal.inet.InetAddresses] Adding IP addresses for network interface WAN Miniport (IP)-QoS Packet Scheduler-0000
2026-01-06T23:25:40.086-0500 [DEBUG] [org.gradle.internal.remote.internal.inet.InetAddresses] Is this a loopback interface? false
2026-01-06T23:25:40.086-0500 [DEBUG] [org.gradle.internal.remote.internal.inet.InetAddresses] Adding IP addresses for network interface WAN Miniport (IPv6)-WFP Native MAC Layer LightWeight Filter-0000
2026-01-06T23:25:40.090-0500 [DEBUG] [org.gradle.internal.remote.internal.inet.InetAddresses] Is this a loopback interface? false
2026-01-06T23:25:40.090-0500 [DEBUG] [org.gradle.internal.remote.internal.inet.InetAddresses] Adding IP addresses for network interface WAN Miniport (IPv6)-QoS Packet Scheduler-0000
2026-01-06T23:25:40.092-0500 [DEBUG] [org.gradle.internal.remote.internal.inet.InetAddresses] Is this a loopback interface? false
2026-01-06T23:25:40.092-0500 [DEBUG] [org.gradle.internal.remote.internal.inet.InetAddresses] Adding IP addresses for network interface WAN Miniport (Network Monitor)-WFP Native MAC Layer LightWeight Filter-0000
2026-01-06T23:25:40.095-0500 [DEBUG] [org.gradle.internal.remote.internal.inet.InetAddresses] Is this a loopback interface? false
2026-01-06T23:25:40.095-0500 [DEBUG] [org.gradle.internal.remote.internal.inet.InetAddresses] Adding IP addresses for network interface WAN Miniport (Network Monitor)-QoS Packet Scheduler-0000
2026-01-06T23:25:40.098-0500 [DEBUG] [org.gradle.internal.remote.internal.inet.InetAddresses] Is this a loopback interface? false
2026-01-06T23:25:40.116-0500 [DEBUG] [org.gradle.internal.nativeintegration.services.NativeServices] Native-platform posix files integration is not available. Continuing with fallback.
2026-01-06T23:25:40.142-0500 [INFO] [org.gradle.launcher.daemon.server.Daemon] start() called on daemon - DefaultDaemonContext[uid=a4a3a695-1931-446f-805d-1be85b968bc0,javaHome=C:\Users\keyly\.jdks\ms-17.0.17,javaVersion=17,javaVendor=Microsoft,daemonRegistryDir=C:\Users\keyly\Downloads\Plazoleta-service\daemon,pid=22012,idleTimeout=10800000,priority=NORMAL,applyInstrumentationAgent=true,nativeServicesMode=ENABLED,daemonOpts=-XX:MaxMetaspaceSize=384m,-XX:+HeapDumpOnOutOfMemoryError,-Xms256m,-Xmx512m,-Dfile.encoding=UTF-8,-Duser.country=CO,-Duser.language=es,-Duser.variant]
2026-01-06T23:25:40.211-0500 [DEBUG] [org.gradle.internal.remote.internal.inet.TcpIncomingConnector] Listening on [9b732e0a-e60e-4f7c-9a2b-e5a2870732bd port:55522, addresses:[localhost/127.0.0.1]].
2026-01-06T23:25:40.221-0500 [DEBUG] [org.gradle.launcher.daemon.server.Daemon] Daemon starting at: Tue Jan 06 23:25:40 COT 2026, with address: [9b732e0a-e60e-4f7c-9a2b-e5a2870732bd port:55522, addresses:[localhost/127.0.0.1]]
2026-01-06T23:25:40.221-0500 [INFO] [org.gradle.launcher.daemon.server.DaemonRegistryUpdater] Advertising the daemon address to the clients: [9b732e0a-e60e-4f7c-9a2b-e5a2870732bd port:55522, addresses:[localhost/127.0.0.1]]
2026-01-06T23:25:40.222-0500 [DEBUG] [org.gradle.launcher.daemon.server.DaemonRegistryUpdater] Advertised daemon context: DefaultDaemonContext[uid=a4a3a695-1931-446f-805d-1be85b968bc0,javaHome=C:\Users\keyly\.jdks\ms-17.0.17,javaVersion=17,javaVendor=Microsoft,daemonRegistryDir=C:\Users\keyly\Downloads\Plazoleta-service\daemon,pid=22012,idleTimeout=10800000,priority=NORMAL,applyInstrumentationAgent=true,nativeServicesMode=ENABLED,daemonOpts=-XX:MaxMetaspaceSize=384m,-XX:+HeapDumpOnOutOfMemoryError,-Xms256m,-Xmx512m,-Dfile.encoding=UTF-8,-Duser.country=CO,-Duser.language=es,-Duser.variant]
2026-01-06T23:25:40.222-0500 [DEBUG] [org.gradle.launcher.daemon.registry.PersistentDaemonRegistry] Storing daemon address: [9b732e0a-e60e-4f7c-9a2b-e5a2870732bd port:55522, addresses:[localhost/127.0.0.1]], context: DefaultDaemonContext[uid=a4a3a695-1931-446f-805d-1be85b968bc0,javaHome=C:\Users\keyly\.jdks\ms-17.0.17,javaVersion=17,javaVendor=Microsoft,daemonRegistryDir=C:\Users\keyly\Downloads\Plazoleta-service\daemon,pid=22012,idleTimeout=10800000,priority=NORMAL,applyInstrumentationAgent=true,nativeServicesMode=ENABLED,daemonOpts=-XX:MaxMetaspaceSize=384m,-XX:+HeapDumpOnOutOfMemoryError,-Xms256m,-Xmx512m,-Dfile.encoding=UTF-8,-Duser.country=CO,-Duser.language=es,-Duser.variant]
2026-01-06T23:25:40.230-0500 [DEBUG] [org.gradle.cache.internal.DefaultFileLockManager] Waiting to acquire exclusive lock on daemon addresses registry.
2026-01-06T23:25:40.234-0500 [DEBUG] [org.gradle.cache.internal.DefaultFileLockManager] Lock acquired on daemon addresses registry.
2026-01-06T23:25:40.238-0500 [DEBUG] [org.gradle.cache.internal.DefaultFileLockManager] Releasing lock on daemon addresses registry.
2026-01-06T23:25:40.238-0500 [LIFECYCLE] [org.gradle.launcher.daemon.server.Daemon] Daemon server started.
2026-01-06T23:25:40.239-0500 [DEBUG] [org.gradle.launcher.daemon.bootstrap.DaemonStartupCommunication] Completed writing the daemon greeting. Closing streams...
2026-01-06T23:25:40.245-0500 [DEBUG] [org.gradle.internal.remote.internal.inet.TcpIncomingConnector] Accepted connection from /127.0.0.1:55523 to /127.0.0.1:55522.
2026-01-06T23:25:40.249-0500 [DEBUG] [org.gradle.launcher.daemon.server.Daemon] stopOnExpiration() called on daemon
2026-01-06T23:25:40.251-0500 [DEBUG] [org.gradle.launcher.daemon.server.Daemon] awaitExpiration() called on daemon
2026-01-06T23:25:40.252-0500 [DEBUG] [org.gradle.launcher.daemon.server.DaemonStateCoordinator] daemon is running. Sleeping until state changes.
2026-01-06T23:25:40.312-0500 [DEBUG] [org.gradle.launcher.daemon.server.SynchronizedDispatchConnection] thread 22: received class org.gradle.launcher.daemon.protocol.Build
2026-01-06T23:25:40.312-0500 [DEBUG] [org.gradle.launcher.daemon.server.DefaultDaemonConnection] thread 22: Received non-IO message from client: Build{id=f1cef511-12be-4a32-8bff-aa6e52a696df, currentDir=C:\Users\keyly\Downloads\Plazoleta-service}
2026-01-06T23:25:40.313-0500 [INFO] [org.gradle.launcher.daemon.server.DefaultIncomingConnectionHandler] Received command: Build{id=f1cef511-12be-4a32-8bff-aa6e52a696df, currentDir=C:\Users\keyly\Downloads\Plazoleta-service}.
2026-01-06T23:25:40.313-0500 [DEBUG] [org.gradle.launcher.daemon.server.DefaultIncomingConnectionHandler] Starting executing command: Build{id=f1cef511-12be-4a32-8bff-aa6e52a696df, currentDir=C:\Users\keyly\Downloads\Plazoleta-service} with connection: socket connection from /127.0.0.1:55522 to /127.0.0.1:55523.
2026-01-06T23:25:40.317-0500 [DEBUG] [org.gradle.launcher.daemon.server.DaemonStateCoordinator] Command execution: started DaemonCommandExecution[command = Build{id=f1cef511-12be-4a32-8bff-aa6e52a696df, currentDir=C:\Users\keyly\Downloads\Plazoleta-service}, connection = DefaultDaemonConnection: socket connection from /127.0.0.1:55522 to /127.0.0.1:55523] after 0.0018166666666666667 minutes of idle
2026-01-06T23:25:40.317-0500 [INFO] [org.gradle.launcher.daemon.server.DaemonRegistryUpdater] Marking the daemon as busy, address: [9b732e0a-e60e-4f7c-9a2b-e5a2870732bd port:55522, addresses:[localhost/127.0.0.1]]
2026-01-06T23:25:40.317-0500 [DEBUG] [org.gradle.launcher.daemon.registry.PersistentDaemonRegistry] Marking busy by address: [9b732e0a-e60e-4f7c-9a2b-e5a2870732bd port:55522, addresses:[localhost/127.0.0.1]]
2026-01-06T23:25:40.318-0500 [DEBUG] [org.gradle.cache.internal.DefaultFileLockManager] Waiting to acquire exclusive lock on daemon addresses registry.
2026-01-06T23:25:40.319-0500 [DEBUG] [org.gradle.cache.internal.DefaultFileLockManager] Lock acquired on daemon addresses registry.
2026-01-06T23:25:40.320-0500 [DEBUG] [org.gradle.cache.internal.DefaultFileLockManager] Releasing lock on daemon addresses registry.
2026-01-06T23:25:40.320-0500 [DEBUG] [org.gradle.launcher.daemon.server.DaemonStateCoordinator] resetting idle timer
2026-01-06T23:25:40.320-0500 [DEBUG] [org.gradle.launcher.daemon.server.DaemonStateCoordinator] daemon is running. Sleeping until state changes.
2026-01-06T23:25:40.321-0500 [INFO] [org.gradle.launcher.daemon.server.exec.StartBuildOrRespondWithBusy] Daemon is about to start building Build{id=f1cef511-12be-4a32-8bff-aa6e52a696df, currentDir=C:\Users\keyly\Downloads\Plazoleta-service}. Dispatching build started information...
2026-01-06T23:25:40.321-0500 [DEBUG] [org.gradle.launcher.daemon.server.SynchronizedDispatchConnection] thread 24: dispatching org.gradle.launcher.daemon.protocol.BuildStarted@507b4555
2026-01-06T23:25:40.323-0500 [DEBUG] [org.gradle.launcher.daemon.server.exec.EstablishBuildEnvironment] Configuring env variables: [USERDOMAIN_ROAMINGPROFILE, LOCALAPPDATA, PROCESSOR_LEVEL, USERDOMAIN, LOGONSERVER, FPS_BROWSER_APP_PROFILE_STRING, JAVA_HOME, SESSIONNAME, ALLUSERSPROFILE, EFC_25488_1592913036, PROCESSOR_ARCHITECTURE, PSModulePath, SystemDrive, OneDrive, APPDATA, USERNAME, ProgramFiles(x86), CommonProgramFiles, Path, FPS_BROWSER_USER_PROFILE_STRING, PATHEXT, DriverData, OS, OneDriveConsumer, COMPUTERNAME, PROCESSOR_REVISION, CommonProgramW6432, ComSpec, ProgramData, ProgramW6432, TEMP, HOMEPATH, SystemRoot, PROCESSOR_IDENTIFIER, HOMEDRIVE, USERPROFILE, TMP, CommonProgramFiles(x86), ProgramFiles, PUBLIC, windir, NUMBER_OF_PROCESSORS, =::]
2026-01-06T23:25:40.327-0500 [DEBUG] [org.gradle.launcher.daemon.server.exec.LogToClient] About to start relaying all logs to the client via the connection.
2026-01-06T23:25:40.327-0500 [INFO] [org.gradle.launcher.daemon.server.exec.LogToClient] The client will now receive all logging from the daemon (pid: 22012). The daemon log file: C:\Users\keyly\Downloads\Plazoleta-service\daemon\8.14.3\daemon-22012.out.log
2026-01-06T23:25:40.328-0500 [INFO] [org.gradle.launcher.daemon.server.exec.LogAndCheckHealth] Starting build in new daemon [memory: 512 MiB]
2026-01-06T23:25:40.329-0500 [DEBUG] [org.gradle.launcher.daemon.server.exec.ExecuteBuild] The daemon has started executing the build.
2026-01-06T23:25:40.330-0500 [DEBUG] [org.gradle.launcher.daemon.server.exec.ExecuteBuild] Executing build with daemon context: DefaultDaemonContext[uid=a4a3a695-1931-446f-805d-1be85b968bc0,javaHome=C:\Users\keyly\.jdks\ms-17.0.17,javaVersion=17,javaVendor=Microsoft,daemonRegistryDir=C:\Users\keyly\Downloads\Plazoleta-service\daemon,pid=22012,idleTimeout=10800000,priority=NORMAL,applyInstrumentationAgent=true,nativeServicesMode=ENABLED,daemonOpts=-XX:MaxMetaspaceSize=384m,-XX:+HeapDumpOnOutOfMemoryError,-Xms256m,-Xmx512m,-Dfile.encoding=UTF-8,-Duser.country=CO,-Duser.language=es,-Duser.variant]

[Incubating] Problems report is available at: file:///C:/Users/keyly/Downloads/Plazoleta-service/build/reports/problems/problems-report.html

Deprecated Gradle features were used in this build, making it incompatible with Gradle 9.0.

You can use '--warning-mode all' to show the individual deprecation warnings and determine if they come from your own scripts or plugins.

For more on this, please refer to https://docs.gradle.org/8.14.3/userguide/command_line_interface.html#sec:command_line_warnings in the Gradle documentation.

BUILD SUCCESSFUL in 8s
2 actionable tasks: 2 up-to-date
2026-01-06T23:25:46.595-0500 [DEBUG] [org.gradle.launcher.daemon.server.exec.ExecuteBuild] The daemon has finished executing the build.
2026-01-06T23:25:46.612-0500 [DEBUG] [org.gradle.launcher.daemon.server.DaemonStateCoordinator] daemon is running. Sleeping until state changes.
2026-01-06T23:25:46.612-0500 [DEBUG] [org.gradle.launcher.daemon.server.DaemonStateCoordinator] Command execution: finished waiting for DaemonCommandExecution[command = Build{id=f1cef511-12be-4a32-8bff-aa6e52a696df, currentDir=C:\Users\keyly\Downloads\Plazoleta-service}, connection = DefaultDaemonConnection: socket connection from /127.0.0.1:55522 to /127.0.0.1:55523]. Result org.gradle.launcher.daemon.server.DaemonStateCoordinator@50d983fd with state Busy
2026-01-06T23:25:46.612-0500 [DEBUG] [org.gradle.launcher.daemon.server.DaemonStateCoordinator] Command execution: completed DaemonCommandExecution[command = Build{id=f1cef511-12be-4a32-8bff-aa6e52a696df, currentDir=C:\Users\keyly\Downloads\Plazoleta-service}, connection = DefaultDaemonConnection: socket connection from /127.0.0.1:55522 to /127.0.0.1:55523]
2026-01-06T23:25:46.613-0500 [DEBUG] [org.gradle.launcher.daemon.server.DaemonStateCoordinator] resetting idle timer
2026-01-06T23:25:46.613-0500 [INFO] [org.gradle.launcher.daemon.server.DaemonRegistryUpdater] Marking the daemon as idle, address: [9b732e0a-e60e-4f7c-9a2b-e5a2870732bd port:55522, addresses:[localhost/127.0.0.1]]
2026-01-06T23:25:46.613-0500 [DEBUG] [org.gradle.launcher.daemon.registry.PersistentDaemonRegistry] Marking busy by address: [9b732e0a-e60e-4f7c-9a2b-e5a2870732bd port:55522, addresses:[localhost/127.0.0.1]]
2026-01-06T23:25:46.613-0500 [DEBUG] [org.gradle.cache.internal.DefaultFileLockManager] Waiting to acquire exclusive lock on daemon addresses registry.
2026-01-06T23:25:46.634-0500 [DEBUG] [org.gradle.cache.internal.DefaultFileLockManager] Lock acquired on daemon addresses registry.
2026-01-06T23:25:46.635-0500 [DEBUG] [org.gradle.cache.internal.DefaultFileLockManager] Releasing lock on daemon addresses registry.
2026-01-06T23:25:46.636-0500 [DEBUG] [org.gradle.launcher.daemon.server.DaemonStateCoordinator] daemon is running. Sleeping until state changes.
2026-01-06T23:25:46.636-0500 [DEBUG] [org.gradle.launcher.daemon.server.exec.ReturnResult] Daemon is dispatching the build result: Success[value=org.gradle.launcher.exec.BuildActionResult@513eb836]
2026-01-06T23:25:46.636-0500 [DEBUG] [org.gradle.launcher.daemon.server.SynchronizedDispatchConnection] thread 21: dispatching Success[value=org.gradle.launcher.exec.BuildActionResult@513eb836]
2026-01-06T23:25:46.637-0500 [DEBUG] [org.gradle.launcher.daemon.server.SynchronizedDispatchConnection] thread 22: received class org.gradle.launcher.daemon.protocol.CloseInput
2026-01-06T23:25:46.637-0500 [DEBUG] [org.gradle.launcher.daemon.server.DefaultDaemonConnection] thread 22: Received IO message from client: org.gradle.launcher.daemon.protocol.CloseInput@ca2e9de
2026-01-06T23:25:46.637-0500 [DEBUG] [org.gradle.launcher.daemon.server.SynchronizedDispatchConnection] thread 22: received class org.gradle.launcher.daemon.protocol.Finished
2026-01-06T23:25:46.637-0500 [DEBUG] [org.gradle.launcher.daemon.server.DefaultDaemonConnection] thread 22: Received non-IO message from client: org.gradle.launcher.daemon.protocol.Finished@2da55bc5
2026-01-06T23:25:46.637-0500 [DEBUG] [org.gradle.internal.remote.internal.inet.SocketConnection] Discarding EOFException: java.io.EOFException
2026-01-06T23:25:46.637-0500 [DEBUG] [org.gradle.launcher.daemon.server.DefaultIncomingConnectionHandler] Finishing executing command: Build{id=f1cef511-12be-4a32-8bff-aa6e52a696df, currentDir=C:\Users\keyly\Downloads\Plazoleta-service}
2026-01-06T23:25:46.637-0500 [DEBUG] [org.gradle.launcher.daemon.server.exec.CleanUpVirtualFileSystemAfterBuild] Cleaning virtual file system after build finished
2026-01-06T23:25:46.637-0500 [DEBUG] [org.gradle.launcher.daemon.server.DefaultIncomingConnectionHandler] Received finished message: org.gradle.launcher.daemon.protocol.Finished@2da55bc5
2026-01-06T23:25:46.637-0500 [DEBUG] [org.gradle.launcher.daemon.server.SynchronizedDispatchConnection] thread 22: received null
2026-01-06T23:25:46.638-0500 [DEBUG] [org.gradle.launcher.daemon.server.SynchronizedDispatchConnection] thread 21: stopping connection
2026-01-06T23:25:46.638-0500 [DEBUG] [org.gradle.launcher.daemon.server.DefaultDaemonConnection] thread 22: Received end-of-input from client.
2026-01-06T23:25:46.639-0500 [DEBUG] [org.gradle.launcher.daemon.server.SynchronizedDispatchConnection] thread 21: stopping connection
2026-01-06T23:25:49.298-0500 [DEBUG] [org.gradle.process.internal.health.memory.DefaultMemoryManager] 2769969561 virtual memory requested, 2396946432 free
2026-01-06T23:25:49.298-0500 [DEBUG] [org.gradle.workers.internal.WorkerDaemonExpiration] Will attempt to release 2641 of memory
2026-01-06T23:25:49.299-0500 [DEBUG] [org.gradle.process.internal.health.memory.DefaultMemoryManager] 2769969561 virtual memory requested, 0 released, 2396946432 free
2026-01-06T23:25:50.266-0500 [DEBUG] [org.gradle.cache.internal.DefaultFileLockManager] Waiting to acquire shared lock on daemon addresses registry.
2026-01-06T23:25:50.266-0500 [DEBUG] [org.gradle.cache.internal.DefaultFileLockManager] Lock acquired on daemon addresses registry.
2026-01-06T23:25:50.266-0500 [DEBUG] [org.gradle.cache.internal.DefaultFileLockManager] Releasing lock on daemon addresses registry.
2026-01-06T23:25:50.268-0500 [DEBUG] [org.gradle.cache.internal.DefaultFileLockManager] Waiting to acquire shared lock on daemon addresses registry.
2026-01-06T23:25:50.269-0500 [DEBUG] [org.gradle.cache.internal.DefaultFileLockManager] Lock acquired on daemon addresses registry.
2026-01-06T23:25:50.269-0500 [DEBUG] [org.gradle.cache.internal.DefaultFileLockManager] Releasing lock on daemon addresses registry.
2026-01-06T23:25:54.299-0500 [DEBUG] [org.gradle.process.internal.health.memory.DefaultMemoryManager] 2769969561 virtual memory requested, 2355970048 free
2026-01-06T23:25:54.299-0500 [DEBUG] [org.gradle.workers.internal.WorkerDaemonExpiration] Will attempt to release 2641 of memory
2026-01-06T23:25:54.299-0500 [DEBUG] [org.gradle.process.internal.health.memory.DefaultMemoryManager] 2769969561 virtual memory requested, 0 released, 2355970048 free
2026-01-06T23:25:59.294-0500 [DEBUG] [org.gradle.process.internal.health.memory.DefaultMemoryManager] 2769969561 virtual memory requested, 2366275584 free
2026-01-06T23:25:59.294-0500 [DEBUG] [org.gradle.workers.internal.WorkerDaemonExpiration] Will attempt to release 2641 of memory
2026-01-06T23:25:59.294-0500 [DEBUG] [org.gradle.process.internal.health.memory.DefaultMemoryManager] 2769969561 virtual memory requested, 0 released, 2366275584 free
2026-01-06T23:26:00.267-0500 [DEBUG] [org.gradle.cache.internal.DefaultFileLockManager] Waiting to acquire shared lock on daemon addresses registry.
2026-01-06T23:26:00.268-0500 [DEBUG] [org.gradle.cache.internal.DefaultFileLockManager] Lock acquired on daemon addresses registry.
2026-01-06T23:26:00.268-0500 [DEBUG] [org.gradle.cache.internal.DefaultFileLockManager] Releasing lock on daemon addresses registry.
2026-01-06T23:26:00.269-0500 [DEBUG] [org.gradle.cache.internal.DefaultFileLockManager] Waiting to acquire shared lock on daemon addresses registry.
2026-01-06T23:26:00.270-0500 [DEBUG] [org.gradle.cache.internal.DefaultFileLockManager] Lock acquired on daemon addresses registry.
2026-01-06T23:26:00.270-0500 [DEBUG] [org.gradle.cache.internal.DefaultFileLockManager] Releasing lock on daemon addresses registry.
2026-01-06T23:26:00.271-0500 [DEBUG] [org.gradle.cache.internal.DefaultFileLockManager] Waiting to acquire shared lock on daemon addresses registry.
2026-01-06T23:26:00.271-0500 [DEBUG] [org.gradle.cache.internal.DefaultFileLockManager] Lock acquired on daemon addresses registry.
2026-01-06T23:26:00.271-0500 [DEBUG] [org.gradle.cache.internal.DefaultFileLockManager] Releasing lock on daemon addresses registry.
2026-01-06T23:26:04.294-0500 [DEBUG] [org.gradle.process.internal.health.memory.DefaultMemoryManager] 2769969561 virtual memory requested, 2365718528 free
2026-01-06T23:26:04.294-0500 [DEBUG] [org.gradle.workers.internal.WorkerDaemonExpiration] Will attempt to release 2641 of memory
2026-01-06T23:26:04.294-0500 [DEBUG] [org.gradle.process.internal.health.memory.DefaultMemoryManager] 2769969561 virtual memory requested, 0 released, 2365718528 free
2026-01-06T23:26:09.292-0500 [DEBUG] [org.gradle.process.internal.health.memory.DefaultMemoryManager] 2769969561 virtual memory requested, 2319216640 free
2026-01-06T23:26:09.292-0500 [DEBUG] [org.gradle.workers.internal.WorkerDaemonExpiration] Will attempt to release 2641 of memory
2026-01-06T23:26:09.292-0500 [DEBUG] [org.gradle.process.internal.health.memory.DefaultMemoryManager] 2769969561 virtual memory requested, 0 released, 2319216640 free
2026-01-06T23:26:10.262-0500 [DEBUG] [org.gradle.cache.internal.DefaultFileLockManager] Waiting to acquire shared lock on daemon addresses registry.
2026-01-06T23:26:10.262-0500 [DEBUG] [org.gradle.cache.internal.DefaultFileLockManager] Lock acquired on daemon addresses registry.
2026-01-06T23:26:10.262-0500 [DEBUG] [org.gradle.cache.internal.DefaultFileLockManager] Releasing lock on daemon addresses registry.
2026-01-06T23:26:10.264-0500 [DEBUG] [org.gradle.cache.internal.DefaultFileLockManager] Waiting to acquire shared lock on daemon addresses registry.
2026-01-06T23:26:10.264-0500 [DEBUG] [org.gradle.cache.internal.DefaultFileLockManager] Lock acquired on daemon addresses registry.
2026-01-06T23:26:10.264-0500 [DEBUG] [org.gradle.cache.internal.DefaultFileLockManager] Releasing lock on daemon addresses registry.
2026-01-06T23:26:10.265-0500 [DEBUG] [org.gradle.cache.internal.DefaultFileLockManager] Waiting to acquire shared lock on daemon addresses registry.
2026-01-06T23:26:10.265-0500 [DEBUG] [org.gradle.cache.internal.DefaultFileLockManager] Lock acquired on daemon addresses registry.
2026-01-06T23:26:10.266-0500 [DEBUG] [org.gradle.cache.internal.DefaultFileLockManager] Releasing lock on daemon addresses registry.
2026-01-06T23:26:14.299-0500 [DEBUG] [org.gradle.process.internal.health.memory.DefaultMemoryManager] 2769969561 virtual memory requested, 2450403328 free
2026-01-06T23:26:14.299-0500 [DEBUG] [org.gradle.workers.internal.WorkerDaemonExpiration] Will attempt to release 2641 of memory
2026-01-06T23:26:14.299-0500 [DEBUG] [org.gradle.process.internal.health.memory.DefaultMemoryManager] 2769969561 virtual memory requested, 0 released, 2450403328 free
2026-01-06T23:26:19.306-0500 [DEBUG] [org.gradle.process.internal.health.memory.DefaultMemoryManager] 2769969561 virtual memory requested, 2372874240 free
2026-01-06T23:26:19.307-0500 [DEBUG] [org.gradle.workers.internal.WorkerDaemonExpiration] Will attempt to release 2641 of memory
2026-01-06T23:26:19.307-0500 [DEBUG] [org.gradle.process.internal.health.memory.DefaultMemoryManager] 2769969561 virtual memory requested, 0 released, 2372874240 free
2026-01-06T23:26:20.267-0500 [DEBUG] [org.gradle.cache.internal.DefaultFileLockManager] Waiting to acquire shared lock on daemon addresses registry.
2026-01-06T23:26:20.267-0500 [DEBUG] [org.gradle.cache.internal.DefaultFileLockManager] Lock acquired on daemon addresses registry.
2026-01-06T23:26:20.267-0500 [DEBUG] [org.gradle.cache.internal.DefaultFileLockManager] Releasing lock on daemon addresses registry.
2026-01-06T23:26:20.268-0500 [DEBUG] [org.gradle.cache.internal.DefaultFileLockManager] Waiting to acquire shared lock on daemon addresses registry.
2026-01-06T23:26:20.269-0500 [DEBUG] [org.gradle.cache.internal.DefaultFileLockManager] Lock acquired on daemon addresses registry.
2026-01-06T23:26:20.269-0500 [DEBUG] [org.gradle.cache.internal.DefaultFileLockManager] Releasing lock on daemon addresses registry.
2026-01-06T23:26:20.270-0500 [DEBUG] [org.gradle.cache.internal.DefaultFileLockManager] Waiting to acquire shared lock on daemon addresses registry.
2026-01-06T23:26:20.270-0500 [DEBUG] [org.gradle.cache.internal.DefaultFileLockManager] Lock acquired on daemon addresses registry.
2026-01-06T23:26:20.270-0500 [DEBUG] [org.gradle.cache.internal.DefaultFileLockManager] Releasing lock on daemon addresses registry.
2026-01-06T23:26:24.304-0500 [DEBUG] [org.gradle.process.internal.health.memory.DefaultMemoryManager] 2769969561 virtual memory requested, 2373619712 free
2026-01-06T23:26:24.305-0500 [DEBUG] [org.gradle.workers.internal.WorkerDaemonExpiration] Will attempt to release 2641 of memory
2026-01-06T23:26:24.305-0500 [DEBUG] [org.gradle.process.internal.health.memory.DefaultMemoryManager] 2769969561 virtual memory requested, 0 released, 2373619712 free
2026-01-06T23:26:29.303-0500 [DEBUG] [org.gradle.process.internal.health.memory.DefaultMemoryManager] 2769969561 virtual memory requested, 2332676096 free
2026-01-06T23:26:29.303-0500 [DEBUG] [org.gradle.workers.internal.WorkerDaemonExpiration] Will attempt to release 2641 of memory
2026-01-06T23:26:29.303-0500 [DEBUG] [org.gradle.process.internal.health.memory.DefaultMemoryManager] 2769969561 virtual memory requested, 0 released, 2332676096 free
2026-01-06T23:26:30.271-0500 [DEBUG] [org.gradle.cache.internal.DefaultFileLockManager] Waiting to acquire shared lock on daemon addresses registry.
2026-01-06T23:26:30.272-0500 [DEBUG] [org.gradle.cache.internal.DefaultFileLockManager] Lock acquired on daemon addresses registry.
2026-01-06T23:26:30.272-0500 [DEBUG] [org.gradle.cache.internal.DefaultFileLockManager] Releasing lock on daemon addresses registry.
2026-01-06T23:26:30.273-0500 [DEBUG] [org.gradle.cache.internal.DefaultFileLockManager] Waiting to acquire shared lock on daemon addresses registry.
2026-01-06T23:26:30.273-0500 [DEBUG] [org.gradle.cache.internal.DefaultFileLockManager] Lock acquired on daemon addresses registry.
2026-01-06T23:26:30.274-0500 [DEBUG] [org.gradle.cache.internal.DefaultFileLockManager] Releasing lock on daemon addresses registry.
2026-01-06T23:26:30.274-0500 [DEBUG] [org.gradle.cache.internal.DefaultFileLockManager] Waiting to acquire shared lock on daemon addresses registry.
2026-01-06T23:26:30.275-0500 [DEBUG] [org.gradle.cache.internal.DefaultFileLockManager] Lock acquired on daemon addresses registry.
2026-01-06T23:26:30.275-0500 [DEBUG] [org.gradle.cache.internal.DefaultFileLockManager] Releasing lock on daemon addresses registry.
2026-01-06T23:26:34.302-0500 [DEBUG] [org.gradle.process.internal.health.memory.DefaultMemoryManager] 2769969561 virtual memory requested, 2285797376 free
2026-01-06T23:26:34.305-0500 [DEBUG] [org.gradle.workers.internal.WorkerDaemonExpiration] Will attempt to release 2641 of memory
2026-01-06T23:26:34.306-0500 [DEBUG] [org.gradle.process.internal.health.memory.DefaultMemoryManager] 2769969561 virtual memory requested, 0 released, 2285797376 free
2026-01-06T23:26:39.305-0500 [DEBUG] [org.gradle.process.internal.health.memory.DefaultMemoryManager] 2769969561 virtual memory requested, 2270617600 free
2026-01-06T23:26:39.305-0500 [DEBUG] [org.gradle.workers.internal.WorkerDaemonExpiration] Will attempt to release 2641 of memory
2026-01-06T23:26:39.305-0500 [DEBUG] [org.gradle.process.internal.health.memory.DefaultMemoryManager] 2769969561 virtual memory requested, 0 released, 2270617600 free
2026-01-06T23:26:40.268-0500 [DEBUG] [org.gradle.cache.internal.DefaultFileLockManager] Waiting to acquire shared lock on daemon addresses registry.
2026-01-06T23:26:40.268-0500 [DEBUG] [org.gradle.cache.internal.DefaultFileLockManager] Lock acquired on daemon addresses registry.
2026-01-06T23:26:40.268-0500 [DEBUG] [org.gradle.cache.internal.DefaultFileLockManager] Releasing lock on daemon addresses registry.
2026-01-06T23:26:40.270-0500 [DEBUG] [org.gradle.cache.internal.DefaultFileLockManager] Waiting to acquire shared lock on daemon addresses registry.
2026-01-06T23:26:40.270-0500 [DEBUG] [org.gradle.cache.internal.DefaultFileLockManager] Lock acquired on daemon addresses registry.
2026-01-06T23:26:40.270-0500 [DEBUG] [org.gradle.cache.internal.DefaultFileLockManager] Releasing lock on daemon addresses registry.
2026-01-06T23:26:40.271-0500 [DEBUG] [org.gradle.cache.internal.DefaultFileLockManager] Waiting to acquire shared lock on daemon addresses registry.
2026-01-06T23:26:40.271-0500 [DEBUG] [org.gradle.cache.internal.DefaultFileLockManager] Lock acquired on daemon addresses registry.
2026-01-06T23:26:40.272-0500 [DEBUG] [org.gradle.cache.internal.DefaultFileLockManager] Releasing lock on daemon addresses registry.
2026-01-06T23:26:44.307-0500 [DEBUG] [org.gradle.process.internal.health.memory.DefaultMemoryManager] 2769969561 virtual memory requested, 2290216960 free
2026-01-06T23:26:44.307-0500 [DEBUG] [org.gradle.workers.internal.WorkerDaemonExpiration] Will attempt to release 2641 of memory
2026-01-06T23:26:44.307-0500 [DEBUG] [org.gradle.process.internal.health.memory.DefaultMemoryManager] 2769969561 virtual memory requested, 0 released, 2290216960 free
2026-01-06T23:26:49.300-0500 [DEBUG] [org.gradle.process.internal.health.memory.DefaultMemoryManager] 2769969561 virtual memory requested, 2344919040 free
2026-01-06T23:26:49.300-0500 [DEBUG] [org.gradle.workers.internal.WorkerDaemonExpiration] Will attempt to release 2641 of memory
2026-01-06T23:26:49.300-0500 [DEBUG] [org.gradle.process.internal.health.memory.DefaultMemoryManager] 2769969561 virtual memory requested, 0 released, 2344919040 free
2026-01-06T23:26:50.269-0500 [DEBUG] [org.gradle.cache.internal.DefaultFileLockManager] Waiting to acquire shared lock on daemon addresses registry.
2026-01-06T23:26:50.270-0500 [DEBUG] [org.gradle.cache.internal.DefaultFileLockManager] Lock acquired on daemon addresses registry.
2026-01-06T23:26:50.270-0500 [DEBUG] [org.gradle.cache.internal.DefaultFileLockManager] Releasing lock on daemon addresses registry.
2026-01-06T23:26:50.272-0500 [DEBUG] [org.gradle.cache.internal.DefaultFileLockManager] Waiting to acquire shared lock on daemon addresses registry.
2026-01-06T23:26:50.272-0500 [DEBUG] [org.gradle.cache.internal.DefaultFileLockManager] Lock acquired on daemon addresses registry.
2026-01-06T23:26:50.273-0500 [DEBUG] [org.gradle.cache.internal.DefaultFileLockManager] Releasing lock on daemon addresses registry.
2026-01-06T23:26:50.274-0500 [DEBUG] [org.gradle.cache.internal.DefaultFileLockManager] Waiting to acquire shared lock on daemon addresses registry.
2026-01-06T23:26:50.274-0500 [DEBUG] [org.gradle.cache.internal.DefaultFileLockManager] Lock acquired on daemon addresses registry.
2026-01-06T23:26:50.275-0500 [DEBUG] [org.gradle.cache.internal.DefaultFileLockManager] Releasing lock on daemon addresses registry.
2026-01-06T23:26:54.303-0500 [DEBUG] [org.gradle.process.internal.health.memory.DefaultMemoryManager] 2769969561 virtual memory requested, 2373636096 free
2026-01-06T23:26:54.303-0500 [DEBUG] [org.gradle.workers.internal.WorkerDaemonExpiration] Will attempt to release 2641 of memory
2026-01-06T23:26:54.304-0500 [DEBUG] [org.gradle.process.internal.health.memory.DefaultMemoryManager] 2769969561 virtual memory requested, 0 released, 2373636096 free
2026-01-06T23:26:59.308-0500 [DEBUG] [org.gradle.process.internal.health.memory.DefaultMemoryManager] 2769969561 virtual memory requested, 2346467328 free
2026-01-06T23:26:59.308-0500 [DEBUG] [org.gradle.workers.internal.WorkerDaemonExpiration] Will attempt to release 2641 of memory
2026-01-06T23:26:59.308-0500 [DEBUG] [org.gradle.process.internal.health.memory.DefaultMemoryManager] 2769969561 virtual memory requested, 0 released, 2346467328 free
2026-01-06T23:27:00.273-0500 [DEBUG] [org.gradle.cache.internal.DefaultFileLockManager] Waiting to acquire shared lock on daemon addresses registry.
2026-01-06T23:27:00.273-0500 [DEBUG] [org.gradle.cache.internal.DefaultFileLockManager] Lock acquired on daemon addresses registry.
2026-01-06T23:27:00.274-0500 [DEBUG] [org.gradle.cache.internal.DefaultFileLockManager] Releasing lock on daemon addresses registry.
2026-01-06T23:27:00.274-0500 [DEBUG] [org.gradle.cache.internal.DefaultFileLockManager] Waiting to acquire shared lock on daemon addresses registry.
2026-01-06T23:27:00.275-0500 [DEBUG] [org.gradle.cache.internal.DefaultFileLockManager] Lock acquired on daemon addresses registry.
2026-01-06T23:27:00.275-0500 [DEBUG] [org.gradle.cache.internal.DefaultFileLockManager] Releasing lock on daemon addresses registry.
2026-01-06T23:27:00.275-0500 [DEBUG] [org.gradle.cache.internal.DefaultFileLockManager] Waiting to acquire shared lock on daemon addresses registry.
2026-01-06T23:27:00.276-0500 [DEBUG] [org.gradle.cache.internal.DefaultFileLockManager] Lock acquired on daemon addresses registry.
2026-01-06T23:27:00.276-0500 [DEBUG] [org.gradle.cache.internal.DefaultFileLockManager] Releasing lock on daemon addresses registry.
2026-01-06T23:27:04.307-0500 [DEBUG] [org.gradle.process.internal.health.memory.DefaultMemoryManager] 2769969561 virtual memory requested, 2342162432 free
2026-01-06T23:27:04.307-0500 [DEBUG] [org.gradle.workers.internal.WorkerDaemonExpiration] Will attempt to release 2641 of memory
2026-01-06T23:27:04.307-0500 [DEBUG] [org.gradle.process.internal.health.memory.DefaultMemoryManager] 2769969561 virtual memory requested, 0 released, 2342162432 free
2026-01-06T23:27:09.302-0500 [DEBUG] [org.gradle.process.internal.health.memory.DefaultMemoryManager] 2769969561 virtual memory requested, 2314743808 free
2026-01-06T23:27:09.303-0500 [DEBUG] [org.gradle.workers.internal.WorkerDaemonExpiration] Will attempt to release 2641 of memory
2026-01-06T23:27:09.303-0500 [DEBUG] [org.gradle.process.internal.health.memory.DefaultMemoryManager] 2769969561 virtual memory requested, 0 released, 2314743808 free
2026-01-06T23:27:10.275-0500 [DEBUG] [org.gradle.cache.internal.DefaultFileLockManager] Waiting to acquire shared lock on daemon addresses registry.
2026-01-06T23:27:10.276-0500 [DEBUG] [org.gradle.cache.internal.DefaultFileLockManager] Lock acquired on daemon addresses registry.
2026-01-06T23:27:10.276-0500 [DEBUG] [org.gradle.cache.internal.DefaultFileLockManager] Releasing lock on daemon addresses registry.
2026-01-06T23:27:10.277-0500 [DEBUG] [org.gradle.cache.internal.DefaultFileLockManager] Waiting to acquire shared lock on daemon addresses registry.
2026-01-06T23:27:10.277-0500 [DEBUG] [org.gradle.cache.internal.DefaultFileLockManager] Lock acquired on daemon addresses registry.
2026-01-06T23:27:10.277-0500 [DEBUG] [org.gradle.cache.internal.DefaultFileLockManager] Releasing lock on daemon addresses registry.
2026-01-06T23:27:10.278-0500 [DEBUG] [org.gradle.cache.internal.DefaultFileLockManager] Waiting to acquire shared lock on daemon addresses registry.
2026-01-06T23:27:10.278-0500 [DEBUG] [org.gradle.cache.internal.DefaultFileLockManager] Lock acquired on daemon addresses registry.
2026-01-06T23:27:10.278-0500 [DEBUG] [org.gradle.cache.internal.DefaultFileLockManager] Releasing lock on daemon addresses registry.
2026-01-06T23:27:14.300-0500 [DEBUG] [org.gradle.process.internal.health.memory.DefaultMemoryManager] 2769969561 virtual memory requested, 2260959232 free
2026-01-06T23:27:14.301-0500 [DEBUG] [org.gradle.workers.internal.WorkerDaemonExpiration] Will attempt to release 2641 of memory
2026-01-06T23:27:14.301-0500 [DEBUG] [org.gradle.process.internal.health.memory.DefaultMemoryManager] 2769969561 virtual memory requested, 0 released, 2260959232 free
2026-01-06T23:27:19.307-0500 [DEBUG] [org.gradle.process.internal.health.memory.DefaultMemoryManager] 2769969561 virtual memory requested, 1911717888 free
2026-01-06T23:27:19.307-0500 [DEBUG] [org.gradle.workers.internal.WorkerDaemonExpiration] Will attempt to release 2641 of memory
2026-01-06T23:27:19.307-0500 [DEBUG] [org.gradle.process.internal.health.memory.DefaultMemoryManager] 2769969561 virtual memory requested, 0 released, 1911717888 free
2026-01-06T23:27:20.265-0500 [DEBUG] [org.gradle.cache.internal.DefaultFileLockManager] Waiting to acquire shared lock on daemon addresses registry.
2026-01-06T23:27:20.266-0500 [DEBUG] [org.gradle.cache.internal.DefaultFileLockManager] Lock acquired on daemon addresses registry.
2026-01-06T23:27:20.266-0500 [DEBUG] [org.gradle.cache.internal.DefaultFileLockManager] Releasing lock on daemon addresses registry.
2026-01-06T23:27:20.267-0500 [DEBUG] [org.gradle.cache.internal.DefaultFileLockManager] Waiting to acquire shared lock on daemon addresses registry.
2026-01-06T23:27:20.267-0500 [DEBUG] [org.gradle.cache.internal.DefaultFileLockManager] Lock acquired on daemon addresses registry.
2026-01-06T23:27:20.268-0500 [DEBUG] [org.gradle.cache.internal.DefaultFileLockManager] Releasing lock on daemon addresses registry.
2026-01-06T23:27:20.268-0500 [DEBUG] [org.gradle.cache.internal.DefaultFileLockManager] Waiting to acquire shared lock on daemon addresses registry.
2026-01-06T23:27:20.268-0500 [DEBUG] [org.gradle.cache.internal.DefaultFileLockManager] Lock acquired on daemon addresses registry.
2026-01-06T23:27:20.269-0500 [DEBUG] [org.gradle.cache.internal.DefaultFileLockManager] Releasing lock on daemon addresses registry.
2026-01-06T23:27:24.312-0500 [DEBUG] [org.gradle.process.internal.health.memory.DefaultMemoryManager] 2769969561 virtual memory requested, 1942765568 free
2026-01-06T23:27:24.312-0500 [DEBUG] [org.gradle.workers.internal.WorkerDaemonExpiration] Will attempt to release 2641 of memory
2026-01-06T23:27:24.312-0500 [DEBUG] [org.gradle.process.internal.health.memory.DefaultMemoryManager] 2769969561 virtual memory requested, 0 released, 1942765568 free
2026-01-06T23:27:29.312-0500 [DEBUG] [org.gradle.process.internal.health.memory.DefaultMemoryManager] 2769969561 virtual memory requested, 1955270656 free
2026-01-06T23:27:29.313-0500 [DEBUG] [org.gradle.workers.internal.WorkerDaemonExpiration] Will attempt to release 2641 of memory
2026-01-06T23:27:29.313-0500 [DEBUG] [org.gradle.process.internal.health.memory.DefaultMemoryManager] 2769969561 virtual memory requested, 0 released, 1955270656 free
2026-01-06T23:27:30.278-0500 [DEBUG] [org.gradle.cache.internal.DefaultFileLockManager] Waiting to acquire shared lock on daemon addresses registry.
2026-01-06T23:27:30.278-0500 [DEBUG] [org.gradle.cache.internal.DefaultFileLockManager] Lock acquired on daemon addresses registry.
2026-01-06T23:27:30.278-0500 [DEBUG] [org.gradle.cache.internal.DefaultFileLockManager] Releasing lock on daemon addresses registry.
2026-01-06T23:27:30.280-0500 [DEBUG] [org.gradle.cache.internal.DefaultFileLockManager] Waiting to acquire shared lock on daemon addresses registry.
2026-01-06T23:27:30.281-0500 [DEBUG] [org.gradle.cache.internal.DefaultFileLockManager] Lock acquired on daemon addresses registry.
2026-01-06T23:27:30.281-0500 [DEBUG] [org.gradle.cache.internal.DefaultFileLockManager] Releasing lock on daemon addresses registry.
2026-01-06T23:27:30.282-0500 [DEBUG] [org.gradle.cache.internal.DefaultFileLockManager] Waiting to acquire shared lock on daemon addresses registry.
2026-01-06T23:27:30.282-0500 [DEBUG] [org.gradle.cache.internal.DefaultFileLockManager] Lock acquired on daemon addresses registry.
2026-01-06T23:27:30.283-0500 [DEBUG] [org.gradle.cache.internal.DefaultFileLockManager] Releasing lock on daemon addresses registry.
2026-01-06T23:27:34.308-0500 [DEBUG] [org.gradle.process.internal.health.memory.DefaultMemoryManager] 2769969561 virtual memory requested, 2023051264 free
2026-01-06T23:27:34.308-0500 [DEBUG] [org.gradle.workers.internal.WorkerDaemonExpiration] Will attempt to release 2641 of memory
2026-01-06T23:27:34.308-0500 [DEBUG] [org.gradle.process.internal.health.memory.DefaultMemoryManager] 2769969561 virtual memory requested, 0 released, 2023051264 free
2026-01-06T23:27:39.309-0500 [DEBUG] [org.gradle.process.internal.health.memory.DefaultMemoryManager] 2769969561 virtual memory requested, 2026483712 free
2026-01-06T23:27:39.310-0500 [DEBUG] [org.gradle.workers.internal.WorkerDaemonExpiration] Will attempt to release 2641 of memory
2026-01-06T23:27:39.310-0500 [DEBUG] [org.gradle.process.internal.health.memory.DefaultMemoryManager] 2769969561 virtual memory requested, 0 released, 2026483712 free
2026-01-06T23:27:40.269-0500 [DEBUG] [org.gradle.cache.internal.DefaultFileLockManager] Waiting to acquire shared lock on daemon addresses registry.
2026-01-06T23:27:40.270-0500 [DEBUG] [org.gradle.cache.internal.DefaultFileLockManager] Lock acquired on daemon addresses registry.
2026-01-06T23:27:40.270-0500 [DEBUG] [org.gradle.cache.internal.DefaultFileLockManager] Releasing lock on daemon addresses registry.
2026-01-06T23:27:40.272-0500 [DEBUG] [org.gradle.cache.internal.DefaultFileLockManager] Waiting to acquire shared lock on daemon addresses registry.
2026-01-06T23:27:40.272-0500 [DEBUG] [org.gradle.cache.internal.DefaultFileLockManager] Lock acquired on daemon addresses registry.
2026-01-06T23:27:40.272-0500 [DEBUG] [org.gradle.cache.internal.DefaultFileLockManager] Releasing lock on daemon addresses registry.
2026-01-06T23:27:40.273-0500 [DEBUG] [org.gradle.cache.internal.DefaultFileLockManager] Waiting to acquire shared lock on daemon addresses registry.
2026-01-06T23:27:40.274-0500 [DEBUG] [org.gradle.cache.internal.DefaultFileLockManager] Lock acquired on daemon addresses registry.
2026-01-06T23:27:40.274-0500 [DEBUG] [org.gradle.cache.internal.DefaultFileLockManager] Releasing lock on daemon addresses registry.
2026-01-06T23:27:44.315-0500 [DEBUG] [org.gradle.process.internal.health.memory.DefaultMemoryManager] 2769969561 virtual memory requested, 2036576256 free
2026-01-06T23:27:44.315-0500 [DEBUG] [org.gradle.workers.internal.WorkerDaemonExpiration] Will attempt to release 2641 of memory
2026-01-06T23:27:44.315-0500 [DEBUG] [org.gradle.process.internal.health.memory.DefaultMemoryManager] 2769969561 virtual memory requested, 0 released, 2036576256 free
2026-01-06T23:27:49.308-0500 [DEBUG] [org.gradle.process.internal.health.memory.DefaultMemoryManager] 2769969561 virtual memory requested, 2039558144 free
2026-01-06T23:27:49.308-0500 [DEBUG] [org.gradle.workers.internal.WorkerDaemonExpiration] Will attempt to release 2641 of memory
2026-01-06T23:27:49.308-0500 [DEBUG] [org.gradle.process.internal.health.memory.DefaultMemoryManager] 2769969561 virtual memory requested, 0 released, 2039558144 free
2026-01-06T23:27:50.277-0500 [DEBUG] [org.gradle.cache.internal.DefaultFileLockManager] Waiting to acquire shared lock on daemon addresses registry.
2026-01-06T23:27:50.278-0500 [DEBUG] [org.gradle.cache.internal.DefaultFileLockManager] Lock acquired on daemon addresses registry.
2026-01-06T23:27:50.278-0500 [DEBUG] [org.gradle.cache.internal.DefaultFileLockManager] Releasing lock on daemon addresses registry.
2026-01-06T23:27:50.279-0500 [DEBUG] [org.gradle.cache.internal.DefaultFileLockManager] Waiting to acquire shared lock on daemon addresses registry.
2026-01-06T23:27:50.279-0500 [DEBUG] [org.gradle.cache.internal.DefaultFileLockManager] Lock acquired on daemon addresses registry.
2026-01-06T23:27:50.280-0500 [DEBUG] [org.gradle.cache.internal.DefaultFileLockManager] Releasing lock on daemon addresses registry.
2026-01-06T23:27:50.280-0500 [DEBUG] [org.gradle.cache.internal.DefaultFileLockManager] Waiting to acquire shared lock on daemon addresses registry.
2026-01-06T23:27:50.281-0500 [DEBUG] [org.gradle.cache.internal.DefaultFileLockManager] Lock acquired on daemon addresses registry.
2026-01-06T23:27:50.281-0500 [DEBUG] [org.gradle.cache.internal.DefaultFileLockManager] Releasing lock on daemon addresses registry.
2026-01-06T23:27:54.305-0500 [DEBUG] [org.gradle.process.internal.health.memory.DefaultMemoryManager] 2769969561 virtual memory requested, 2041114624 free
2026-01-06T23:27:54.305-0500 [DEBUG] [org.gradle.workers.internal.WorkerDaemonExpiration] Will attempt to release 2641 of memory
2026-01-06T23:27:54.305-0500 [DEBUG] [org.gradle.process.internal.health.memory.DefaultMemoryManager] 2769969561 virtual memory requested, 0 released, 2041114624 free
2026-01-06T23:27:59.312-0500 [DEBUG] [org.gradle.process.internal.health.memory.DefaultMemoryManager] 2769969561 virtual memory requested, 2039279616 free
2026-01-06T23:27:59.313-0500 [DEBUG] [org.gradle.workers.internal.WorkerDaemonExpiration] Will attempt to release 2641 of memory
2026-01-06T23:27:59.313-0500 [DEBUG] [org.gradle.process.internal.health.memory.DefaultMemoryManager] 2769969561 virtual memory requested, 0 released, 2039279616 free
2026-01-06T23:28:00.273-0500 [DEBUG] [org.gradle.cache.internal.DefaultFileLockManager] Waiting to acquire shared lock on daemon addresses registry.
2026-01-06T23:28:00.273-0500 [DEBUG] [org.gradle.cache.internal.DefaultFileLockManager] Lock acquired on daemon addresses registry.
2026-01-06T23:28:00.273-0500 [DEBUG] [org.gradle.cache.internal.DefaultFileLockManager] Releasing lock on daemon addresses registry.
2026-01-06T23:28:00.274-0500 [DEBUG] [org.gradle.cache.internal.DefaultFileLockManager] Waiting to acquire shared lock on daemon addresses registry.
2026-01-06T23:28:00.275-0500 [DEBUG] [org.gradle.cache.internal.DefaultFileLockManager] Lock acquired on daemon addresses registry.
2026-01-06T23:28:00.275-0500 [DEBUG] [org.gradle.cache.internal.DefaultFileLockManager] Releasing lock on daemon addresses registry.
2026-01-06T23:28:00.276-0500 [DEBUG] [org.gradle.cache.internal.DefaultFileLockManager] Waiting to acquire shared lock on daemon addresses registry.
2026-01-06T23:28:00.276-0500 [DEBUG] [org.gradle.cache.internal.DefaultFileLockManager] Lock acquired on daemon addresses registry.
2026-01-06T23:28:00.276-0500 [DEBUG] [org.gradle.cache.internal.DefaultFileLockManager] Releasing lock on daemon addresses registry.
2026-01-06T23:28:04.320-0500 [DEBUG] [org.gradle.process.internal.health.memory.DefaultMemoryManager] 2769969561 virtual memory requested, 2039697408 free
2026-01-06T23:28:04.320-0500 [DEBUG] [org.gradle.workers.internal.WorkerDaemonExpiration] Will attempt to release 2641 of memory
2026-01-06T23:28:04.320-0500 [DEBUG] [org.gradle.process.internal.health.memory.DefaultMemoryManager] 2769969561 virtual memory requested, 0 released, 2039697408 free
2026-01-06T23:28:09.310-0500 [DEBUG] [org.gradle.process.internal.health.memory.DefaultMemoryManager] 2769969561 virtual memory requested, 1977569280 free
2026-01-06T23:28:09.310-0500 [DEBUG] [org.gradle.workers.internal.WorkerDaemonExpiration] Will attempt to release 2641 of memory
2026-01-06T23:28:09.310-0500 [DEBUG] [org.gradle.process.internal.health.memory.DefaultMemoryManager] 2769969561 virtual memory requested, 0 released, 1977569280 free
2026-01-06T23:28:10.276-0500 [DEBUG] [org.gradle.cache.internal.DefaultFileLockManager] Waiting to acquire shared lock on daemon addresses registry.
2026-01-06T23:28:10.276-0500 [DEBUG] [org.gradle.cache.internal.DefaultFileLockManager] Lock acquired on daemon addresses registry.
2026-01-06T23:28:10.277-0500 [DEBUG] [org.gradle.cache.internal.DefaultFileLockManager] Releasing lock on daemon addresses registry.
2026-01-06T23:28:10.278-0500 [DEBUG] [org.gradle.cache.internal.DefaultFileLockManager] Waiting to acquire shared lock on daemon addresses registry.
2026-01-06T23:28:10.278-0500 [DEBUG] [org.gradle.cache.internal.DefaultFileLockManager] Lock acquired on daemon addresses registry.
2026-01-06T23:28:10.278-0500 [DEBUG] [org.gradle.cache.internal.DefaultFileLockManager] Releasing lock on daemon addresses registry.
2026-01-06T23:28:10.279-0500 [DEBUG] [org.gradle.cache.internal.DefaultFileLockManager] Waiting to acquire shared lock on daemon addresses registry.
2026-01-06T23:28:10.279-0500 [DEBUG] [org.gradle.cache.internal.DefaultFileLockManager] Lock acquired on daemon addresses registry.
2026-01-06T23:28:10.280-0500 [DEBUG] [org.gradle.cache.internal.DefaultFileLockManager] Releasing lock on daemon addresses registry.
2026-01-06T23:28:14.307-0500 [DEBUG] [org.gradle.process.internal.health.memory.DefaultMemoryManager] 2769969561 virtual memory requested, 1975836672 free
2026-01-06T23:28:14.308-0500 [DEBUG] [org.gradle.workers.internal.WorkerDaemonExpiration] Will attempt to release 2641 of memory
2026-01-06T23:28:14.308-0500 [DEBUG] [org.gradle.process.internal.health.memory.DefaultMemoryManager] 2769969561 virtual memory requested, 0 released, 1975836672 free
2026-01-06T23:28:19.311-0500 [DEBUG] [org.gradle.process.internal.health.memory.DefaultMemoryManager] 2769969561 virtual memory requested, 2022150144 free
2026-01-06T23:28:19.311-0500 [DEBUG] [org.gradle.workers.internal.WorkerDaemonExpiration] Will attempt to release 2641 of memory
2026-01-06T23:28:19.312-0500 [DEBUG] [org.gradle.process.internal.health.memory.DefaultMemoryManager] 2769969561 virtual memory requested, 0 released, 2022150144 free
2026-01-06T23:28:20.285-0500 [DEBUG] [org.gradle.cache.internal.DefaultFileLockManager] Waiting to acquire shared lock on daemon addresses registry.
2026-01-06T23:28:20.285-0500 [DEBUG] [org.gradle.cache.internal.DefaultFileLockManager] Lock acquired on daemon addresses registry.
2026-01-06T23:28:20.285-0500 [DEBUG] [org.gradle.cache.internal.DefaultFileLockManager] Releasing lock on daemon addresses registry.
2026-01-06T23:28:20.287-0500 [DEBUG] [org.gradle.cache.internal.DefaultFileLockManager] Waiting to acquire shared lock on daemon addresses registry.
2026-01-06T23:28:20.287-0500 [DEBUG] [org.gradle.cache.internal.DefaultFileLockManager] Lock acquired on daemon addresses registry.
2026-01-06T23:28:20.288-0500 [DEBUG] [org.gradle.cache.internal.DefaultFileLockManager] Releasing lock on daemon addresses registry.
2026-01-06T23:28:20.289-0500 [DEBUG] [org.gradle.cache.internal.DefaultFileLockManager] Waiting to acquire shared lock on daemon addresses registry.
2026-01-06T23:28:20.289-0500 [DEBUG] [org.gradle.cache.internal.DefaultFileLockManager] Lock acquired on daemon addresses registry.
2026-01-06T23:28:20.290-0500 [DEBUG] [org.gradle.cache.internal.DefaultFileLockManager] Releasing lock on daemon addresses registry.
2026-01-06T23:28:24.317-0500 [DEBUG] [org.gradle.process.internal.health.memory.DefaultMemoryManager] 2769969561 virtual memory requested, 1990885376 free
2026-01-06T23:28:24.317-0500 [DEBUG] [org.gradle.workers.internal.WorkerDaemonExpiration] Will attempt to release 2641 of memory
2026-01-06T23:28:24.317-0500 [DEBUG] [org.gradle.process.internal.health.memory.DefaultMemoryManager] 2769969561 virtual memory requested, 0 released, 1990885376 free
2026-01-06T23:28:29.320-0500 [DEBUG] [org.gradle.process.internal.health.memory.DefaultMemoryManager] 2769969561 virtual memory requested, 1982439424 free
2026-01-06T23:28:29.320-0500 [DEBUG] [org.gradle.workers.internal.WorkerDaemonExpiration] Will attempt to release 2641 of memory
2026-01-06T23:28:29.320-0500 [DEBUG] [org.gradle.process.internal.health.memory.DefaultMemoryManager] 2769969561 virtual memory requested, 0 released, 1982439424 free
2026-01-06T23:28:30.278-0500 [DEBUG] [org.gradle.cache.internal.DefaultFileLockManager] Waiting to acquire shared lock on daemon addresses registry.
2026-01-06T23:28:30.278-0500 [DEBUG] [org.gradle.cache.internal.DefaultFileLockManager] Lock acquired on daemon addresses registry.
2026-01-06T23:28:30.278-0500 [DEBUG] [org.gradle.cache.internal.DefaultFileLockManager] Releasing lock on daemon addresses registry.
2026-01-06T23:28:30.279-0500 [DEBUG] [org.gradle.cache.internal.DefaultFileLockManager] Waiting to acquire shared lock on daemon addresses registry.
2026-01-06T23:28:30.279-0500 [DEBUG] [org.gradle.cache.internal.DefaultFileLockManager] Lock acquired on daemon addresses registry.
2026-01-06T23:28:30.280-0500 [DEBUG] [org.gradle.cache.internal.DefaultFileLockManager] Releasing lock on daemon addresses registry.
2026-01-06T23:28:30.281-0500 [DEBUG] [org.gradle.cache.internal.DefaultFileLockManager] Waiting to acquire shared lock on daemon addresses registry.
2026-01-06T23:28:30.281-0500 [DEBUG] [org.gradle.cache.internal.DefaultFileLockManager] Lock acquired on daemon addresses registry.
2026-01-06T23:28:30.282-0500 [DEBUG] [org.gradle.cache.internal.DefaultFileLockManager] Releasing lock on daemon addresses registry.
2026-01-06T23:28:34.308-0500 [DEBUG] [org.gradle.process.internal.health.memory.DefaultMemoryManager] 2769969561 virtual memory requested, 1963376640 free
2026-01-06T23:28:34.309-0500 [DEBUG] [org.gradle.workers.internal.WorkerDaemonExpiration] Will attempt to release 2641 of memory
2026-01-06T23:28:34.309-0500 [DEBUG] [org.gradle.process.internal.health.memory.DefaultMemoryManager] 2769969561 virtual memory requested, 0 released, 1963376640 free
2026-01-06T23:28:39.322-0500 [DEBUG] [org.gradle.process.internal.health.memory.DefaultMemoryManager] 2769969561 virtual memory requested, 1990909952 free
2026-01-06T23:28:39.323-0500 [DEBUG] [org.gradle.workers.internal.WorkerDaemonExpiration] Will attempt to release 2641 of memory
2026-01-06T23:28:39.323-0500 [DEBUG] [org.gradle.process.internal.health.memory.DefaultMemoryManager] 2769969561 virtual memory requested, 0 released, 1990909952 free
2026-01-06T23:28:40.278-0500 [DEBUG] [org.gradle.cache.internal.DefaultFileLockManager] Waiting to acquire shared lock on daemon addresses registry.
2026-01-06T23:28:40.278-0500 [DEBUG] [org.gradle.cache.internal.DefaultFileLockManager] Lock acquired on daemon addresses registry.
2026-01-06T23:28:40.278-0500 [DEBUG] [org.gradle.cache.internal.DefaultFileLockManager] Releasing lock on daemon addresses registry.
2026-01-06T23:28:40.280-0500 [DEBUG] [org.gradle.cache.internal.DefaultFileLockManager] Waiting to acquire shared lock on daemon addresses registry.
2026-01-06T23:28:40.280-0500 [DEBUG] [org.gradle.cache.internal.DefaultFileLockManager] Lock acquired on daemon addresses registry.
2026-01-06T23:28:40.280-0500 [DEBUG] [org.gradle.cache.internal.DefaultFileLockManager] Releasing lock on daemon addresses registry.
2026-01-06T23:28:40.281-0500 [DEBUG] [org.gradle.cache.internal.DefaultFileLockManager] Waiting to acquire shared lock on daemon addresses registry.
2026-01-06T23:28:40.281-0500 [DEBUG] [org.gradle.cache.internal.DefaultFileLockManager] Lock acquired on daemon addresses registry.
2026-01-06T23:28:40.281-0500 [DEBUG] [org.gradle.cache.internal.DefaultFileLockManager] Releasing lock on daemon addresses registry.
2026-01-06T23:28:44.311-0500 [DEBUG] [org.gradle.process.internal.health.memory.DefaultMemoryManager] 2769969561 virtual memory requested, 1985998848 free
2026-01-06T23:28:44.311-0500 [DEBUG] [org.gradle.workers.internal.WorkerDaemonExpiration] Will attempt to release 2641 of memory
2026-01-06T23:28:44.311-0500 [DEBUG] [org.gradle.process.internal.health.memory.DefaultMemoryManager] 2769969561 virtual memory requested, 0 released, 1985998848 free
2026-01-06T23:28:49.312-0500 [DEBUG] [org.gradle.process.internal.health.memory.DefaultMemoryManager] 2769969561 virtual memory requested, 1992622080 free
2026-01-06T23:28:49.312-0500 [DEBUG] [org.gradle.workers.internal.WorkerDaemonExpiration] Will attempt to release 2641 of memory
2026-01-06T23:28:49.312-0500 [DEBUG] [org.gradle.process.internal.health.memory.DefaultMemoryManager] 2769969561 virtual memory requested, 0 released, 1992622080 free
2026-01-06T23:28:50.288-0500 [DEBUG] [org.gradle.cache.internal.DefaultFileLockManager] Waiting to acquire shared lock on daemon addresses registry.
2026-01-06T23:28:50.288-0500 [DEBUG] [org.gradle.cache.internal.DefaultFileLockManager] Lock acquired on daemon addresses registry.
2026-01-06T23:28:50.289-0500 [DEBUG] [org.gradle.cache.internal.DefaultFileLockManager] Releasing lock on daemon addresses registry.
2026-01-06T23:28:50.290-0500 [DEBUG] [org.gradle.cache.internal.DefaultFileLockManager] Waiting to acquire shared lock on daemon addresses registry.
2026-01-06T23:28:50.290-0500 [DEBUG] [org.gradle.cache.internal.DefaultFileLockManager] Lock acquired on daemon addresses registry.
2026-01-06T23:28:50.290-0500 [DEBUG] [org.gradle.cache.internal.DefaultFileLockManager] Releasing lock on daemon addresses registry.
2026-01-06T23:28:50.291-0500 [DEBUG] [org.gradle.cache.internal.DefaultFileLockManager] Waiting to acquire shared lock on daemon addresses registry.
2026-01-06T23:28:50.291-0500 [DEBUG] [org.gradle.cache.internal.DefaultFileLockManager] Lock acquired on daemon addresses registry.
2026-01-06T23:28:50.292-0500 [DEBUG] [org.gradle.cache.internal.DefaultFileLockManager] Releasing lock on daemon addresses registry.
2026-01-06T23:28:54.320-0500 [DEBUG] [org.gradle.process.internal.health.memory.DefaultMemoryManager] 2769969561 virtual memory requested, 1982230528 free
2026-01-06T23:28:54.320-0500 [DEBUG] [org.gradle.workers.internal.WorkerDaemonExpiration] Will attempt to release 2641 of memory
2026-01-06T23:28:54.320-0500 [DEBUG] [org.gradle.process.internal.health.memory.DefaultMemoryManager] 2769969561 virtual memory requested, 0 released, 1982230528 free
2026-01-06T23:28:59.313-0500 [DEBUG] [org.gradle.process.internal.health.memory.DefaultMemoryManager] 2769969561 virtual memory requested, 1986064384 free
2026-01-06T23:28:59.313-0500 [DEBUG] [org.gradle.workers.internal.WorkerDaemonExpiration] Will attempt to release 2641 of memory
2026-01-06T23:28:59.313-0500 [DEBUG] [org.gradle.process.internal.health.memory.DefaultMemoryManager] 2769969561 virtual memory requested, 0 released, 1986064384 free
2026-01-06T23:29:00.283-0500 [DEBUG] [org.gradle.cache.internal.DefaultFileLockManager] Waiting to acquire shared lock on daemon addresses registry.
2026-01-06T23:29:00.284-0500 [DEBUG] [org.gradle.cache.internal.DefaultFileLockManager] Lock acquired on daemon addresses registry.
2026-01-06T23:29:00.284-0500 [DEBUG] [org.gradle.cache.internal.DefaultFileLockManager] Releasing lock on daemon addresses registry.
2026-01-06T23:29:00.286-0500 [DEBUG] [org.gradle.cache.internal.DefaultFileLockManager] Waiting to acquire shared lock on daemon addresses registry.
2026-01-06T23:29:00.286-0500 [DEBUG] [org.gradle.cache.internal.DefaultFileLockManager] Lock acquired on daemon addresses registry.
2026-01-06T23:29:00.286-0500 [DEBUG] [org.gradle.cache.internal.DefaultFileLockManager] Releasing lock on daemon addresses registry.
2026-01-06T23:29:00.287-0500 [DEBUG] [org.gradle.cache.internal.DefaultFileLockManager] Waiting to acquire shared lock on daemon addresses registry.
2026-01-06T23:29:00.287-0500 [DEBUG] [org.gradle.cache.internal.DefaultFileLockManager] Lock acquired on daemon addresses registry.
2026-01-06T23:29:00.287-0500 [DEBUG] [org.gradle.cache.internal.DefaultFileLockManager] Releasing lock on daemon addresses registry.
2026-01-06T23:29:04.323-0500 [DEBUG] [org.gradle.process.internal.health.memory.DefaultMemoryManager] 2769969561 virtual memory requested, 1991122944 free
2026-01-06T23:29:04.323-0500 [DEBUG] [org.gradle.workers.internal.WorkerDaemonExpiration] Will attempt to release 2641 of memory
2026-01-06T23:29:04.324-0500 [DEBUG] [org.gradle.process.internal.health.memory.DefaultMemoryManager] 2769969561 virtual memory requested, 0 released, 1991122944 free
2026-01-06T23:29:09.326-0500 [DEBUG] [org.gradle.process.internal.health.memory.DefaultMemoryManager] 2769969561 virtual memory requested, 2053267456 free
2026-01-06T23:29:09.327-0500 [DEBUG] [org.gradle.workers.internal.WorkerDaemonExpiration] Will attempt to release 2641 of memory
2026-01-06T23:29:09.327-0500 [DEBUG] [org.gradle.process.internal.health.memory.DefaultMemoryManager] 2769969561 virtual memory requested, 0 released, 2053267456 free
2026-01-06T23:29:10.289-0500 [DEBUG] [org.gradle.cache.internal.DefaultFileLockManager] Waiting to acquire shared lock on daemon addresses registry.
2026-01-06T23:29:10.289-0500 [DEBUG] [org.gradle.cache.internal.DefaultFileLockManager] Lock acquired on daemon addresses registry.
2026-01-06T23:29:10.289-0500 [DEBUG] [org.gradle.cache.internal.DefaultFileLockManager] Releasing lock on daemon addresses registry.
2026-01-06T23:29:10.290-0500 [DEBUG] [org.gradle.cache.internal.DefaultFileLockManager] Waiting to acquire shared lock on daemon addresses registry.
2026-01-06T23:29:10.291-0500 [DEBUG] [org.gradle.cache.internal.DefaultFileLockManager] Lock acquired on daemon addresses registry.
2026-01-06T23:29:10.291-0500 [DEBUG] [org.gradle.cache.internal.DefaultFileLockManager] Releasing lock on daemon addresses registry.
2026-01-06T23:29:10.292-0500 [DEBUG] [org.gradle.cache.internal.DefaultFileLockManager] Waiting to acquire shared lock on daemon addresses registry.
2026-01-06T23:29:10.292-0500 [DEBUG] [org.gradle.cache.internal.DefaultFileLockManager] Lock acquired on daemon addresses registry.
2026-01-06T23:29:10.292-0500 [DEBUG] [org.gradle.cache.internal.DefaultFileLockManager] Releasing lock on daemon addresses registry.
2026-01-06T23:29:14.326-0500 [DEBUG] [org.gradle.process.internal.health.memory.DefaultMemoryManager] 2769969561 virtual memory requested, 2047582208 free
2026-01-06T23:29:14.326-0500 [DEBUG] [org.gradle.workers.internal.WorkerDaemonExpiration] Will attempt to release 2641 of memory
2026-01-06T23:29:14.327-0500 [DEBUG] [org.gradle.process.internal.health.memory.DefaultMemoryManager] 2769969561 virtual memory requested, 0 released, 2047582208 free
2026-01-06T23:29:19.320-0500 [DEBUG] [org.gradle.process.internal.health.memory.DefaultMemoryManager] 2769969561 virtual memory requested, 2046869504 free
2026-01-06T23:29:19.320-0500 [DEBUG] [org.gradle.workers.internal.WorkerDaemonExpiration] Will attempt to release 2641 of memory
2026-01-06T23:29:19.320-0500 [DEBUG] [org.gradle.process.internal.health.memory.DefaultMemoryManager] 2769969561 virtual memory requested, 0 released, 2046869504 free
2026-01-06T23:29:20.285-0500 [DEBUG] [org.gradle.cache.internal.DefaultFileLockManager] Waiting to acquire shared lock on daemon addresses registry.
2026-01-06T23:29:20.285-0500 [DEBUG] [org.gradle.cache.internal.DefaultFileLockManager] Lock acquired on daemon addresses registry.
2026-01-06T23:29:20.286-0500 [DEBUG] [org.gradle.cache.internal.DefaultFileLockManager] Releasing lock on daemon addresses registry.
2026-01-06T23:29:20.287-0500 [DEBUG] [org.gradle.cache.internal.DefaultFileLockManager] Waiting to acquire shared lock on daemon addresses registry.
2026-01-06T23:29:20.287-0500 [DEBUG] [org.gradle.cache.internal.DefaultFileLockManager] Lock acquired on daemon addresses registry.
2026-01-06T23:29:20.287-0500 [DEBUG] [org.gradle.cache.internal.DefaultFileLockManager] Releasing lock on daemon addresses registry.
2026-01-06T23:29:20.288-0500 [DEBUG] [org.gradle.cache.internal.DefaultFileLockManager] Waiting to acquire shared lock on daemon addresses registry.
2026-01-06T23:29:20.288-0500 [DEBUG] [org.gradle.cache.internal.DefaultFileLockManager] Lock acquired on daemon addresses registry.
2026-01-06T23:29:20.288-0500 [DEBUG] [org.gradle.cache.internal.DefaultFileLockManager] Releasing lock on daemon addresses registry.
2026-01-06T23:29:24.323-0500 [DEBUG] [org.gradle.process.internal.health.memory.DefaultMemoryManager] 2769969561 virtual memory requested, 1782079488 free
2026-01-06T23:29:24.324-0500 [DEBUG] [org.gradle.workers.internal.WorkerDaemonExpiration] Will attempt to release 2641 of memory
2026-01-06T23:29:24.324-0500 [DEBUG] [org.gradle.process.internal.health.memory.DefaultMemoryManager] 2769969561 virtual memory requested, 0 released, 1782079488 free
2026-01-06T23:29:29.330-0500 [DEBUG] [org.gradle.process.internal.health.memory.DefaultMemoryManager] 2769969561 virtual memory requested, 1822269440 free
2026-01-06T23:29:29.330-0500 [DEBUG] [org.gradle.workers.internal.WorkerDaemonExpiration] Will attempt to release 2641 of memory
2026-01-06T23:29:29.330-0500 [DEBUG] [org.gradle.process.internal.health.memory.DefaultMemoryManager] 2769969561 virtual memory requested, 0 released, 1822269440 free
2026-01-06T23:29:30.284-0500 [DEBUG] [org.gradle.cache.internal.DefaultFileLockManager] Waiting to acquire shared lock on daemon addresses registry.
2026-01-06T23:29:30.285-0500 [DEBUG] [org.gradle.cache.internal.DefaultFileLockManager] Lock acquired on daemon addresses registry.
2026-01-06T23:29:30.285-0500 [DEBUG] [org.gradle.cache.internal.DefaultFileLockManager] Releasing lock on daemon addresses registry.
2026-01-06T23:29:30.286-0500 [DEBUG] [org.gradle.cache.internal.DefaultFileLockManager] Waiting to acquire shared lock on daemon addresses registry.
2026-01-06T23:29:30.287-0500 [DEBUG] [org.gradle.cache.internal.DefaultFileLockManager] Lock acquired on daemon addresses registry.
2026-01-06T23:29:30.287-0500 [DEBUG] [org.gradle.cache.internal.DefaultFileLockManager] Releasing lock on daemon addresses registry.
2026-01-06T23:29:30.287-0500 [DEBUG] [org.gradle.cache.internal.DefaultFileLockManager] Waiting to acquire shared lock on daemon addresses registry.
2026-01-06T23:29:30.288-0500 [DEBUG] [org.gradle.cache.internal.DefaultFileLockManager] Lock acquired on daemon addresses registry.
2026-01-06T23:29:30.288-0500 [DEBUG] [org.gradle.cache.internal.DefaultFileLockManager] Releasing lock on daemon addresses registry.
2026-01-06T23:29:34.324-0500 [DEBUG] [org.gradle.process.internal.health.memory.DefaultMemoryManager] 2769969561 virtual memory requested, 1809563648 free
2026-01-06T23:29:34.324-0500 [DEBUG] [org.gradle.workers.internal.WorkerDaemonExpiration] Will attempt to release 2641 of memory
2026-01-06T23:29:34.324-0500 [DEBUG] [org.gradle.process.internal.health.memory.DefaultMemoryManager] 2769969561 virtual memory requested, 0 released, 1809563648 free
2026-01-06T23:29:39.318-0500 [DEBUG] [org.gradle.process.internal.health.memory.DefaultMemoryManager] 2769969561 virtual memory requested, 1830658048 free
2026-01-06T23:29:39.319-0500 [DEBUG] [org.gradle.workers.internal.WorkerDaemonExpiration] Will attempt to release 2641 of memory
2026-01-06T23:29:39.319-0500 [DEBUG] [org.gradle.process.internal.health.memory.DefaultMemoryManager] 2769969561 virtual memory requested, 0 released, 1830658048 free
2026-01-06T23:29:40.285-0500 [DEBUG] [org.gradle.cache.internal.DefaultFileLockManager] Waiting to acquire shared lock on daemon addresses registry.
2026-01-06T23:29:40.285-0500 [DEBUG] [org.gradle.cache.internal.DefaultFileLockManager] Lock acquired on daemon addresses registry.
2026-01-06T23:29:40.286-0500 [DEBUG] [org.gradle.cache.internal.DefaultFileLockManager] Releasing lock on daemon addresses registry.
2026-01-06T23:29:40.287-0500 [DEBUG] [org.gradle.cache.internal.DefaultFileLockManager] Waiting to acquire shared lock on daemon addresses registry.
2026-01-06T23:29:40.287-0500 [DEBUG] [org.gradle.cache.internal.DefaultFileLockManager] Lock acquired on daemon addresses registry.
2026-01-06T23:29:40.287-0500 [DEBUG] [org.gradle.cache.internal.DefaultFileLockManager] Releasing lock on daemon addresses registry.
2026-01-06T23:29:40.288-0500 [DEBUG] [org.gradle.cache.internal.DefaultFileLockManager] Waiting to acquire shared lock on daemon addresses registry.
2026-01-06T23:29:40.288-0500 [DEBUG] [org.gradle.cache.internal.DefaultFileLockManager] Lock acquired on daemon addresses registry.
2026-01-06T23:29:40.288-0500 [DEBUG] [org.gradle.cache.internal.DefaultFileLockManager] Releasing lock on daemon addresses registry.
2026-01-06T23:29:44.321-0500 [DEBUG] [org.gradle.process.internal.health.memory.DefaultMemoryManager] 2769969561 virtual memory requested, 1842384896 free
2026-01-06T23:29:44.321-0500 [DEBUG] [org.gradle.workers.internal.WorkerDaemonExpiration] Will attempt to release 2641 of memory
2026-01-06T23:29:44.321-0500 [DEBUG] [org.gradle.process.internal.health.memory.DefaultMemoryManager] 2769969561 virtual memory requested, 0 released, 1842384896 free
2026-01-06T23:29:49.321-0500 [DEBUG] [org.gradle.process.internal.health.memory.DefaultMemoryManager] 2769969561 virtual memory requested, 1847947264 free
2026-01-06T23:29:49.321-0500 [DEBUG] [org.gradle.workers.internal.WorkerDaemonExpiration] Will attempt to release 2641 of memory
2026-01-06T23:29:49.321-0500 [DEBUG] [org.gradle.process.internal.health.memory.DefaultMemoryManager] 2769969561 virtual memory requested, 0 released, 1847947264 free
2026-01-06T23:29:50.292-0500 [DEBUG] [org.gradle.cache.internal.DefaultFileLockManager] Waiting to acquire shared lock on daemon addresses registry.
2026-01-06T23:29:50.293-0500 [DEBUG] [org.gradle.cache.internal.DefaultFileLockManager] Lock acquired on daemon addresses registry.
2026-01-06T23:29:50.293-0500 [DEBUG] [org.gradle.cache.internal.DefaultFileLockManager] Releasing lock on daemon addresses registry.
2026-01-06T23:29:50.295-0500 [DEBUG] [org.gradle.cache.internal.DefaultFileLockManager] Waiting to acquire shared lock on daemon addresses registry.
2026-01-06T23:29:50.295-0500 [DEBUG] [org.gradle.cache.internal.DefaultFileLockManager] Lock acquired on daemon addresses registry.
2026-01-06T23:29:50.295-0500 [DEBUG] [org.gradle.cache.internal.DefaultFileLockManager] Releasing lock on daemon addresses registry.
2026-01-06T23:29:50.296-0500 [DEBUG] [org.gradle.cache.internal.DefaultFileLockManager] Waiting to acquire shared lock on daemon addresses registry.
2026-01-06T23:29:50.296-0500 [DEBUG] [org.gradle.cache.internal.DefaultFileLockManager] Lock acquired on daemon addresses registry.
2026-01-06T23:29:50.297-0500 [DEBUG] [org.gradle.cache.internal.DefaultFileLockManager] Releasing lock on daemon addresses registry.
2026-01-06T23:29:54.334-0500 [DEBUG] [org.gradle.process.internal.health.memory.DefaultMemoryManager] 2769969561 virtual memory requested, 1784999936 free
2026-01-06T23:29:54.334-0500 [DEBUG] [org.gradle.workers.internal.WorkerDaemonExpiration] Will attempt to release 2641 of memory
2026-01-06T23:29:54.334-0500 [DEBUG] [org.gradle.process.internal.health.memory.DefaultMemoryManager] 2769969561 virtual memory requested, 0 released, 1784999936 free
2026-01-06T23:29:59.334-0500 [DEBUG] [org.gradle.process.internal.health.memory.DefaultMemoryManager] 2769969561 virtual memory requested, 1768841216 free
2026-01-06T23:29:59.334-0500 [DEBUG] [org.gradle.workers.internal.WorkerDaemonExpiration] Will attempt to release 2641 of memory
2026-01-06T23:29:59.334-0500 [DEBUG] [org.gradle.process.internal.health.memory.DefaultMemoryManager] 2769969561 virtual memory requested, 0 released, 1768841216 free
2026-01-06T23:30:00.290-0500 [DEBUG] [org.gradle.cache.internal.DefaultFileLockManager] Waiting to acquire shared lock on daemon addresses registry.
2026-01-06T23:30:00.291-0500 [DEBUG] [org.gradle.cache.internal.DefaultFileLockManager] Lock acquired on daemon addresses registry.
2026-01-06T23:30:00.291-0500 [DEBUG] [org.gradle.cache.internal.DefaultFileLockManager] Releasing lock on daemon addresses registry.
2026-01-06T23:30:00.292-0500 [DEBUG] [org.gradle.cache.internal.DefaultFileLockManager] Waiting to acquire shared lock on daemon addresses registry.
2026-01-06T23:30:00.292-0500 [DEBUG] [org.gradle.cache.internal.DefaultFileLockManager] Lock acquired on daemon addresses registry.
2026-01-06T23:30:00.292-0500 [DEBUG] [org.gradle.cache.internal.DefaultFileLockManager] Releasing lock on daemon addresses registry.
2026-01-06T23:30:00.293-0500 [DEBUG] [org.gradle.cache.internal.DefaultFileLockManager] Waiting to acquire shared lock on daemon addresses registry.
2026-01-06T23:30:00.293-0500 [DEBUG] [org.gradle.cache.internal.DefaultFileLockManager] Lock acquired on daemon addresses registry.
2026-01-06T23:30:00.293-0500 [DEBUG] [org.gradle.cache.internal.DefaultFileLockManager] Releasing lock on daemon addresses registry.
2026-01-06T23:30:04.328-0500 [DEBUG] [org.gradle.process.internal.health.memory.DefaultMemoryManager] 2769969561 virtual memory requested, 1859612672 free
2026-01-06T23:30:04.329-0500 [DEBUG] [org.gradle.workers.internal.WorkerDaemonExpiration] Will attempt to release 2641 of memory
2026-01-06T23:30:04.329-0500 [DEBUG] [org.gradle.process.internal.health.memory.DefaultMemoryManager] 2769969561 virtual memory requested, 0 released, 1859612672 free
2026-01-06T23:30:09.331-0500 [DEBUG] [org.gradle.process.internal.health.memory.DefaultMemoryManager] 2769969561 virtual memory requested, 1823248384 free
2026-01-06T23:30:09.331-0500 [DEBUG] [org.gradle.workers.internal.WorkerDaemonExpiration] Will attempt to release 2641 of memory
2026-01-06T23:30:09.331-0500 [DEBUG] [org.gradle.process.internal.health.memory.DefaultMemoryManager] 2769969561 virtual memory requested, 0 released, 1823248384 free
2026-01-06T23:30:10.289-0500 [DEBUG] [org.gradle.cache.internal.DefaultFileLockManager] Waiting to acquire shared lock on daemon addresses registry.
2026-01-06T23:30:10.289-0500 [DEBUG] [org.gradle.cache.internal.DefaultFileLockManager] Lock acquired on daemon addresses registry.
2026-01-06T23:30:10.289-0500 [DEBUG] [org.gradle.cache.internal.DefaultFileLockManager] Releasing lock on daemon addresses registry.
2026-01-06T23:30:10.290-0500 [DEBUG] [org.gradle.cache.internal.DefaultFileLockManager] Waiting to acquire shared lock on daemon addresses registry.
2026-01-06T23:30:10.291-0500 [DEBUG] [org.gradle.cache.internal.DefaultFileLockManager] Lock acquired on daemon addresses registry.
2026-01-06T23:30:10.291-0500 [DEBUG] [org.gradle.cache.internal.DefaultFileLockManager] Releasing lock on daemon addresses registry.
2026-01-06T23:30:10.292-0500 [DEBUG] [org.gradle.cache.internal.DefaultFileLockManager] Waiting to acquire shared lock on daemon addresses registry.
2026-01-06T23:30:10.292-0500 [DEBUG] [org.gradle.cache.internal.DefaultFileLockManager] Lock acquired on daemon addresses registry.
2026-01-06T23:30:10.292-0500 [DEBUG] [org.gradle.cache.internal.DefaultFileLockManager] Releasing lock on daemon addresses registry.
2026-01-06T23:30:14.332-0500 [DEBUG] [org.gradle.process.internal.health.memory.DefaultMemoryManager] 2769969561 virtual memory requested, 1828732928 free
2026-01-06T23:30:14.332-0500 [DEBUG] [org.gradle.workers.internal.WorkerDaemonExpiration] Will attempt to release 2641 of memory
2026-01-06T23:30:14.332-0500 [DEBUG] [org.gradle.process.internal.health.memory.DefaultMemoryManager] 2769969561 virtual memory requested, 0 released, 1828732928 free
2026-01-06T23:30:19.329-0500 [DEBUG] [org.gradle.process.internal.health.memory.DefaultMemoryManager] 2769969561 virtual memory requested, 1827233792 free
2026-01-06T23:30:19.329-0500 [DEBUG] [org.gradle.workers.internal.WorkerDaemonExpiration] Will attempt to release 2641 of memory
2026-01-06T23:30:19.329-0500 [DEBUG] [org.gradle.process.internal.health.memory.DefaultMemoryManager] 2769969561 virtual memory requested, 0 released, 1827233792 free
2026-01-06T23:30:20.289-0500 [DEBUG] [org.gradle.cache.internal.DefaultFileLockManager] Waiting to acquire shared lock on daemon addresses registry.
2026-01-06T23:30:20.289-0500 [DEBUG] [org.gradle.cache.internal.DefaultFileLockManager] Lock acquired on daemon addresses registry.
2026-01-06T23:30:20.290-0500 [DEBUG] [org.gradle.cache.internal.DefaultFileLockManager] Releasing lock on daemon addresses registry.
2026-01-06T23:30:20.291-0500 [DEBUG] [org.gradle.cache.internal.DefaultFileLockManager] Waiting to acquire shared lock on daemon addresses registry.
2026-01-06T23:30:20.291-0500 [DEBUG] [org.gradle.cache.internal.DefaultFileLockManager] Lock acquired on daemon addresses registry.
2026-01-06T23:30:20.291-0500 [DEBUG] [org.gradle.cache.internal.DefaultFileLockManager] Releasing lock on daemon addresses registry.
2026-01-06T23:30:20.292-0500 [DEBUG] [org.gradle.cache.internal.DefaultFileLockManager] Waiting to acquire shared lock on daemon addresses registry.
2026-01-06T23:30:20.292-0500 [DEBUG] [org.gradle.cache.internal.DefaultFileLockManager] Lock acquired on daemon addresses registry.
2026-01-06T23:30:20.292-0500 [DEBUG] [org.gradle.cache.internal.DefaultFileLockManager] Releasing lock on daemon addresses registry.
2026-01-06T23:30:24.325-0500 [DEBUG] [org.gradle.process.internal.health.memory.DefaultMemoryManager] 2769969561 virtual memory requested, 1842749440 free
2026-01-06T23:30:24.325-0500 [DEBUG] [org.gradle.workers.internal.WorkerDaemonExpiration] Will attempt to release 2641 of memory
2026-01-06T23:30:24.325-0500 [DEBUG] [org.gradle.process.internal.health.memory.DefaultMemoryManager] 2769969561 virtual memory requested, 0 released, 1842749440 free
2026-01-06T23:30:29.337-0500 [DEBUG] [org.gradle.process.internal.health.memory.DefaultMemoryManager] 2769969561 virtual memory requested, 1832026112 free
2026-01-06T23:30:29.337-0500 [DEBUG] [org.gradle.workers.internal.WorkerDaemonExpiration] Will attempt to release 2641 of memory
2026-01-06T23:30:29.338-0500 [DEBUG] [org.gradle.process.internal.health.memory.DefaultMemoryManager] 2769969561 virtual memory requested, 0 released, 1832026112 free
2026-01-06T23:30:30.298-0500 [DEBUG] [org.gradle.cache.internal.DefaultFileLockManager] Waiting to acquire shared lock on daemon addresses registry.
2026-01-06T23:30:30.298-0500 [DEBUG] [org.gradle.cache.internal.DefaultFileLockManager] Lock acquired on daemon addresses registry.
2026-01-06T23:30:30.298-0500 [DEBUG] [org.gradle.cache.internal.DefaultFileLockManager] Releasing lock on daemon addresses registry.
2026-01-06T23:30:30.300-0500 [DEBUG] [org.gradle.cache.internal.DefaultFileLockManager] Waiting to acquire shared lock on daemon addresses registry.
2026-01-06T23:30:30.300-0500 [DEBUG] [org.gradle.cache.internal.DefaultFileLockManager] Lock acquired on daemon addresses registry.
2026-01-06T23:30:30.300-0500 [DEBUG] [org.gradle.cache.internal.DefaultFileLockManager] Releasing lock on daemon addresses registry.
2026-01-06T23:30:30.301-0500 [DEBUG] [org.gradle.cache.internal.DefaultFileLockManager] Waiting to acquire shared lock on daemon addresses registry.
2026-01-06T23:30:30.301-0500 [DEBUG] [org.gradle.cache.internal.DefaultFileLockManager] Lock acquired on daemon addresses registry.
2026-01-06T23:30:30.302-0500 [DEBUG] [org.gradle.cache.internal.DefaultFileLockManager] Releasing lock on daemon addresses registry.
2026-01-06T23:30:34.330-0500 [DEBUG] [org.gradle.process.internal.health.memory.DefaultMemoryManager] 2769969561 virtual memory requested, 1743654912 free
2026-01-06T23:30:34.330-0500 [DEBUG] [org.gradle.workers.internal.WorkerDaemonExpiration] Will attempt to release 2641 of memory
2026-01-06T23:30:34.330-0500 [DEBUG] [org.gradle.process.internal.health.memory.DefaultMemoryManager] 2769969561 virtual memory requested, 0 released, 1743654912 free
2026-01-06T23:30:39.338-0500 [DEBUG] [org.gradle.process.internal.health.memory.DefaultMemoryManager] 2769969561 virtual memory requested, 1818587136 free
2026-01-06T23:30:39.339-0500 [DEBUG] [org.gradle.workers.internal.WorkerDaemonExpiration] Will attempt to release 2641 of memory
2026-01-06T23:30:39.339-0500 [DEBUG] [org.gradle.process.internal.health.memory.DefaultMemoryManager] 2769969561 virtual memory requested, 0 released, 1818587136 free
2026-01-06T23:30:40.293-0500 [DEBUG] [org.gradle.cache.internal.DefaultFileLockManager] Waiting to acquire shared lock on daemon addresses registry.
2026-01-06T23:30:40.293-0500 [DEBUG] [org.gradle.cache.internal.DefaultFileLockManager] Lock acquired on daemon addresses registry.
2026-01-06T23:30:40.294-0500 [DEBUG] [org.gradle.cache.internal.DefaultFileLockManager] Releasing lock on daemon addresses registry.
2026-01-06T23:30:40.295-0500 [DEBUG] [org.gradle.cache.internal.DefaultFileLockManager] Waiting to acquire shared lock on daemon addresses registry.
2026-01-06T23:30:40.295-0500 [DEBUG] [org.gradle.cache.internal.DefaultFileLockManager] Lock acquired on daemon addresses registry.
2026-01-06T23:30:40.295-0500 [DEBUG] [org.gradle.cache.internal.DefaultFileLockManager] Releasing lock on daemon addresses registry.
2026-01-06T23:30:40.296-0500 [DEBUG] [org.gradle.cache.internal.DefaultFileLockManager] Waiting to acquire shared lock on daemon addresses registry.
2026-01-06T23:30:40.296-0500 [DEBUG] [org.gradle.cache.internal.DefaultFileLockManager] Lock acquired on daemon addresses registry.
2026-01-06T23:30:40.296-0500 [DEBUG] [org.gradle.cache.internal.DefaultFileLockManager] Releasing lock on daemon addresses registry.
2026-01-06T23:30:44.326-0500 [DEBUG] [org.gradle.process.internal.health.memory.DefaultMemoryManager] 2769969561 virtual memory requested, 1852989440 free
2026-01-06T23:30:44.326-0500 [DEBUG] [org.gradle.workers.internal.WorkerDaemonExpiration] Will attempt to release 2641 of memory
2026-01-06T23:30:44.326-0500 [DEBUG] [org.gradle.process.internal.health.memory.DefaultMemoryManager] 2769969561 virtual memory requested, 0 released, 1852989440 free
2026-01-06T23:30:49.331-0500 [DEBUG] [org.gradle.process.internal.health.memory.DefaultMemoryManager] 2769969561 virtual memory requested, 1821528064 free
2026-01-06T23:30:49.331-0500 [DEBUG] [org.gradle.workers.internal.WorkerDaemonExpiration] Will attempt to release 2641 of memory
2026-01-06T23:30:49.331-0500 [DEBUG] [org.gradle.process.internal.health.memory.DefaultMemoryManager] 2769969561 virtual memory requested, 0 released, 1821528064 free
2026-01-06T23:30:50.304-0500 [DEBUG] [org.gradle.cache.internal.DefaultFileLockManager] Waiting to acquire shared lock on daemon addresses registry.
2026-01-06T23:30:50.304-0500 [DEBUG] [org.gradle.cache.internal.DefaultFileLockManager] Lock acquired on daemon addresses registry.
2026-01-06T23:30:50.304-0500 [DEBUG] [org.gradle.cache.internal.DefaultFileLockManager] Releasing lock on daemon addresses registry.
2026-01-06T23:30:50.306-0500 [DEBUG] [org.gradle.cache.internal.DefaultFileLockManager] Waiting to acquire shared lock on daemon addresses registry.
2026-01-06T23:30:50.306-0500 [DEBUG] [org.gradle.cache.internal.DefaultFileLockManager] Lock acquired on daemon addresses registry.
2026-01-06T23:30:50.306-0500 [DEBUG] [org.gradle.cache.internal.DefaultFileLockManager] Releasing lock on daemon addresses registry.
2026-01-06T23:30:50.307-0500 [DEBUG] [org.gradle.cache.internal.DefaultFileLockManager] Waiting to acquire shared lock on daemon addresses registry.
2026-01-06T23:30:50.308-0500 [DEBUG] [org.gradle.cache.internal.DefaultFileLockManager] Lock acquired on daemon addresses registry.
2026-01-06T23:30:50.308-0500 [DEBUG] [org.gradle.cache.internal.DefaultFileLockManager] Releasing lock on daemon addresses registry.
2026-01-06T23:30:54.327-0500 [DEBUG] [org.gradle.process.internal.health.memory.DefaultMemoryManager] 2769969561 virtual memory requested, 1816780800 free
2026-01-06T23:30:54.327-0500 [DEBUG] [org.gradle.workers.internal.WorkerDaemonExpiration] Will attempt to release 2641 of memory
2026-01-06T23:30:54.327-0500 [DEBUG] [org.gradle.process.internal.health.memory.DefaultMemoryManager] 2769969561 virtual memory requested, 0 released, 1816780800 free
2026-01-06T23:30:59.337-0500 [DEBUG] [org.gradle.process.internal.health.memory.DefaultMemoryManager] 2769969561 virtual memory requested, 1808228352 free
2026-01-06T23:30:59.337-0500 [DEBUG] [org.gradle.workers.internal.WorkerDaemonExpiration] Will attempt to release 2641 of memory
2026-01-06T23:30:59.337-0500 [DEBUG] [org.gradle.process.internal.health.memory.DefaultMemoryManager] 2769969561 virtual memory requested, 0 released, 1808228352 free
2026-01-06T23:31:00.300-0500 [DEBUG] [org.gradle.cache.internal.DefaultFileLockManager] Waiting to acquire shared lock on daemon addresses registry.
2026-01-06T23:31:00.300-0500 [DEBUG] [org.gradle.cache.internal.DefaultFileLockManager] Lock acquired on daemon addresses registry.
2026-01-06T23:31:00.301-0500 [DEBUG] [org.gradle.cache.internal.DefaultFileLockManager] Releasing lock on daemon addresses registry.
2026-01-06T23:31:00.302-0500 [DEBUG] [org.gradle.cache.internal.DefaultFileLockManager] Waiting to acquire shared lock on daemon addresses registry.
2026-01-06T23:31:00.302-0500 [DEBUG] [org.gradle.cache.internal.DefaultFileLockManager] Lock acquired on daemon addresses registry.
2026-01-06T23:31:00.303-0500 [DEBUG] [org.gradle.cache.internal.DefaultFileLockManager] Releasing lock on daemon addresses registry.
2026-01-06T23:31:00.304-0500 [DEBUG] [org.gradle.cache.internal.DefaultFileLockManager] Waiting to acquire shared lock on daemon addresses registry.
2026-01-06T23:31:00.304-0500 [DEBUG] [org.gradle.cache.internal.DefaultFileLockManager] Lock acquired on daemon addresses registry.
2026-01-06T23:31:00.304-0500 [DEBUG] [org.gradle.cache.internal.DefaultFileLockManager] Releasing lock on daemon addresses registry.
2026-01-06T23:31:04.338-0500 [DEBUG] [org.gradle.process.internal.health.memory.DefaultMemoryManager] 2769969561 virtual memory requested, 1815085056 free
2026-01-06T23:31:04.338-0500 [DEBUG] [org.gradle.workers.internal.WorkerDaemonExpiration] Will attempt to release 2641 of memory
2026-01-06T23:31:04.338-0500 [DEBUG] [org.gradle.process.internal.health.memory.DefaultMemoryManager] 2769969561 virtual memory requested, 0 released, 1815085056 free
2026-01-06T23:31:09.336-0500 [DEBUG] [org.gradle.process.internal.health.memory.DefaultMemoryManager] 2769969561 virtual memory requested, 1811542016 free
2026-01-06T23:31:09.336-0500 [DEBUG] [org.gradle.workers.internal.WorkerDaemonExpiration] Will attempt to release 2641 of memory
2026-01-06T23:31:09.336-0500 [DEBUG] [org.gradle.process.internal.health.memory.DefaultMemoryManager] 2769969561 virtual memory requested, 0 released, 1811542016 free
2026-01-06T23:31:10.305-0500 [DEBUG] [org.gradle.cache.internal.DefaultFileLockManager] Waiting to acquire shared lock on daemon addresses registry.
2026-01-06T23:31:10.305-0500 [DEBUG] [org.gradle.cache.internal.DefaultFileLockManager] Lock acquired on daemon addresses registry.
2026-01-06T23:31:10.305-0500 [DEBUG] [org.gradle.cache.internal.DefaultFileLockManager] Releasing lock on daemon addresses registry.
2026-01-06T23:31:10.306-0500 [DEBUG] [org.gradle.cache.internal.DefaultFileLockManager] Waiting to acquire shared lock on daemon addresses registry.
2026-01-06T23:31:10.306-0500 [DEBUG] [org.gradle.cache.internal.DefaultFileLockManager] Lock acquired on daemon addresses registry.
2026-01-06T23:31:10.307-0500 [DEBUG] [org.gradle.cache.internal.DefaultFileLockManager] Releasing lock on daemon addresses registry.
2026-01-06T23:31:10.307-0500 [DEBUG] [org.gradle.cache.internal.DefaultFileLockManager] Waiting to acquire shared lock on daemon addresses registry.
2026-01-06T23:31:10.308-0500 [DEBUG] [org.gradle.cache.internal.DefaultFileLockManager] Lock acquired on daemon addresses registry.
2026-01-06T23:31:10.308-0500 [DEBUG] [org.gradle.cache.internal.DefaultFileLockManager] Releasing lock on daemon addresses registry.
2026-01-06T23:31:14.337-0500 [DEBUG] [org.gradle.process.internal.health.memory.DefaultMemoryManager] 2769969561 virtual memory requested, 1803227136 free
2026-01-06T23:31:14.337-0500 [DEBUG] [org.gradle.workers.internal.WorkerDaemonExpiration] Will attempt to release 2641 of memory
2026-01-06T23:31:14.337-0500 [DEBUG] [org.gradle.process.internal.health.memory.DefaultMemoryManager] 2769969561 virtual memory requested, 0 released, 1803227136 free
2026-01-06T23:31:19.338-0500 [DEBUG] [org.gradle.process.internal.health.memory.DefaultMemoryManager] 2769969561 virtual memory requested, 1784393728 free
2026-01-06T23:31:19.338-0500 [DEBUG] [org.gradle.workers.internal.WorkerDaemonExpiration] Will attempt to release 2641 of memory
2026-01-06T23:31:19.338-0500 [DEBUG] [org.gradle.process.internal.health.memory.DefaultMemoryManager] 2769969561 virtual memory requested, 0 released, 1784393728 free
2026-01-06T23:31:20.304-0500 [DEBUG] [org.gradle.cache.internal.DefaultFileLockManager] Waiting to acquire shared lock on daemon addresses registry.
2026-01-06T23:31:20.304-0500 [DEBUG] [org.gradle.cache.internal.DefaultFileLockManager] Lock acquired on daemon addresses registry.
2026-01-06T23:31:20.305-0500 [DEBUG] [org.gradle.cache.internal.DefaultFileLockManager] Releasing lock on daemon addresses registry.
2026-01-06T23:31:20.306-0500 [DEBUG] [org.gradle.cache.internal.DefaultFileLockManager] Waiting to acquire shared lock on daemon addresses registry.
2026-01-06T23:31:20.306-0500 [DEBUG] [org.gradle.cache.internal.DefaultFileLockManager] Lock acquired on daemon addresses registry.
2026-01-06T23:31:20.306-0500 [DEBUG] [org.gradle.cache.internal.DefaultFileLockManager] Releasing lock on daemon addresses registry.
2026-01-06T23:31:20.306-0500 [DEBUG] [org.gradle.cache.internal.DefaultFileLockManager] Waiting to acquire shared lock on daemon addresses registry.
2026-01-06T23:31:20.307-0500 [DEBUG] [org.gradle.cache.internal.DefaultFileLockManager] Lock acquired on daemon addresses registry.
2026-01-06T23:31:20.307-0500 [DEBUG] [org.gradle.cache.internal.DefaultFileLockManager] Releasing lock on daemon addresses registry.
2026-01-06T23:31:24.343-0500 [DEBUG] [org.gradle.process.internal.health.memory.DefaultMemoryManager] 2769969561 virtual memory requested, 2118086656 free
2026-01-06T23:31:24.343-0500 [DEBUG] [org.gradle.workers.internal.WorkerDaemonExpiration] Will attempt to release 2641 of memory
2026-01-06T23:31:24.343-0500 [DEBUG] [org.gradle.process.internal.health.memory.DefaultMemoryManager] 2769969561 virtual memory requested, 0 released, 2118086656 free
2026-01-06T23:31:29.339-0500 [DEBUG] [org.gradle.process.internal.health.memory.DefaultMemoryManager] 2769969561 virtual memory requested, 1896079360 free
2026-01-06T23:31:29.339-0500 [DEBUG] [org.gradle.workers.internal.WorkerDaemonExpiration] Will attempt to release 2641 of memory
2026-01-06T23:31:29.339-0500 [DEBUG] [org.gradle.process.internal.health.memory.DefaultMemoryManager] 2769969561 virtual memory requested, 0 released, 1896079360 free
2026-01-06T23:31:30.310-0500 [DEBUG] [org.gradle.cache.internal.DefaultFileLockManager] Waiting to acquire shared lock on daemon addresses registry.
2026-01-06T23:31:30.310-0500 [DEBUG] [org.gradle.cache.internal.DefaultFileLockManager] Lock acquired on daemon addresses registry.
2026-01-06T23:31:30.310-0500 [DEBUG] [org.gradle.cache.internal.DefaultFileLockManager] Releasing lock on daemon addresses registry.
2026-01-06T23:31:30.310-0500 [DEBUG] [org.gradle.cache.internal.DefaultFileLockManager] Waiting to acquire shared lock on daemon addresses registry.
2026-01-06T23:31:30.311-0500 [DEBUG] [org.gradle.cache.internal.DefaultFileLockManager] Lock acquired on daemon addresses registry.
2026-01-06T23:31:30.311-0500 [DEBUG] [org.gradle.cache.internal.DefaultFileLockManager] Releasing lock on daemon addresses registry.
2026-01-06T23:31:30.311-0500 [DEBUG] [org.gradle.cache.internal.DefaultFileLockManager] Waiting to acquire shared lock on daemon addresses registry.
2026-01-06T23:31:30.311-0500 [DEBUG] [org.gradle.cache.internal.DefaultFileLockManager] Lock acquired on daemon addresses registry.
2026-01-06T23:31:30.311-0500 [DEBUG] [org.gradle.cache.internal.DefaultFileLockManager] Releasing lock on daemon addresses registry.
2026-01-06T23:31:34.335-0500 [DEBUG] [org.gradle.process.internal.health.memory.DefaultMemoryManager] 2769969561 virtual memory requested, 1769500672 free
2026-01-06T23:31:34.336-0500 [DEBUG] [org.gradle.workers.internal.WorkerDaemonExpiration] Will attempt to release 2641 of memory
2026-01-06T23:31:34.336-0500 [DEBUG] [org.gradle.process.internal.health.memory.DefaultMemoryManager] 2769969561 virtual memory requested, 0 released, 1769500672 free
2026-01-06T23:31:39.339-0500 [DEBUG] [org.gradle.process.internal.health.memory.DefaultMemoryManager] 2769969561 virtual memory requested, 1760256000 free
2026-01-06T23:31:39.339-0500 [DEBUG] [org.gradle.workers.internal.WorkerDaemonExpiration] Will attempt to release 2641 of memory
2026-01-06T23:31:39.340-0500 [DEBUG] [org.gradle.process.internal.health.memory.DefaultMemoryManager] 2769969561 virtual memory requested, 0 released, 1760256000 free
2026-01-06T23:31:40.315-0500 [DEBUG] [org.gradle.cache.internal.DefaultFileLockManager] Waiting to acquire shared lock on daemon addresses registry.
2026-01-06T23:31:40.315-0500 [DEBUG] [org.gradle.cache.internal.DefaultFileLockManager] Lock acquired on daemon addresses registry.
2026-01-06T23:31:40.316-0500 [DEBUG] [org.gradle.cache.internal.DefaultFileLockManager] Releasing lock on daemon addresses registry.
2026-01-06T23:31:40.323-0500 [DEBUG] [org.gradle.cache.internal.DefaultFileLockManager] Waiting to acquire shared lock on daemon addresses registry.
2026-01-06T23:31:40.325-0500 [DEBUG] [org.gradle.cache.internal.DefaultFileLockManager] Lock acquired on daemon addresses registry.
2026-01-06T23:31:40.326-0500 [DEBUG] [org.gradle.cache.internal.DefaultFileLockManager] Releasing lock on daemon addresses registry.
2026-01-06T23:31:40.328-0500 [DEBUG] [org.gradle.cache.internal.DefaultFileLockManager] Waiting to acquire shared lock on daemon addresses registry.
2026-01-06T23:31:40.329-0500 [DEBUG] [org.gradle.cache.internal.DefaultFileLockManager] Lock acquired on daemon addresses registry.
2026-01-06T23:31:40.334-0500 [DEBUG] [org.gradle.cache.internal.DefaultFileLockManager] Releasing lock on daemon addresses registry.
2026-01-06T23:31:44.340-0500 [DEBUG] [org.gradle.process.internal.health.memory.DefaultMemoryManager] 2769969561 virtual memory requested, 1847607296 free
2026-01-06T23:31:44.340-0500 [DEBUG] [org.gradle.workers.internal.WorkerDaemonExpiration] Will attempt to release 2641 of memory
2026-01-06T23:31:44.340-0500 [DEBUG] [org.gradle.process.internal.health.memory.DefaultMemoryManager] 2769969561 virtual memory requested, 0 released, 1847607296 free
2026-01-06T23:31:49.334-0500 [DEBUG] [org.gradle.process.internal.health.memory.DefaultMemoryManager] 2769969561 virtual memory requested, 1848823808 free
2026-01-06T23:31:49.335-0500 [DEBUG] [org.gradle.workers.internal.WorkerDaemonExpiration] Will attempt to release 2641 of memory
2026-01-06T23:31:49.335-0500 [DEBUG] [org.gradle.process.internal.health.memory.DefaultMemoryManager] 2769969561 virtual memory requested, 0 released, 1848823808 free
2026-01-06T23:31:50.310-0500 [DEBUG] [org.gradle.cache.internal.DefaultFileLockManager] Waiting to acquire shared lock on daemon addresses registry.
2026-01-06T23:31:50.311-0500 [DEBUG] [org.gradle.cache.internal.DefaultFileLockManager] Lock acquired on daemon addresses registry.
2026-01-06T23:31:50.311-0500 [DEBUG] [org.gradle.cache.internal.DefaultFileLockManager] Releasing lock on daemon addresses registry.
2026-01-06T23:31:50.312-0500 [DEBUG] [org.gradle.cache.internal.DefaultFileLockManager] Waiting to acquire shared lock on daemon addresses registry.
2026-01-06T23:31:50.312-0500 [DEBUG] [org.gradle.cache.internal.DefaultFileLockManager] Lock acquired on daemon addresses registry.
2026-01-06T23:31:50.312-0500 [DEBUG] [org.gradle.cache.internal.DefaultFileLockManager] Releasing lock on daemon addresses registry.
2026-01-06T23:31:50.313-0500 [DEBUG] [org.gradle.cache.internal.DefaultFileLockManager] Waiting to acquire shared lock on daemon addresses registry.
2026-01-06T23:31:50.314-0500 [DEBUG] [org.gradle.cache.internal.DefaultFileLockManager] Lock acquired on daemon addresses registry.
2026-01-06T23:31:50.314-0500 [DEBUG] [org.gradle.cache.internal.DefaultFileLockManager] Releasing lock on daemon addresses registry.
2026-01-06T23:31:54.339-0500 [DEBUG] [org.gradle.process.internal.health.memory.DefaultMemoryManager] 2769969561 virtual memory requested, 1817882624 free
2026-01-06T23:31:54.340-0500 [DEBUG] [org.gradle.workers.internal.WorkerDaemonExpiration] Will attempt to release 2641 of memory
2026-01-06T23:31:54.340-0500 [DEBUG] [org.gradle.process.internal.health.memory.DefaultMemoryManager] 2769969561 virtual memory requested, 0 released, 1817882624 free
2026-01-06T23:31:59.346-0500 [DEBUG] [org.gradle.process.internal.health.memory.DefaultMemoryManager] 2769969561 virtual memory requested, 1818812416 free
2026-01-06T23:31:59.346-0500 [DEBUG] [org.gradle.workers.internal.WorkerDaemonExpiration] Will attempt to release 2641 of memory
2026-01-06T23:31:59.346-0500 [DEBUG] [org.gradle.process.internal.health.memory.DefaultMemoryManager] 2769969561 virtual memory requested, 0 released, 1818812416 free
2026-01-06T23:32:00.304-0500 [DEBUG] [org.gradle.cache.internal.DefaultFileLockManager] Waiting to acquire shared lock on daemon addresses registry.
2026-01-06T23:32:00.304-0500 [DEBUG] [org.gradle.cache.internal.DefaultFileLockManager] Lock acquired on daemon addresses registry.
2026-01-06T23:32:00.304-0500 [DEBUG] [org.gradle.cache.internal.DefaultFileLockManager] Releasing lock on daemon addresses registry.
2026-01-06T23:32:00.305-0500 [DEBUG] [org.gradle.cache.internal.DefaultFileLockManager] Waiting to acquire shared lock on daemon addresses registry.
2026-01-06T23:32:00.306-0500 [DEBUG] [org.gradle.cache.internal.DefaultFileLockManager] Lock acquired on daemon addresses registry.
2026-01-06T23:32:00.306-0500 [DEBUG] [org.gradle.cache.internal.DefaultFileLockManager] Releasing lock on daemon addresses registry.
2026-01-06T23:32:00.307-0500 [DEBUG] [org.gradle.cache.internal.DefaultFileLockManager] Waiting to acquire shared lock on daemon addresses registry.
2026-01-06T23:32:00.307-0500 [DEBUG] [org.gradle.cache.internal.DefaultFileLockManager] Lock acquired on daemon addresses registry.
2026-01-06T23:32:00.307-0500 [DEBUG] [org.gradle.cache.internal.DefaultFileLockManager] Releasing lock on daemon addresses registry.
2026-01-06T23:32:04.338-0500 [DEBUG] [org.gradle.process.internal.health.memory.DefaultMemoryManager] 2769969561 virtual memory requested, 1833611264 free
2026-01-06T23:32:04.338-0500 [DEBUG] [org.gradle.workers.internal.WorkerDaemonExpiration] Will attempt to release 2641 of memory
2026-01-06T23:32:04.339-0500 [DEBUG] [org.gradle.process.internal.health.memory.DefaultMemoryManager] 2769969561 virtual memory requested, 0 released, 1833611264 free
2026-01-06T23:32:09.341-0500 [DEBUG] [org.gradle.process.internal.health.memory.DefaultMemoryManager] 2769969561 virtual memory requested, 1850449920 free
2026-01-06T23:32:09.341-0500 [DEBUG] [org.gradle.workers.internal.WorkerDaemonExpiration] Will attempt to release 2641 of memory
2026-01-06T23:32:09.341-0500 [DEBUG] [org.gradle.process.internal.health.memory.DefaultMemoryManager] 2769969561 virtual memory requested, 0 released, 1850449920 free
2026-01-06T23:32:10.313-0500 [DEBUG] [org.gradle.cache.internal.DefaultFileLockManager] Waiting to acquire shared lock on daemon addresses registry.
2026-01-06T23:32:10.314-0500 [DEBUG] [org.gradle.cache.internal.DefaultFileLockManager] Lock acquired on daemon addresses registry.
2026-01-06T23:32:10.314-0500 [DEBUG] [org.gradle.cache.internal.DefaultFileLockManager] Releasing lock on daemon addresses registry.
2026-01-06T23:32:10.315-0500 [DEBUG] [org.gradle.cache.internal.DefaultFileLockManager] Waiting to acquire shared lock on daemon addresses registry.
2026-01-06T23:32:10.315-0500 [DEBUG] [org.gradle.cache.internal.DefaultFileLockManager] Lock acquired on daemon addresses registry.
2026-01-06T23:32:10.316-0500 [DEBUG] [org.gradle.cache.internal.DefaultFileLockManager] Releasing lock on daemon addresses registry.
2026-01-06T23:32:10.317-0500 [DEBUG] [org.gradle.cache.internal.DefaultFileLockManager] Waiting to acquire shared lock on daemon addresses registry.
2026-01-06T23:32:10.317-0500 [DEBUG] [org.gradle.cache.internal.DefaultFileLockManager] Lock acquired on daemon addresses registry.
2026-01-06T23:32:10.317-0500 [DEBUG] [org.gradle.cache.internal.DefaultFileLockManager] Releasing lock on daemon addresses registry.
2026-01-06T23:32:14.350-0500 [DEBUG] [org.gradle.process.internal.health.memory.DefaultMemoryManager] 2769969561 virtual memory requested, 1841889280 free
2026-01-06T23:32:14.351-0500 [DEBUG] [org.gradle.workers.internal.WorkerDaemonExpiration] Will attempt to release 2641 of memory
2026-01-06T23:32:14.351-0500 [DEBUG] [org.gradle.process.internal.health.memory.DefaultMemoryManager] 2769969561 virtual memory requested, 0 released, 1841889280 free
2026-01-06T23:32:19.351-0500 [DEBUG] [org.gradle.process.internal.health.memory.DefaultMemoryManager] 2769969561 virtual memory requested, 1838833664 free
2026-01-06T23:32:19.351-0500 [DEBUG] [org.gradle.workers.internal.WorkerDaemonExpiration] Will attempt to release 2641 of memory
2026-01-06T23:32:19.351-0500 [DEBUG] [org.gradle.process.internal.health.memory.DefaultMemoryManager] 2769969561 virtual memory requested, 0 released, 1838833664 free
2026-01-06T23:32:20.303-0500 [DEBUG] [org.gradle.cache.internal.DefaultFileLockManager] Waiting to acquire shared lock on daemon addresses registry.
2026-01-06T23:32:20.304-0500 [DEBUG] [org.gradle.cache.internal.DefaultFileLockManager] Lock acquired on daemon addresses registry.
2026-01-06T23:32:20.304-0500 [DEBUG] [org.gradle.cache.internal.DefaultFileLockManager] Releasing lock on daemon addresses registry.
2026-01-06T23:32:20.305-0500 [DEBUG] [org.gradle.cache.internal.DefaultFileLockManager] Waiting to acquire shared lock on daemon addresses registry.
2026-01-06T23:32:20.305-0500 [DEBUG] [org.gradle.cache.internal.DefaultFileLockManager] Lock acquired on daemon addresses registry.
2026-01-06T23:32:20.305-0500 [DEBUG] [org.gradle.cache.internal.DefaultFileLockManager] Releasing lock on daemon addresses registry.
2026-01-06T23:32:20.306-0500 [DEBUG] [org.gradle.cache.internal.DefaultFileLockManager] Waiting to acquire shared lock on daemon addresses registry.
2026-01-06T23:32:20.306-0500 [DEBUG] [org.gradle.cache.internal.DefaultFileLockManager] Lock acquired on daemon addresses registry.
2026-01-06T23:32:20.307-0500 [DEBUG] [org.gradle.cache.internal.DefaultFileLockManager] Releasing lock on daemon addresses registry.
2026-01-06T23:32:24.352-0500 [DEBUG] [org.gradle.process.internal.health.memory.DefaultMemoryManager] 2769969561 virtual memory requested, 1865658368 free
2026-01-06T23:32:24.352-0500 [DEBUG] [org.gradle.workers.internal.WorkerDaemonExpiration] Will attempt to release 2641 of memory
2026-01-06T23:32:24.352-0500 [DEBUG] [org.gradle.process.internal.health.memory.DefaultMemoryManager] 2769969561 virtual memory requested, 0 released, 1865658368 free
2026-01-06T23:32:29.350-0500 [DEBUG] [org.gradle.process.internal.health.memory.DefaultMemoryManager] 2769969561 virtual memory requested, 1838743552 free
2026-01-06T23:32:29.350-0500 [DEBUG] [org.gradle.workers.internal.WorkerDaemonExpiration] Will attempt to release 2641 of memory
2026-01-06T23:32:29.351-0500 [DEBUG] [org.gradle.process.internal.health.memory.DefaultMemoryManager] 2769969561 virtual memory requested, 0 released, 1838743552 free
2026-01-06T23:32:30.320-0500 [DEBUG] [org.gradle.cache.internal.DefaultFileLockManager] Waiting to acquire shared lock on daemon addresses registry.
2026-01-06T23:32:30.320-0500 [DEBUG] [org.gradle.cache.internal.DefaultFileLockManager] Lock acquired on daemon addresses registry.
2026-01-06T23:32:30.320-0500 [DEBUG] [org.gradle.cache.internal.DefaultFileLockManager] Releasing lock on daemon addresses registry.
2026-01-06T23:32:30.321-0500 [DEBUG] [org.gradle.cache.internal.DefaultFileLockManager] Waiting to acquire shared lock on daemon addresses registry.
2026-01-06T23:32:30.322-0500 [DEBUG] [org.gradle.cache.internal.DefaultFileLockManager] Lock acquired on daemon addresses registry.
2026-01-06T23:32:30.322-0500 [DEBUG] [org.gradle.cache.internal.DefaultFileLockManager] Releasing lock on daemon addresses registry.
2026-01-06T23:32:30.323-0500 [DEBUG] [org.gradle.cache.internal.DefaultFileLockManager] Waiting to acquire shared lock on daemon addresses registry.
2026-01-06T23:32:30.323-0500 [DEBUG] [org.gradle.cache.internal.DefaultFileLockManager] Lock acquired on daemon addresses registry.
2026-01-06T23:32:30.323-0500 [DEBUG] [org.gradle.cache.internal.DefaultFileLockManager] Releasing lock on daemon addresses registry.
2026-01-06T23:32:34.339-0500 [DEBUG] [org.gradle.process.internal.health.memory.DefaultMemoryManager] 2769969561 virtual memory requested, 1830625280 free
2026-01-06T23:32:34.339-0500 [DEBUG] [org.gradle.workers.internal.WorkerDaemonExpiration] Will attempt to release 2641 of memory
2026-01-06T23:32:34.339-0500 [DEBUG] [org.gradle.process.internal.health.memory.DefaultMemoryManager] 2769969561 virtual memory requested, 0 released, 1830625280 free
2026-01-06T23:32:39.354-0500 [DEBUG] [org.gradle.process.internal.health.memory.DefaultMemoryManager] 2769969561 virtual memory requested, 1723973632 free
2026-01-06T23:32:39.354-0500 [DEBUG] [org.gradle.workers.internal.WorkerDaemonExpiration] Will attempt to release 2641 of memory
2026-01-06T23:32:39.354-0500 [DEBUG] [org.gradle.process.internal.health.memory.DefaultMemoryManager] 2769969561 virtual memory requested, 0 released, 1723973632 free
2026-01-06T23:32:40.321-0500 [DEBUG] [org.gradle.cache.internal.DefaultFileLockManager] Waiting to acquire shared lock on daemon addresses registry.
2026-01-06T23:32:40.321-0500 [DEBUG] [org.gradle.cache.internal.DefaultFileLockManager] Lock acquired on daemon addresses registry.
2026-01-06T23:32:40.321-0500 [DEBUG] [org.gradle.cache.internal.DefaultFileLockManager] Releasing lock on daemon addresses registry.
2026-01-06T23:32:40.322-0500 [DEBUG] [org.gradle.cache.internal.DefaultFileLockManager] Waiting to acquire shared lock on daemon addresses registry.
2026-01-06T23:32:40.322-0500 [DEBUG] [org.gradle.cache.internal.DefaultFileLockManager] Lock acquired on daemon addresses registry.
2026-01-06T23:32:40.322-0500 [DEBUG] [org.gradle.cache.internal.DefaultFileLockManager] Releasing lock on daemon addresses registry.
2026-01-06T23:32:40.323-0500 [DEBUG] [org.gradle.cache.internal.DefaultFileLockManager] Waiting to acquire shared lock on daemon addresses registry.
2026-01-06T23:32:40.323-0500 [DEBUG] [org.gradle.cache.internal.DefaultFileLockManager] Lock acquired on daemon addresses registry.
2026-01-06T23:32:40.323-0500 [DEBUG] [org.gradle.cache.internal.DefaultFileLockManager] Releasing lock on daemon addresses registry.
2026-01-06T23:32:44.343-0500 [DEBUG] [org.gradle.process.internal.health.memory.DefaultMemoryManager] 2769969561 virtual memory requested, 1748668416 free
2026-01-06T23:32:44.343-0500 [DEBUG] [org.gradle.workers.internal.WorkerDaemonExpiration] Will attempt to release 2641 of memory
2026-01-06T23:32:44.343-0500 [DEBUG] [org.gradle.process.internal.health.memory.DefaultMemoryManager] 2769969561 virtual memory requested, 0 released, 1748668416 free
2026-01-06T23:32:49.355-0500 [DEBUG] [org.gradle.process.internal.health.memory.DefaultMemoryManager] 2769969561 virtual memory requested, 1754251264 free
2026-01-06T23:32:49.355-0500 [DEBUG] [org.gradle.workers.internal.WorkerDaemonExpiration] Will attempt to release 2641 of memory
2026-01-06T23:32:49.355-0500 [DEBUG] [org.gradle.process.internal.health.memory.DefaultMemoryManager] 2769969561 virtual memory requested, 0 released, 1754251264 free
2026-01-06T23:32:50.312-0500 [DEBUG] [org.gradle.cache.internal.DefaultFileLockManager] Waiting to acquire shared lock on daemon addresses registry.
2026-01-06T23:32:50.312-0500 [DEBUG] [org.gradle.cache.internal.DefaultFileLockManager] Lock acquired on daemon addresses registry.
2026-01-06T23:32:50.313-0500 [DEBUG] [org.gradle.cache.internal.DefaultFileLockManager] Releasing lock on daemon addresses registry.
2026-01-06T23:32:50.314-0500 [DEBUG] [org.gradle.cache.internal.DefaultFileLockManager] Waiting to acquire shared lock on daemon addresses registry.
2026-01-06T23:32:50.314-0500 [DEBUG] [org.gradle.cache.internal.DefaultFileLockManager] Lock acquired on daemon addresses registry.
2026-01-06T23:32:50.314-0500 [DEBUG] [org.gradle.cache.internal.DefaultFileLockManager] Releasing lock on daemon addresses registry.
2026-01-06T23:32:50.315-0500 [DEBUG] [org.gradle.cache.internal.DefaultFileLockManager] Waiting to acquire shared lock on daemon addresses registry.
2026-01-06T23:32:50.315-0500 [DEBUG] [org.gradle.cache.internal.DefaultFileLockManager] Lock acquired on daemon addresses registry.
2026-01-06T23:32:50.315-0500 [DEBUG] [org.gradle.cache.internal.DefaultFileLockManager] Releasing lock on daemon addresses registry.
2026-01-06T23:32:54.357-0500 [DEBUG] [org.gradle.process.internal.health.memory.DefaultMemoryManager] 2769969561 virtual memory requested, 1754234880 free
2026-01-06T23:32:54.357-0500 [DEBUG] [org.gradle.workers.internal.WorkerDaemonExpiration] Will attempt to release 2641 of memory
2026-01-06T23:32:54.357-0500 [DEBUG] [org.gradle.process.internal.health.memory.DefaultMemoryManager] 2769969561 virtual memory requested, 0 released, 1754234880 free
2026-01-06T23:32:59.355-0500 [DEBUG] [org.gradle.process.internal.health.memory.DefaultMemoryManager] 2769969561 virtual memory requested, 1763258368 free
2026-01-06T23:32:59.356-0500 [DEBUG] [org.gradle.workers.internal.WorkerDaemonExpiration] Will attempt to release 2641 of memory
2026-01-06T23:32:59.356-0500 [DEBUG] [org.gradle.process.internal.health.memory.DefaultMemoryManager] 2769969561 virtual memory requested, 0 released, 1763258368 free
2026-01-06T23:33:00.324-0500 [DEBUG] [org.gradle.cache.internal.DefaultFileLockManager] Waiting to acquire shared lock on daemon addresses registry.
2026-01-06T23:33:00.324-0500 [DEBUG] [org.gradle.cache.internal.DefaultFileLockManager] Lock acquired on daemon addresses registry.
2026-01-06T23:33:00.324-0500 [DEBUG] [org.gradle.cache.internal.DefaultFileLockManager] Releasing lock on daemon addresses registry.
2026-01-06T23:33:00.325-0500 [DEBUG] [org.gradle.cache.internal.DefaultFileLockManager] Waiting to acquire shared lock on daemon addresses registry.
2026-01-06T23:33:00.326-0500 [DEBUG] [org.gradle.cache.internal.DefaultFileLockManager] Lock acquired on daemon addresses registry.
2026-01-06T23:33:00.326-0500 [DEBUG] [org.gradle.cache.internal.DefaultFileLockManager] Releasing lock on daemon addresses registry.
2026-01-06T23:33:00.326-0500 [DEBUG] [org.gradle.cache.internal.DefaultFileLockManager] Waiting to acquire shared lock on daemon addresses registry.
2026-01-06T23:33:00.327-0500 [DEBUG] [org.gradle.cache.internal.DefaultFileLockManager] Lock acquired on daemon addresses registry.
2026-01-06T23:33:00.327-0500 [DEBUG] [org.gradle.cache.internal.DefaultFileLockManager] Releasing lock on daemon addresses registry.
2026-01-06T23:33:04.347-0500 [DEBUG] [org.gradle.process.internal.health.memory.DefaultMemoryManager] 2769969561 virtual memory requested, 1756368896 free
2026-01-06T23:33:04.347-0500 [DEBUG] [org.gradle.workers.internal.WorkerDaemonExpiration] Will attempt to release 2641 of memory
2026-01-06T23:33:04.347-0500 [DEBUG] [org.gradle.process.internal.health.memory.DefaultMemoryManager] 2769969561 virtual memory requested, 0 released, 1756368896 free
2026-01-06T23:33:09.345-0500 [DEBUG] [org.gradle.process.internal.health.memory.DefaultMemoryManager] 2769969561 virtual memory requested, 1757884416 free
2026-01-06T23:33:09.345-0500 [DEBUG] [org.gradle.workers.internal.WorkerDaemonExpiration] Will attempt to release 2641 of memory
2026-01-06T23:33:09.345-0500 [DEBUG] [org.gradle.process.internal.health.memory.DefaultMemoryManager] 2769969561 virtual memory requested, 0 released, 1757884416 free
2026-01-06T23:33:10.321-0500 [DEBUG] [org.gradle.cache.internal.DefaultFileLockManager] Waiting to acquire shared lock on daemon addresses registry.
2026-01-06T23:33:10.321-0500 [DEBUG] [org.gradle.cache.internal.DefaultFileLockManager] Lock acquired on daemon addresses registry.
2026-01-06T23:33:10.321-0500 [DEBUG] [org.gradle.cache.internal.DefaultFileLockManager] Releasing lock on daemon addresses registry.
2026-01-06T23:33:10.323-0500 [DEBUG] [org.gradle.cache.internal.DefaultFileLockManager] Waiting to acquire shared lock on daemon addresses registry.
2026-01-06T23:33:10.323-0500 [DEBUG] [org.gradle.cache.internal.DefaultFileLockManager] Lock acquired on daemon addresses registry.
2026-01-06T23:33:10.323-0500 [DEBUG] [org.gradle.cache.internal.DefaultFileLockManager] Releasing lock on daemon addresses registry.
2026-01-06T23:33:10.324-0500 [DEBUG] [org.gradle.cache.internal.DefaultFileLockManager] Waiting to acquire shared lock on daemon addresses registry.
2026-01-06T23:33:10.324-0500 [DEBUG] [org.gradle.cache.internal.DefaultFileLockManager] Lock acquired on daemon addresses registry.
2026-01-06T23:33:10.324-0500 [DEBUG] [org.gradle.cache.internal.DefaultFileLockManager] Releasing lock on daemon addresses registry.
2026-01-06T23:33:14.360-0500 [DEBUG] [org.gradle.process.internal.health.memory.DefaultMemoryManager] 2769969561 virtual memory requested, 1757069312 free
2026-01-06T23:33:14.361-0500 [DEBUG] [org.gradle.workers.internal.WorkerDaemonExpiration] Will attempt to release 2641 of memory
2026-01-06T23:33:14.361-0500 [DEBUG] [org.gradle.process.internal.health.memory.DefaultMemoryManager] 2769969561 virtual memory requested, 0 released, 1757069312 free
2026-01-06T23:33:19.349-0500 [DEBUG] [org.gradle.process.internal.health.memory.DefaultMemoryManager] 2769969561 virtual memory requested, 1720754176 free
2026-01-06T23:33:19.349-0500 [DEBUG] [org.gradle.workers.internal.WorkerDaemonExpiration] Will attempt to release 2641 of memory
2026-01-06T23:33:19.349-0500 [DEBUG] [org.gradle.process.internal.health.memory.DefaultMemoryManager] 2769969561 virtual memory requested, 0 released, 1720754176 free
2026-01-06T23:33:20.320-0500 [DEBUG] [org.gradle.cache.internal.DefaultFileLockManager] Waiting to acquire shared lock on daemon addresses registry.
2026-01-06T23:33:20.320-0500 [DEBUG] [org.gradle.cache.internal.DefaultFileLockManager] Lock acquired on daemon addresses registry.
2026-01-06T23:33:20.321-0500 [DEBUG] [org.gradle.cache.internal.DefaultFileLockManager] Releasing lock on daemon addresses registry.
2026-01-06T23:33:20.322-0500 [DEBUG] [org.gradle.cache.internal.DefaultFileLockManager] Waiting to acquire shared lock on daemon addresses registry.
2026-01-06T23:33:20.322-0500 [DEBUG] [org.gradle.cache.internal.DefaultFileLockManager] Lock acquired on daemon addresses registry.
2026-01-06T23:33:20.322-0500 [DEBUG] [org.gradle.cache.internal.DefaultFileLockManager] Releasing lock on daemon addresses registry.
2026-01-06T23:33:20.323-0500 [DEBUG] [org.gradle.cache.internal.DefaultFileLockManager] Waiting to acquire shared lock on daemon addresses registry.
2026-01-06T23:33:20.323-0500 [DEBUG] [org.gradle.cache.internal.DefaultFileLockManager] Lock acquired on daemon addresses registry.
2026-01-06T23:33:20.323-0500 [DEBUG] [org.gradle.cache.internal.DefaultFileLockManager] Releasing lock on daemon addresses registry.
2026-01-06T23:33:24.347-0500 [DEBUG] [org.gradle.process.internal.health.memory.DefaultMemoryManager] 2769969561 virtual memory requested, 1872011264 free
2026-01-06T23:33:24.347-0500 [DEBUG] [org.gradle.workers.internal.WorkerDaemonExpiration] Will attempt to release 2641 of memory
2026-01-06T23:33:24.347-0500 [DEBUG] [org.gradle.process.internal.health.memory.DefaultMemoryManager] 2769969561 virtual memory requested, 0 released, 1872011264 free
2026-01-06T23:33:29.359-0500 [DEBUG] [org.gradle.process.internal.health.memory.DefaultMemoryManager] 2769969561 virtual memory requested, 1822150656 free
2026-01-06T23:33:29.359-0500 [DEBUG] [org.gradle.workers.internal.WorkerDaemonExpiration] Will attempt to release 2641 of memory
2026-01-06T23:33:29.359-0500 [DEBUG] [org.gradle.process.internal.health.memory.DefaultMemoryManager] 2769969561 virtual memory requested, 0 released, 1822150656 free
2026-01-06T23:33:30.314-0500 [DEBUG] [org.gradle.cache.internal.DefaultFileLockManager] Waiting to acquire shared lock on daemon addresses registry.
2026-01-06T23:33:30.315-0500 [DEBUG] [org.gradle.cache.internal.DefaultFileLockManager] Lock acquired on daemon addresses registry.
2026-01-06T23:33:30.315-0500 [DEBUG] [org.gradle.cache.internal.DefaultFileLockManager] Releasing lock on daemon addresses registry.
2026-01-06T23:33:30.316-0500 [DEBUG] [org.gradle.cache.internal.DefaultFileLockManager] Waiting to acquire shared lock on daemon addresses registry.
2026-01-06T23:33:30.316-0500 [DEBUG] [org.gradle.cache.internal.DefaultFileLockManager] Lock acquired on daemon addresses registry.
2026-01-06T23:33:30.316-0500 [DEBUG] [org.gradle.cache.internal.DefaultFileLockManager] Releasing lock on daemon addresses registry.
2026-01-06T23:33:30.317-0500 [DEBUG] [org.gradle.cache.internal.DefaultFileLockManager] Waiting to acquire shared lock on daemon addresses registry.
2026-01-06T23:33:30.317-0500 [DEBUG] [org.gradle.cache.internal.DefaultFileLockManager] Lock acquired on daemon addresses registry.
2026-01-06T23:33:30.317-0500 [DEBUG] [org.gradle.cache.internal.DefaultFileLockManager] Releasing lock on daemon addresses registry.
2026-01-06T23:33:34.362-0500 [DEBUG] [org.gradle.process.internal.health.memory.DefaultMemoryManager] 2769969561 virtual memory requested, 1797861376 free
2026-01-06T23:33:34.362-0500 [DEBUG] [org.gradle.workers.internal.WorkerDaemonExpiration] Will attempt to release 2641 of memory
2026-01-06T23:33:34.362-0500 [DEBUG] [org.gradle.process.internal.health.memory.DefaultMemoryManager] 2769969561 virtual memory requested, 0 released, 1797861376 free
2026-01-06T23:33:39.350-0500 [DEBUG] [org.gradle.process.internal.health.memory.DefaultMemoryManager] 2769969561 virtual memory requested, 1789001728 free
2026-01-06T23:33:39.350-0500 [DEBUG] [org.gradle.workers.internal.WorkerDaemonExpiration] Will attempt to release 2641 of memory
2026-01-06T23:33:39.350-0500 [DEBUG] [org.gradle.process.internal.health.memory.DefaultMemoryManager] 2769969561 virtual memory requested, 0 released, 1789001728 free
2026-01-06T23:33:40.321-0500 [DEBUG] [org.gradle.cache.internal.DefaultFileLockManager] Waiting to acquire shared lock on daemon addresses registry.
2026-01-06T23:33:40.322-0500 [DEBUG] [org.gradle.cache.internal.DefaultFileLockManager] Lock acquired on daemon addresses registry.
2026-01-06T23:33:40.322-0500 [DEBUG] [org.gradle.cache.internal.DefaultFileLockManager] Releasing lock on daemon addresses registry.
2026-01-06T23:33:40.323-0500 [DEBUG] [org.gradle.cache.internal.DefaultFileLockManager] Waiting to acquire shared lock on daemon addresses registry.
2026-01-06T23:33:40.323-0500 [DEBUG] [org.gradle.cache.internal.DefaultFileLockManager] Lock acquired on daemon addresses registry.
2026-01-06T23:33:40.323-0500 [DEBUG] [org.gradle.cache.internal.DefaultFileLockManager] Releasing lock on daemon addresses registry.
2026-01-06T23:33:40.324-0500 [DEBUG] [org.gradle.cache.internal.DefaultFileLockManager] Waiting to acquire shared lock on daemon addresses registry.
2026-01-06T23:33:40.324-0500 [DEBUG] [org.gradle.cache.internal.DefaultFileLockManager] Lock acquired on daemon addresses registry.
2026-01-06T23:33:40.324-0500 [DEBUG] [org.gradle.cache.internal.DefaultFileLockManager] Releasing lock on daemon addresses registry.
2026-01-06T23:33:44.364-0500 [DEBUG] [org.gradle.process.internal.health.memory.DefaultMemoryManager] 2769969561 virtual memory requested, 1796857856 free
2026-01-06T23:33:44.364-0500 [DEBUG] [org.gradle.workers.internal.WorkerDaemonExpiration] Will attempt to release 2641 of memory
2026-01-06T23:33:44.364-0500 [DEBUG] [org.gradle.process.internal.health.memory.DefaultMemoryManager] 2769969561 virtual memory requested, 0 released, 1796857856 free
2026-01-06T23:33:49.349-0500 [DEBUG] [org.gradle.process.internal.health.memory.DefaultMemoryManager] 2769969561 virtual memory requested, 1688797184 free
2026-01-06T23:33:49.349-0500 [DEBUG] [org.gradle.workers.internal.WorkerDaemonExpiration] Will attempt to release 2641 of memory
2026-01-06T23:33:49.349-0500 [DEBUG] [org.gradle.process.internal.health.memory.DefaultMemoryManager] 2769969561 virtual memory requested, 0 released, 1688797184 free
2026-01-06T23:33:50.321-0500 [DEBUG] [org.gradle.cache.internal.DefaultFileLockManager] Waiting to acquire shared lock on daemon addresses registry.
2026-01-06T23:33:50.321-0500 [DEBUG] [org.gradle.cache.internal.DefaultFileLockManager] Lock acquired on daemon addresses registry.
2026-01-06T23:33:50.321-0500 [DEBUG] [org.gradle.cache.internal.DefaultFileLockManager] Releasing lock on daemon addresses registry.
2026-01-06T23:33:50.322-0500 [DEBUG] [org.gradle.cache.internal.DefaultFileLockManager] Waiting to acquire shared lock on daemon addresses registry.
2026-01-06T23:33:50.323-0500 [DEBUG] [org.gradle.cache.internal.DefaultFileLockManager] Lock acquired on daemon addresses registry.
2026-01-06T23:33:50.323-0500 [DEBUG] [org.gradle.cache.internal.DefaultFileLockManager] Releasing lock on daemon addresses registry.
2026-01-06T23:33:50.324-0500 [DEBUG] [org.gradle.cache.internal.DefaultFileLockManager] Waiting to acquire shared lock on daemon addresses registry.
2026-01-06T23:33:50.324-0500 [DEBUG] [org.gradle.cache.internal.DefaultFileLockManager] Lock acquired on daemon addresses registry.
2026-01-06T23:33:50.324-0500 [DEBUG] [org.gradle.cache.internal.DefaultFileLockManager] Releasing lock on daemon addresses registry.
2026-01-06T23:33:54.359-0500 [DEBUG] [org.gradle.process.internal.health.memory.DefaultMemoryManager] 2769969561 virtual memory requested, 1633107968 free
2026-01-06T23:33:54.359-0500 [DEBUG] [org.gradle.workers.internal.WorkerDaemonExpiration] Will attempt to release 2641 of memory
2026-01-06T23:33:54.360-0500 [DEBUG] [org.gradle.process.internal.health.memory.DefaultMemoryManager] 2769969561 virtual memory requested, 0 released, 1633107968 free
2026-01-06T23:33:59.362-0500 [DEBUG] [org.gradle.process.internal.health.memory.DefaultMemoryManager] 2769969561 virtual memory requested, 1666777088 free
2026-01-06T23:33:59.362-0500 [DEBUG] [org.gradle.workers.internal.WorkerDaemonExpiration] Will attempt to release 2641 of memory
2026-01-06T23:33:59.362-0500 [DEBUG] [org.gradle.process.internal.health.memory.DefaultMemoryManager] 2769969561 virtual memory requested, 0 released, 1666777088 free
2026-01-06T23:34:00.320-0500 [DEBUG] [org.gradle.cache.internal.DefaultFileLockManager] Waiting to acquire shared lock on daemon addresses registry.
2026-01-06T23:34:00.321-0500 [DEBUG] [org.gradle.cache.internal.DefaultFileLockManager] Lock acquired on daemon addresses registry.
2026-01-06T23:34:00.321-0500 [DEBUG] [org.gradle.cache.internal.DefaultFileLockManager] Releasing lock on daemon addresses registry.
2026-01-06T23:34:00.322-0500 [DEBUG] [org.gradle.cache.internal.DefaultFileLockManager] Waiting to acquire shared lock on daemon addresses registry.
2026-01-06T23:34:00.322-0500 [DEBUG] [org.gradle.cache.internal.DefaultFileLockManager] Lock acquired on daemon addresses registry.
2026-01-06T23:34:00.322-0500 [DEBUG] [org.gradle.cache.internal.DefaultFileLockManager] Releasing lock on daemon addresses registry.
2026-01-06T23:34:00.323-0500 [DEBUG] [org.gradle.cache.internal.DefaultFileLockManager] Waiting to acquire shared lock on daemon addresses registry.
2026-01-06T23:34:00.323-0500 [DEBUG] [org.gradle.cache.internal.DefaultFileLockManager] Lock acquired on daemon addresses registry.
2026-01-06T23:34:00.324-0500 [DEBUG] [org.gradle.cache.internal.DefaultFileLockManager] Releasing lock on daemon addresses registry.
2026-01-06T23:34:04.366-0500 [DEBUG] [org.gradle.process.internal.health.memory.DefaultMemoryManager] 2769969561 virtual memory requested, 1639440384 free
2026-01-06T23:34:04.366-0500 [DEBUG] [org.gradle.workers.internal.WorkerDaemonExpiration] Will attempt to release 2641 of memory
2026-01-06T23:34:04.366-0500 [DEBUG] [org.gradle.process.internal.health.memory.DefaultMemoryManager] 2769969561 virtual memory requested, 0 released, 1639440384 free
2026-01-06T23:34:09.359-0500 [DEBUG] [org.gradle.process.internal.health.memory.DefaultMemoryManager] 2769969561 virtual memory requested, 1657511936 free
2026-01-06T23:34:09.359-0500 [DEBUG] [org.gradle.workers.internal.WorkerDaemonExpiration] Will attempt to release 2641 of memory
2026-01-06T23:34:09.359-0500 [DEBUG] [org.gradle.process.internal.health.memory.DefaultMemoryManager] 2769969561 virtual memory requested, 0 released, 1657511936 free
2026-01-06T23:34:10.318-0500 [DEBUG] [org.gradle.cache.internal.DefaultFileLockManager] Waiting to acquire shared lock on daemon addresses registry.
2026-01-06T23:34:10.318-0500 [DEBUG] [org.gradle.cache.internal.DefaultFileLockManager] Lock acquired on daemon addresses registry.
2026-01-06T23:34:10.319-0500 [DEBUG] [org.gradle.cache.internal.DefaultFileLockManager] Releasing lock on daemon addresses registry.
2026-01-06T23:34:10.320-0500 [DEBUG] [org.gradle.cache.internal.DefaultFileLockManager] Waiting to acquire shared lock on daemon addresses registry.
2026-01-06T23:34:10.320-0500 [DEBUG] [org.gradle.cache.internal.DefaultFileLockManager] Lock acquired on daemon addresses registry.
2026-01-06T23:34:10.321-0500 [DEBUG] [org.gradle.cache.internal.DefaultFileLockManager] Releasing lock on daemon addresses registry.
2026-01-06T23:34:10.321-0500 [DEBUG] [org.gradle.cache.internal.DefaultFileLockManager] Waiting to acquire shared lock on daemon addresses registry.
2026-01-06T23:34:10.321-0500 [DEBUG] [org.gradle.cache.internal.DefaultFileLockManager] Lock acquired on daemon addresses registry.
2026-01-06T23:34:10.322-0500 [DEBUG] [org.gradle.cache.internal.DefaultFileLockManager] Releasing lock on daemon addresses registry.
2026-01-06T23:34:14.352-0500 [DEBUG] [org.gradle.process.internal.health.memory.DefaultMemoryManager] 2769969561 virtual memory requested, 1663025152 free
2026-01-06T23:34:14.352-0500 [DEBUG] [org.gradle.workers.internal.WorkerDaemonExpiration] Will attempt to release 2641 of memory
2026-01-06T23:34:14.352-0500 [DEBUG] [org.gradle.process.internal.health.memory.DefaultMemoryManager] 2769969561 virtual memory requested, 0 released, 1663025152 free
2026-01-06T23:34:19.361-0500 [DEBUG] [org.gradle.process.internal.health.memory.DefaultMemoryManager] 2769969561 virtual memory requested, 1662029824 free
2026-01-06T23:34:19.361-0500 [DEBUG] [org.gradle.workers.internal.WorkerDaemonExpiration] Will attempt to release 2641 of memory
2026-01-06T23:34:19.361-0500 [DEBUG] [org.gradle.process.internal.health.memory.DefaultMemoryManager] 2769969561 virtual memory requested, 0 released, 1662029824 free
2026-01-06T23:34:20.334-0500 [DEBUG] [org.gradle.cache.internal.DefaultFileLockManager] Waiting to acquire shared lock on daemon addresses registry.
2026-01-06T23:34:20.334-0500 [DEBUG] [org.gradle.cache.internal.DefaultFileLockManager] Lock acquired on daemon addresses registry.
2026-01-06T23:34:20.334-0500 [DEBUG] [org.gradle.cache.internal.DefaultFileLockManager] Releasing lock on daemon addresses registry.
2026-01-06T23:34:20.335-0500 [DEBUG] [org.gradle.cache.internal.DefaultFileLockManager] Waiting to acquire shared lock on daemon addresses registry.
2026-01-06T23:34:20.335-0500 [DEBUG] [org.gradle.cache.internal.DefaultFileLockManager] Lock acquired on daemon addresses registry.
2026-01-06T23:34:20.336-0500 [DEBUG] [org.gradle.cache.internal.DefaultFileLockManager] Releasing lock on daemon addresses registry.
2026-01-06T23:34:20.337-0500 [DEBUG] [org.gradle.cache.internal.DefaultFileLockManager] Waiting to acquire shared lock on daemon addresses registry.
2026-01-06T23:34:20.338-0500 [DEBUG] [org.gradle.cache.internal.DefaultFileLockManager] Lock acquired on daemon addresses registry.
2026-01-06T23:34:20.338-0500 [DEBUG] [org.gradle.cache.internal.DefaultFileLockManager] Releasing lock on daemon addresses registry.
2026-01-06T23:34:24.366-0500 [DEBUG] [org.gradle.process.internal.health.memory.DefaultMemoryManager] 2769969561 virtual memory requested, 1643364352 free
2026-01-06T23:34:24.366-0500 [DEBUG] [org.gradle.workers.internal.WorkerDaemonExpiration] Will attempt to release 2641 of memory
2026-01-06T23:34:24.366-0500 [DEBUG] [org.gradle.process.internal.health.memory.DefaultMemoryManager] 2769969561 virtual memory requested, 0 released, 1643364352 free
2026-01-06T23:34:29.361-0500 [DEBUG] [org.gradle.process.internal.health.memory.DefaultMemoryManager] 2769969561 virtual memory requested, 1678327808 free
2026-01-06T23:34:29.362-0500 [DEBUG] [org.gradle.workers.internal.WorkerDaemonExpiration] Will attempt to release 2641 of memory
2026-01-06T23:34:29.362-0500 [DEBUG] [org.gradle.process.internal.health.memory.DefaultMemoryManager] 2769969561 virtual memory requested, 0 released, 1678327808 free
2026-01-06T23:34:30.329-0500 [DEBUG] [org.gradle.cache.internal.DefaultFileLockManager] Waiting to acquire shared lock on daemon addresses registry.
2026-01-06T23:34:30.329-0500 [DEBUG] [org.gradle.cache.internal.DefaultFileLockManager] Lock acquired on daemon addresses registry.
2026-01-06T23:34:30.329-0500 [DEBUG] [org.gradle.cache.internal.DefaultFileLockManager] Releasing lock on daemon addresses registry.
2026-01-06T23:34:30.330-0500 [DEBUG] [org.gradle.cache.internal.DefaultFileLockManager] Waiting to acquire shared lock on daemon addresses registry.
2026-01-06T23:34:30.330-0500 [DEBUG] [org.gradle.cache.internal.DefaultFileLockManager] Lock acquired on daemon addresses registry.
2026-01-06T23:34:30.330-0500 [DEBUG] [org.gradle.cache.internal.DefaultFileLockManager] Releasing lock on daemon addresses registry.
2026-01-06T23:34:30.331-0500 [DEBUG] [org.gradle.cache.internal.DefaultFileLockManager] Waiting to acquire shared lock on daemon addresses registry.
2026-01-06T23:34:30.331-0500 [DEBUG] [org.gradle.cache.internal.DefaultFileLockManager] Lock acquired on daemon addresses registry.
2026-01-06T23:34:30.331-0500 [DEBUG] [org.gradle.cache.internal.DefaultFileLockManager] Releasing lock on daemon addresses registry.
2026-01-06T23:34:34.366-0500 [DEBUG] [org.gradle.process.internal.health.memory.DefaultMemoryManager] 2769969561 virtual memory requested, 1704292352 free
2026-01-06T23:34:34.366-0500 [DEBUG] [org.gradle.workers.internal.WorkerDaemonExpiration] Will attempt to release 2641 of memory
2026-01-06T23:34:34.366-0500 [DEBUG] [org.gradle.process.internal.health.memory.DefaultMemoryManager] 2769969561 virtual memory requested, 0 released, 1704292352 free
2026-01-06T23:34:39.366-0500 [DEBUG] [org.gradle.process.internal.health.memory.DefaultMemoryManager] 2769969561 virtual memory requested, 1704067072 free
2026-01-06T23:34:39.366-0500 [DEBUG] [org.gradle.workers.internal.WorkerDaemonExpiration] Will attempt to release 2641 of memory
2026-01-06T23:34:39.366-0500 [DEBUG] [org.gradle.process.internal.health.memory.DefaultMemoryManager] 2769969561 virtual memory requested, 0 released, 1704067072 free
2026-01-06T23:34:40.324-0500 [DEBUG] [org.gradle.cache.internal.DefaultFileLockManager] Waiting to acquire shared lock on daemon addresses registry.
2026-01-06T23:34:40.325-0500 [DEBUG] [org.gradle.cache.internal.DefaultFileLockManager] Lock acquired on daemon addresses registry.
2026-01-06T23:34:40.325-0500 [DEBUG] [org.gradle.cache.internal.DefaultFileLockManager] Releasing lock on daemon addresses registry.
2026-01-06T23:34:40.326-0500 [DEBUG] [org.gradle.cache.internal.DefaultFileLockManager] Waiting to acquire shared lock on daemon addresses registry.
2026-01-06T23:34:40.326-0500 [DEBUG] [org.gradle.cache.internal.DefaultFileLockManager] Lock acquired on daemon addresses registry.
2026-01-06T23:34:40.326-0500 [DEBUG] [org.gradle.cache.internal.DefaultFileLockManager] Releasing lock on daemon addresses registry.
2026-01-06T23:34:40.327-0500 [DEBUG] [org.gradle.cache.internal.DefaultFileLockManager] Waiting to acquire shared lock on daemon addresses registry.
2026-01-06T23:34:40.327-0500 [DEBUG] [org.gradle.cache.internal.DefaultFileLockManager] Lock acquired on daemon addresses registry.
2026-01-06T23:34:40.327-0500 [DEBUG] [org.gradle.cache.internal.DefaultFileLockManager] Releasing lock on daemon addresses registry.
2026-01-06T23:34:44.362-0500 [DEBUG] [org.gradle.process.internal.health.memory.DefaultMemoryManager] 2769969561 virtual memory requested, 1670393856 free
2026-01-06T23:34:44.362-0500 [DEBUG] [org.gradle.workers.internal.WorkerDaemonExpiration] Will attempt to release 2641 of memory
2026-01-06T23:34:44.362-0500 [DEBUG] [org.gradle.process.internal.health.memory.DefaultMemoryManager] 2769969561 virtual memory requested, 0 released, 1670393856 free
2026-01-06T23:34:49.364-0500 [DEBUG] [org.gradle.process.internal.health.memory.DefaultMemoryManager] 2769969561 virtual memory requested, 1809522688 free
2026-01-06T23:34:49.364-0500 [DEBUG] [org.gradle.workers.internal.WorkerDaemonExpiration] Will attempt to release 2641 of memory
2026-01-06T23:34:49.364-0500 [DEBUG] [org.gradle.process.internal.health.memory.DefaultMemoryManager] 2769969561 virtual memory requested, 0 released, 1809522688 free
2026-01-06T23:34:50.330-0500 [DEBUG] [org.gradle.cache.internal.DefaultFileLockManager] Waiting to acquire shared lock on daemon addresses registry.
2026-01-06T23:34:50.330-0500 [DEBUG] [org.gradle.cache.internal.DefaultFileLockManager] Lock acquired on daemon addresses registry.
2026-01-06T23:34:50.331-0500 [DEBUG] [org.gradle.cache.internal.DefaultFileLockManager] Releasing lock on daemon addresses registry.
2026-01-06T23:34:50.332-0500 [DEBUG] [org.gradle.cache.internal.DefaultFileLockManager] Waiting to acquire shared lock on daemon addresses registry.
2026-01-06T23:34:50.332-0500 [DEBUG] [org.gradle.cache.internal.DefaultFileLockManager] Lock acquired on daemon addresses registry.
2026-01-06T23:34:50.332-0500 [DEBUG] [org.gradle.cache.internal.DefaultFileLockManager] Releasing lock on daemon addresses registry.
2026-01-06T23:34:50.333-0500 [DEBUG] [org.gradle.cache.internal.DefaultFileLockManager] Waiting to acquire shared lock on daemon addresses registry.
2026-01-06T23:34:50.333-0500 [DEBUG] [org.gradle.cache.internal.DefaultFileLockManager] Lock acquired on daemon addresses registry.
2026-01-06T23:34:50.333-0500 [DEBUG] [org.gradle.cache.internal.DefaultFileLockManager] Releasing lock on daemon addresses registry.
2026-01-06T23:34:54.358-0500 [DEBUG] [org.gradle.process.internal.health.memory.DefaultMemoryManager] 2769969561 virtual memory requested, 1812992000 free
2026-01-06T23:34:54.358-0500 [DEBUG] [org.gradle.workers.internal.WorkerDaemonExpiration] Will attempt to release 2641 of memory
2026-01-06T23:34:54.358-0500 [DEBUG] [org.gradle.process.internal.health.memory.DefaultMemoryManager] 2769969561 virtual memory requested, 0 released, 1812992000 free
2026-01-06T23:34:59.367-0500 [DEBUG] [org.gradle.process.internal.health.memory.DefaultMemoryManager] 2769969561 virtual memory requested, 1783504896 free
2026-01-06T23:34:59.368-0500 [DEBUG] [org.gradle.workers.internal.WorkerDaemonExpiration] Will attempt to release 2641 of memory
2026-01-06T23:34:59.368-0500 [DEBUG] [org.gradle.process.internal.health.memory.DefaultMemoryManager] 2769969561 virtual memory requested, 0 released, 1783504896 free
2026-01-06T23:35:00.330-0500 [DEBUG] [org.gradle.cache.internal.DefaultFileLockManager] Waiting to acquire shared lock on daemon addresses registry.
2026-01-06T23:35:00.351-0500 [DEBUG] [org.gradle.cache.internal.DefaultFileLockManager] Lock acquired on daemon addresses registry.
2026-01-06T23:35:00.352-0500 [DEBUG] [org.gradle.cache.internal.DefaultFileLockManager] Releasing lock on daemon addresses registry.
2026-01-06T23:35:00.353-0500 [DEBUG] [org.gradle.cache.internal.DefaultFileLockManager] Waiting to acquire shared lock on daemon addresses registry.
2026-01-06T23:35:00.353-0500 [DEBUG] [org.gradle.cache.internal.DefaultFileLockManager] Lock acquired on daemon addresses registry.
2026-01-06T23:35:00.353-0500 [DEBUG] [org.gradle.cache.internal.DefaultFileLockManager] Releasing lock on daemon addresses registry.
2026-01-06T23:35:00.355-0500 [DEBUG] [org.gradle.cache.internal.DefaultFileLockManager] Waiting to acquire shared lock on daemon addresses registry.
2026-01-06T23:35:00.355-0500 [DEBUG] [org.gradle.cache.internal.DefaultFileLockManager] Lock acquired on daemon addresses registry.
2026-01-06T23:35:00.355-0500 [DEBUG] [org.gradle.cache.internal.DefaultFileLockManager] Releasing lock on daemon addresses registry.
2026-01-06T23:35:04.371-0500 [DEBUG] [org.gradle.process.internal.health.memory.DefaultMemoryManager] 2769969561 virtual memory requested, 1726472192 free
2026-01-06T23:35:04.371-0500 [DEBUG] [org.gradle.workers.internal.WorkerDaemonExpiration] Will attempt to release 2641 of memory
2026-01-06T23:35:04.371-0500 [DEBUG] [org.gradle.process.internal.health.memory.DefaultMemoryManager] 2769969561 virtual memory requested, 0 released, 1726472192 free
2026-01-06T23:35:09.364-0500 [DEBUG] [org.gradle.process.internal.health.memory.DefaultMemoryManager] 2769969561 virtual memory requested, 2055913472 free
2026-01-06T23:35:09.364-0500 [DEBUG] [org.gradle.workers.internal.WorkerDaemonExpiration] Will attempt to release 2641 of memory
2026-01-06T23:35:09.365-0500 [DEBUG] [org.gradle.process.internal.health.memory.DefaultMemoryManager] 2769969561 virtual memory requested, 0 released, 2055913472 free
2026-01-06T23:35:10.340-0500 [DEBUG] [org.gradle.cache.internal.DefaultFileLockManager] Waiting to acquire shared lock on daemon addresses registry.
2026-01-06T23:35:10.340-0500 [DEBUG] [org.gradle.cache.internal.DefaultFileLockManager] Lock acquired on daemon addresses registry.
2026-01-06T23:35:10.340-0500 [DEBUG] [org.gradle.cache.internal.DefaultFileLockManager] Releasing lock on daemon addresses registry.
2026-01-06T23:35:10.342-0500 [DEBUG] [org.gradle.cache.internal.DefaultFileLockManager] Waiting to acquire shared lock on daemon addresses registry.
2026-01-06T23:35:10.342-0500 [DEBUG] [org.gradle.cache.internal.DefaultFileLockManager] Lock acquired on daemon addresses registry.
2026-01-06T23:35:10.342-0500 [DEBUG] [org.gradle.cache.internal.DefaultFileLockManager] Releasing lock on daemon addresses registry.
2026-01-06T23:35:10.343-0500 [DEBUG] [org.gradle.cache.internal.DefaultFileLockManager] Waiting to acquire shared lock on daemon addresses registry.
2026-01-06T23:35:10.343-0500 [DEBUG] [org.gradle.cache.internal.DefaultFileLockManager] Lock acquired on daemon addresses registry.
2026-01-06T23:35:10.343-0500 [DEBUG] [org.gradle.cache.internal.DefaultFileLockManager] Releasing lock on daemon addresses registry.
2026-01-06T23:35:14.371-0500 [DEBUG] [org.gradle.process.internal.health.memory.DefaultMemoryManager] 2769969561 virtual memory requested, 1989488640 free
2026-01-06T23:35:14.371-0500 [DEBUG] [org.gradle.workers.internal.WorkerDaemonExpiration] Will attempt to release 2641 of memory
2026-01-06T23:35:14.371-0500 [DEBUG] [org.gradle.process.internal.health.memory.DefaultMemoryManager] 2769969561 virtual memory requested, 0 released, 1989488640 free
2026-01-06T23:35:19.372-0500 [DEBUG] [org.gradle.process.internal.health.memory.DefaultMemoryManager] 2769969561 virtual memory requested, 2000928768 free
2026-01-06T23:35:19.372-0500 [DEBUG] [org.gradle.workers.internal.WorkerDaemonExpiration] Will attempt to release 2641 of memory
2026-01-06T23:35:19.372-0500 [DEBUG] [org.gradle.process.internal.health.memory.DefaultMemoryManager] 2769969561 virtual memory requested, 0 released, 2000928768 free
2026-01-06T23:35:20.338-0500 [DEBUG] [org.gradle.cache.internal.DefaultFileLockManager] Waiting to acquire shared lock on daemon addresses registry.
2026-01-06T23:35:20.339-0500 [DEBUG] [org.gradle.cache.internal.DefaultFileLockManager] Lock acquired on daemon addresses registry.
2026-01-06T23:35:20.340-0500 [DEBUG] [org.gradle.cache.internal.DefaultFileLockManager] Releasing lock on daemon addresses registry.
2026-01-06T23:35:20.341-0500 [DEBUG] [org.gradle.cache.internal.DefaultFileLockManager] Waiting to acquire shared lock on daemon addresses registry.
2026-01-06T23:35:20.341-0500 [DEBUG] [org.gradle.cache.internal.DefaultFileLockManager] Lock acquired on daemon addresses registry.
2026-01-06T23:35:20.342-0500 [DEBUG] [org.gradle.cache.internal.DefaultFileLockManager] Releasing lock on daemon addresses registry.
2026-01-06T23:35:20.343-0500 [DEBUG] [org.gradle.cache.internal.DefaultFileLockManager] Waiting to acquire shared lock on daemon addresses registry.
2026-01-06T23:35:20.344-0500 [DEBUG] [org.gradle.cache.internal.DefaultFileLockManager] Lock acquired on daemon addresses registry.
2026-01-06T23:35:20.345-0500 [DEBUG] [org.gradle.cache.internal.DefaultFileLockManager] Releasing lock on daemon addresses registry.
2026-01-06T23:35:24.371-0500 [DEBUG] [org.gradle.process.internal.health.memory.DefaultMemoryManager] 2769969561 virtual memory requested, 2004746240 free
2026-01-06T23:35:24.371-0500 [DEBUG] [org.gradle.workers.internal.WorkerDaemonExpiration] Will attempt to release 2641 of memory
2026-01-06T23:35:24.371-0500 [DEBUG] [org.gradle.process.internal.health.memory.DefaultMemoryManager] 2769969561 virtual memory requested, 0 released, 2004746240 free
2026-01-06T23:35:29.364-0500 [DEBUG] [org.gradle.process.internal.health.memory.DefaultMemoryManager] 2769969561 virtual memory requested, 1990139904 free
2026-01-06T23:35:29.364-0500 [DEBUG] [org.gradle.workers.internal.WorkerDaemonExpiration] Will attempt to release 2641 of memory
2026-01-06T23:35:29.364-0500 [DEBUG] [org.gradle.process.internal.health.memory.DefaultMemoryManager] 2769969561 virtual memory requested, 0 released, 1990139904 free
2026-01-06T23:35:30.337-0500 [DEBUG] [org.gradle.cache.internal.DefaultFileLockManager] Waiting to acquire shared lock on daemon addresses registry.
2026-01-06T23:35:30.343-0500 [DEBUG] [org.gradle.cache.internal.DefaultFileLockManager] Lock acquired on daemon addresses registry.
2026-01-06T23:35:30.343-0500 [DEBUG] [org.gradle.cache.internal.DefaultFileLockManager] Releasing lock on daemon addresses registry.
2026-01-06T23:35:30.344-0500 [DEBUG] [org.gradle.cache.internal.DefaultFileLockManager] Waiting to acquire shared lock on daemon addresses registry.
2026-01-06T23:35:30.344-0500 [DEBUG] [org.gradle.cache.internal.DefaultFileLockManager] Lock acquired on daemon addresses registry.
2026-01-06T23:35:30.345-0500 [DEBUG] [org.gradle.cache.internal.DefaultFileLockManager] Releasing lock on daemon addresses registry.
2026-01-06T23:35:30.345-0500 [DEBUG] [org.gradle.cache.internal.DefaultFileLockManager] Waiting to acquire shared lock on daemon addresses registry.
2026-01-06T23:35:30.345-0500 [DEBUG] [org.gradle.cache.internal.DefaultFileLockManager] Lock acquired on daemon addresses registry.
2026-01-06T23:35:30.346-0500 [DEBUG] [org.gradle.cache.internal.DefaultFileLockManager] Releasing lock on daemon addresses registry.
2026-01-06T23:35:34.375-0500 [DEBUG] [org.gradle.process.internal.health.memory.DefaultMemoryManager] 2769969561 virtual memory requested, 1959550976 free
2026-01-06T23:35:34.375-0500 [DEBUG] [org.gradle.workers.internal.WorkerDaemonExpiration] Will attempt to release 2641 of memory
2026-01-06T23:35:34.376-0500 [DEBUG] [org.gradle.process.internal.health.memory.DefaultMemoryManager] 2769969561 virtual memory requested, 0 released, 1959550976 free
2026-01-06T23:35:39.366-0500 [DEBUG] [org.gradle.process.internal.health.memory.DefaultMemoryManager] 2769969561 virtual memory requested, 1986740224 free
2026-01-06T23:35:39.366-0500 [DEBUG] [org.gradle.workers.internal.WorkerDaemonExpiration] Will attempt to release 2641 of memory
2026-01-06T23:35:39.366-0500 [DEBUG] [org.gradle.process.internal.health.memory.DefaultMemoryManager] 2769969561 virtual memory requested, 0 released, 1986740224 free
2026-01-06T23:35:40.337-0500 [DEBUG] [org.gradle.cache.internal.DefaultFileLockManager] Waiting to acquire shared lock on daemon addresses registry.
2026-01-06T23:35:40.337-0500 [DEBUG] [org.gradle.cache.internal.DefaultFileLockManager] Lock acquired on daemon addresses registry.
2026-01-06T23:35:40.337-0500 [DEBUG] [org.gradle.cache.internal.DefaultFileLockManager] Releasing lock on daemon addresses registry.
2026-01-06T23:35:40.338-0500 [DEBUG] [org.gradle.cache.internal.DefaultFileLockManager] Waiting to acquire shared lock on daemon addresses registry.
2026-01-06T23:35:40.338-0500 [DEBUG] [org.gradle.cache.internal.DefaultFileLockManager] Lock acquired on daemon addresses registry.
2026-01-06T23:35:40.338-0500 [DEBUG] [org.gradle.cache.internal.DefaultFileLockManager] Releasing lock on daemon addresses registry.
2026-01-06T23:35:40.339-0500 [DEBUG] [org.gradle.cache.internal.DefaultFileLockManager] Waiting to acquire shared lock on daemon addresses registry.
2026-01-06T23:35:40.339-0500 [DEBUG] [org.gradle.cache.internal.DefaultFileLockManager] Lock acquired on daemon addresses registry.
2026-01-06T23:35:40.339-0500 [DEBUG] [org.gradle.cache.internal.DefaultFileLockManager] Releasing lock on daemon addresses registry.
2026-01-06T23:35:44.377-0500 [DEBUG] [org.gradle.process.internal.health.memory.DefaultMemoryManager] 2769969561 virtual memory requested, 1531224064 free
2026-01-06T23:35:44.377-0500 [DEBUG] [org.gradle.workers.internal.WorkerDaemonExpiration] Will attempt to release 2641 of memory
2026-01-06T23:35:44.377-0500 [DEBUG] [org.gradle.process.internal.health.memory.DefaultMemoryManager] 2769969561 virtual memory requested, 0 released, 1531224064 free
2026-01-06T23:35:49.365-0500 [DEBUG] [org.gradle.process.internal.health.memory.DefaultMemoryManager] 2769969561 virtual memory requested, 1676013568 free
2026-01-06T23:35:49.365-0500 [DEBUG] [org.gradle.workers.internal.WorkerDaemonExpiration] Will attempt to release 2641 of memory
2026-01-06T23:35:49.365-0500 [DEBUG] [org.gradle.process.internal.health.memory.DefaultMemoryManager] 2769969561 virtual memory requested, 0 released, 1676013568 free
2026-01-06T23:35:50.335-0500 [DEBUG] [org.gradle.cache.internal.DefaultFileLockManager] Waiting to acquire shared lock on daemon addresses registry.
2026-01-06T23:35:50.336-0500 [DEBUG] [org.gradle.cache.internal.DefaultFileLockManager] Lock acquired on daemon addresses registry.
2026-01-06T23:35:50.336-0500 [DEBUG] [org.gradle.cache.internal.DefaultFileLockManager] Releasing lock on daemon addresses registry.
2026-01-06T23:35:50.337-0500 [DEBUG] [org.gradle.cache.internal.DefaultFileLockManager] Waiting to acquire shared lock on daemon addresses registry.
2026-01-06T23:35:50.338-0500 [DEBUG] [org.gradle.cache.internal.DefaultFileLockManager] Lock acquired on daemon addresses registry.
2026-01-06T23:35:50.338-0500 [DEBUG] [org.gradle.cache.internal.DefaultFileLockManager] Releasing lock on daemon addresses registry.
2026-01-06T23:35:50.339-0500 [DEBUG] [org.gradle.cache.internal.DefaultFileLockManager] Waiting to acquire shared lock on daemon addresses registry.
2026-01-06T23:35:50.339-0500 [DEBUG] [org.gradle.cache.internal.DefaultFileLockManager] Lock acquired on daemon addresses registry.
2026-01-06T23:35:50.340-0500 [DEBUG] [org.gradle.cache.internal.DefaultFileLockManager] Releasing lock on daemon addresses registry.
2026-01-06T23:35:54.378-0500 [DEBUG] [org.gradle.process.internal.health.memory.DefaultMemoryManager] 2769969561 virtual memory requested, 1670127616 free
2026-01-06T23:35:54.378-0500 [DEBUG] [org.gradle.workers.internal.WorkerDaemonExpiration] Will attempt to release 2641 of memory
2026-01-06T23:35:54.378-0500 [DEBUG] [org.gradle.process.internal.health.memory.DefaultMemoryManager] 2769969561 virtual memory requested, 0 released, 1670127616 free
2026-01-06T23:35:59.375-0500 [DEBUG] [org.gradle.process.internal.health.memory.DefaultMemoryManager] 2769969561 virtual memory requested, 1805373440 free
2026-01-06T23:35:59.375-0500 [DEBUG] [org.gradle.workers.internal.WorkerDaemonExpiration] Will attempt to release 2641 of memory
2026-01-06T23:35:59.375-0500 [DEBUG] [org.gradle.process.internal.health.memory.DefaultMemoryManager] 2769969561 virtual memory requested, 0 released, 1805373440 free
2026-01-06T23:36:00.332-0500 [DEBUG] [org.gradle.cache.internal.DefaultFileLockManager] Waiting to acquire shared lock on daemon addresses registry.
2026-01-06T23:36:00.337-0500 [DEBUG] [org.gradle.cache.internal.DefaultFileLockManager] Lock acquired on daemon addresses registry.
2026-01-06T23:36:00.338-0500 [DEBUG] [org.gradle.cache.internal.DefaultFileLockManager] Releasing lock on daemon addresses registry.
2026-01-06T23:36:00.339-0500 [DEBUG] [org.gradle.cache.internal.DefaultFileLockManager] Waiting to acquire shared lock on daemon addresses registry.
2026-01-06T23:36:00.339-0500 [DEBUG] [org.gradle.cache.internal.DefaultFileLockManager] Lock acquired on daemon addresses registry.
2026-01-06T23:36:00.340-0500 [DEBUG] [org.gradle.cache.internal.DefaultFileLockManager] Releasing lock on daemon addresses registry.
2026-01-06T23:36:00.341-0500 [DEBUG] [org.gradle.cache.internal.DefaultFileLockManager] Waiting to acquire shared lock on daemon addresses registry.
2026-01-06T23:36:00.341-0500 [DEBUG] [org.gradle.cache.internal.DefaultFileLockManager] Lock acquired on daemon addresses registry.
2026-01-06T23:36:00.341-0500 [DEBUG] [org.gradle.cache.internal.DefaultFileLockManager] Releasing lock on daemon addresses registry.
2026-01-06T23:36:04.368-0500 [DEBUG] [org.gradle.process.internal.health.memory.DefaultMemoryManager] 2769969561 virtual memory requested, 1778450432 free
2026-01-06T23:36:04.368-0500 [DEBUG] [org.gradle.workers.internal.WorkerDaemonExpiration] Will attempt to release 2641 of memory
2026-01-06T23:36:04.368-0500 [DEBUG] [org.gradle.process.internal.health.memory.DefaultMemoryManager] 2769969561 virtual memory requested, 0 released, 1778450432 free
2026-01-06T23:36:09.380-0500 [DEBUG] [org.gradle.process.internal.health.memory.DefaultMemoryManager] 2769969561 virtual memory requested, 2090315776 free
2026-01-06T23:36:09.380-0500 [DEBUG] [org.gradle.workers.internal.WorkerDaemonExpiration] Will attempt to release 2641 of memory
2026-01-06T23:36:09.380-0500 [DEBUG] [org.gradle.process.internal.health.memory.DefaultMemoryManager] 2769969561 virtual memory requested, 0 released, 2090315776 free
2026-01-06T23:36:10.337-0500 [DEBUG] [org.gradle.cache.internal.DefaultFileLockManager] Waiting to acquire shared lock on daemon addresses registry.
2026-01-06T23:36:10.338-0500 [DEBUG] [org.gradle.cache.internal.DefaultFileLockManager] Lock acquired on daemon addresses registry.
2026-01-06T23:36:10.338-0500 [DEBUG] [org.gradle.cache.internal.DefaultFileLockManager] Releasing lock on daemon addresses registry.
2026-01-06T23:36:10.339-0500 [DEBUG] [org.gradle.cache.internal.DefaultFileLockManager] Waiting to acquire shared lock on daemon addresses registry.
2026-01-06T23:36:10.339-0500 [DEBUG] [org.gradle.cache.internal.DefaultFileLockManager] Lock acquired on daemon addresses registry.
2026-01-06T23:36:10.340-0500 [DEBUG] [org.gradle.cache.internal.DefaultFileLockManager] Releasing lock on daemon addresses registry.
2026-01-06T23:36:10.340-0500 [DEBUG] [org.gradle.cache.internal.DefaultFileLockManager] Waiting to acquire shared lock on daemon addresses registry.
2026-01-06T23:36:10.340-0500 [DEBUG] [org.gradle.cache.internal.DefaultFileLockManager] Lock acquired on daemon addresses registry.
2026-01-06T23:36:10.341-0500 [DEBUG] [org.gradle.cache.internal.DefaultFileLockManager] Releasing lock on daemon addresses registry.
2026-01-06T23:36:14.367-0500 [DEBUG] [org.gradle.process.internal.health.memory.DefaultMemoryManager] 2769969561 virtual memory requested, 2032988160 free
2026-01-06T23:36:14.367-0500 [DEBUG] [org.gradle.workers.internal.WorkerDaemonExpiration] Will attempt to release 2641 of memory
2026-01-06T23:36:14.367-0500 [DEBUG] [org.gradle.process.internal.health.memory.DefaultMemoryManager] 2769969561 virtual memory requested, 0 released, 2032988160 free
2026-01-06T23:36:19.379-0500 [DEBUG] [org.gradle.process.internal.health.memory.DefaultMemoryManager] 2769969561 virtual memory requested, 2027577344 free
2026-01-06T23:36:19.379-0500 [DEBUG] [org.gradle.workers.internal.WorkerDaemonExpiration] Will attempt to release 2641 of memory
2026-01-06T23:36:19.379-0500 [DEBUG] [org.gradle.process.internal.health.memory.DefaultMemoryManager] 2769969561 virtual memory requested, 0 released, 2027577344 free
2026-01-06T23:36:20.336-0500 [DEBUG] [org.gradle.cache.internal.DefaultFileLockManager] Waiting to acquire shared lock on daemon addresses registry.
2026-01-06T23:36:20.336-0500 [DEBUG] [org.gradle.cache.internal.DefaultFileLockManager] Lock acquired on daemon addresses registry.
2026-01-06T23:36:20.336-0500 [DEBUG] [org.gradle.cache.internal.DefaultFileLockManager] Releasing lock on daemon addresses registry.
2026-01-06T23:36:20.339-0500 [DEBUG] [org.gradle.cache.internal.DefaultFileLockManager] Waiting to acquire shared lock on daemon addresses registry.
2026-01-06T23:36:20.340-0500 [DEBUG] [org.gradle.cache.internal.DefaultFileLockManager] Lock acquired on daemon addresses registry.
2026-01-06T23:36:20.340-0500 [DEBUG] [org.gradle.cache.internal.DefaultFileLockManager] Releasing lock on daemon addresses registry.
2026-01-06T23:36:20.341-0500 [DEBUG] [org.gradle.cache.internal.DefaultFileLockManager] Waiting to acquire shared lock on daemon addresses registry.
2026-01-06T23:36:20.341-0500 [DEBUG] [org.gradle.cache.internal.DefaultFileLockManager] Lock acquired on daemon addresses registry.
2026-01-06T23:36:20.341-0500 [DEBUG] [org.gradle.cache.internal.DefaultFileLockManager] Releasing lock on daemon addresses registry.
2026-01-06T23:36:24.375-0500 [DEBUG] [org.gradle.process.internal.health.memory.DefaultMemoryManager] 2769969561 virtual memory requested, 2021658624 free
2026-01-06T23:36:24.375-0500 [DEBUG] [org.gradle.workers.internal.WorkerDaemonExpiration] Will attempt to release 2641 of memory
2026-01-06T23:36:24.375-0500 [DEBUG] [org.gradle.process.internal.health.memory.DefaultMemoryManager] 2769969561 virtual memory requested, 0 released, 2021658624 free
2026-01-06T23:36:29.369-0500 [DEBUG] [org.gradle.process.internal.health.memory.DefaultMemoryManager] 2769969561 virtual memory requested, 1964834816 free
2026-01-06T23:36:29.369-0500 [DEBUG] [org.gradle.workers.internal.WorkerDaemonExpiration] Will attempt to release 2641 of memory
2026-01-06T23:36:29.369-0500 [DEBUG] [org.gradle.process.internal.health.memory.DefaultMemoryManager] 2769969561 virtual memory requested, 0 released, 1964834816 free
2026-01-06T23:36:30.343-0500 [DEBUG] [org.gradle.cache.internal.DefaultFileLockManager] Waiting to acquire shared lock on daemon addresses registry.
2026-01-06T23:36:30.343-0500 [DEBUG] [org.gradle.cache.internal.DefaultFileLockManager] Lock acquired on daemon addresses registry.
2026-01-06T23:36:30.344-0500 [DEBUG] [org.gradle.cache.internal.DefaultFileLockManager] Releasing lock on daemon addresses registry.
2026-01-06T23:36:30.345-0500 [DEBUG] [org.gradle.cache.internal.DefaultFileLockManager] Waiting to acquire shared lock on daemon addresses registry.
2026-01-06T23:36:30.345-0500 [DEBUG] [org.gradle.cache.internal.DefaultFileLockManager] Lock acquired on daemon addresses registry.
2026-01-06T23:36:30.345-0500 [DEBUG] [org.gradle.cache.internal.DefaultFileLockManager] Releasing lock on daemon addresses registry.
2026-01-06T23:36:30.346-0500 [DEBUG] [org.gradle.cache.internal.DefaultFileLockManager] Waiting to acquire shared lock on daemon addresses registry.
2026-01-06T23:36:30.346-0500 [DEBUG] [org.gradle.cache.internal.DefaultFileLockManager] Lock acquired on daemon addresses registry.
2026-01-06T23:36:30.346-0500 [DEBUG] [org.gradle.cache.internal.DefaultFileLockManager] Releasing lock on daemon addresses registry.
2026-01-06T23:36:34.375-0500 [DEBUG] [org.gradle.process.internal.health.memory.DefaultMemoryManager] 2769969561 virtual memory requested, 1999949824 free
2026-01-06T23:36:34.375-0500 [DEBUG] [org.gradle.workers.internal.WorkerDaemonExpiration] Will attempt to release 2641 of memory
2026-01-06T23:36:34.375-0500 [DEBUG] [org.gradle.process.internal.health.memory.DefaultMemoryManager] 2769969561 virtual memory requested, 0 released, 1999949824 free
2026-01-06T23:36:39.384-0500 [DEBUG] [org.gradle.process.internal.health.memory.DefaultMemoryManager] 2769969561 virtual memory requested, 1952673792 free
2026-01-06T23:36:39.384-0500 [DEBUG] [org.gradle.workers.internal.WorkerDaemonExpiration] Will attempt to release 2641 of memory
2026-01-06T23:36:39.384-0500 [DEBUG] [org.gradle.process.internal.health.memory.DefaultMemoryManager] 2769969561 virtual memory requested, 0 released, 1952673792 free
2026-01-06T23:36:40.338-0500 [DEBUG] [org.gradle.cache.internal.DefaultFileLockManager] Waiting to acquire shared lock on daemon addresses registry.
2026-01-06T23:36:40.338-0500 [DEBUG] [org.gradle.cache.internal.DefaultFileLockManager] Lock acquired on daemon addresses registry.
2026-01-06T23:36:40.338-0500 [DEBUG] [org.gradle.cache.internal.DefaultFileLockManager] Releasing lock on daemon addresses registry.
2026-01-06T23:36:40.340-0500 [DEBUG] [org.gradle.cache.internal.DefaultFileLockManager] Waiting to acquire shared lock on daemon addresses registry.
2026-01-06T23:36:40.340-0500 [DEBUG] [org.gradle.cache.internal.DefaultFileLockManager] Lock acquired on daemon addresses registry.
2026-01-06T23:36:40.340-0500 [DEBUG] [org.gradle.cache.internal.DefaultFileLockManager] Releasing lock on daemon addresses registry.
2026-01-06T23:36:40.341-0500 [DEBUG] [org.gradle.cache.internal.DefaultFileLockManager] Waiting to acquire shared lock on daemon addresses registry.
2026-01-06T23:36:40.341-0500 [DEBUG] [org.gradle.cache.internal.DefaultFileLockManager] Lock acquired on daemon addresses registry.
2026-01-06T23:36:40.341-0500 [DEBUG] [org.gradle.cache.internal.DefaultFileLockManager] Releasing lock on daemon addresses registry.
2026-01-06T23:36:44.375-0500 [DEBUG] [org.gradle.process.internal.health.memory.DefaultMemoryManager] 2769969561 virtual memory requested, 1966473216 free
2026-01-06T23:36:44.375-0500 [DEBUG] [org.gradle.workers.internal.WorkerDaemonExpiration] Will attempt to release 2641 of memory
2026-01-06T23:36:44.375-0500 [DEBUG] [org.gradle.process.internal.health.memory.DefaultMemoryManager] 2769969561 virtual memory requested, 0 released, 1966473216 free
2026-01-06T23:36:49.376-0500 [DEBUG] [org.gradle.process.internal.health.memory.DefaultMemoryManager] 2769969561 virtual memory requested, 2076868608 free
2026-01-06T23:36:49.376-0500 [DEBUG] [org.gradle.workers.internal.WorkerDaemonExpiration] Will attempt to release 2641 of memory
2026-01-06T23:36:49.376-0500 [DEBUG] [org.gradle.process.internal.health.memory.DefaultMemoryManager] 2769969561 virtual memory requested, 0 released, 2076868608 free
2026-01-06T23:36:50.343-0500 [DEBUG] [org.gradle.cache.internal.DefaultFileLockManager] Waiting to acquire shared lock on daemon addresses registry.
2026-01-06T23:36:50.344-0500 [DEBUG] [org.gradle.cache.internal.DefaultFileLockManager] Lock acquired on daemon addresses registry.
2026-01-06T23:36:50.344-0500 [DEBUG] [org.gradle.cache.internal.DefaultFileLockManager] Releasing lock on daemon addresses registry.
2026-01-06T23:36:50.345-0500 [DEBUG] [org.gradle.cache.internal.DefaultFileLockManager] Waiting to acquire shared lock on daemon addresses registry.
2026-01-06T23:36:50.345-0500 [DEBUG] [org.gradle.cache.internal.DefaultFileLockManager] Lock acquired on daemon addresses registry.
2026-01-06T23:36:50.345-0500 [DEBUG] [org.gradle.cache.internal.DefaultFileLockManager] Releasing lock on daemon addresses registry.
2026-01-06T23:36:50.346-0500 [DEBUG] [org.gradle.cache.internal.DefaultFileLockManager] Waiting to acquire shared lock on daemon addresses registry.
2026-01-06T23:36:50.346-0500 [DEBUG] [org.gradle.cache.internal.DefaultFileLockManager] Lock acquired on daemon addresses registry.
2026-01-06T23:36:50.346-0500 [DEBUG] [org.gradle.cache.internal.DefaultFileLockManager] Releasing lock on daemon addresses registry.
2026-01-06T23:36:54.388-0500 [DEBUG] [org.gradle.process.internal.health.memory.DefaultMemoryManager] 2769969561 virtual memory requested, 2007425024 free
2026-01-06T23:36:54.388-0500 [DEBUG] [org.gradle.workers.internal.WorkerDaemonExpiration] Will attempt to release 2641 of memory
2026-01-06T23:36:54.388-0500 [DEBUG] [org.gradle.process.internal.health.memory.DefaultMemoryManager] 2769969561 virtual memory requested, 0 released, 2007425024 free
2026-01-06T23:36:59.373-0500 [DEBUG] [org.gradle.process.internal.health.memory.DefaultMemoryManager] 2769969561 virtual memory requested, 2034491392 free
2026-01-06T23:36:59.373-0500 [DEBUG] [org.gradle.workers.internal.WorkerDaemonExpiration] Will attempt to release 2641 of memory
2026-01-06T23:36:59.373-0500 [DEBUG] [org.gradle.process.internal.health.memory.DefaultMemoryManager] 2769969561 virtual memory requested, 0 released, 2034491392 free
2026-01-06T23:37:00.351-0500 [DEBUG] [org.gradle.cache.internal.DefaultFileLockManager] Waiting to acquire shared lock on daemon addresses registry.
2026-01-06T23:37:00.351-0500 [DEBUG] [org.gradle.cache.internal.DefaultFileLockManager] Lock acquired on daemon addresses registry.
2026-01-06T23:37:00.352-0500 [DEBUG] [org.gradle.cache.internal.DefaultFileLockManager] Releasing lock on daemon addresses registry.
2026-01-06T23:37:00.353-0500 [DEBUG] [org.gradle.cache.internal.DefaultFileLockManager] Waiting to acquire shared lock on daemon addresses registry.
2026-01-06T23:37:00.353-0500 [DEBUG] [org.gradle.cache.internal.DefaultFileLockManager] Lock acquired on daemon addresses registry.
2026-01-06T23:37:00.353-0500 [DEBUG] [org.gradle.cache.internal.DefaultFileLockManager] Releasing lock on daemon addresses registry.
2026-01-06T23:37:00.354-0500 [DEBUG] [org.gradle.cache.internal.DefaultFileLockManager] Waiting to acquire shared lock on daemon addresses registry.
2026-01-06T23:37:00.354-0500 [DEBUG] [org.gradle.cache.internal.DefaultFileLockManager] Lock acquired on daemon addresses registry.
2026-01-06T23:37:00.354-0500 [DEBUG] [org.gradle.cache.internal.DefaultFileLockManager] Releasing lock on daemon addresses registry.
2026-01-06T23:37:04.374-0500 [DEBUG] [org.gradle.process.internal.health.memory.DefaultMemoryManager] 2769969561 virtual memory requested, 2050088960 free
2026-01-06T23:37:04.374-0500 [DEBUG] [org.gradle.workers.internal.WorkerDaemonExpiration] Will attempt to release 2641 of memory
2026-01-06T23:37:04.374-0500 [DEBUG] [org.gradle.process.internal.health.memory.DefaultMemoryManager] 2769969561 virtual memory requested, 0 released, 2050088960 free
2026-01-06T23:37:09.374-0500 [DEBUG] [org.gradle.process.internal.health.memory.DefaultMemoryManager] 2769969561 virtual memory requested, 2048909312 free
2026-01-06T23:37:09.374-0500 [DEBUG] [org.gradle.workers.internal.WorkerDaemonExpiration] Will attempt to release 2641 of memory
2026-01-06T23:37:09.374-0500 [DEBUG] [org.gradle.process.internal.health.memory.DefaultMemoryManager] 2769969561 virtual memory requested, 0 released, 2048909312 free
2026-01-06T23:37:10.349-0500 [DEBUG] [org.gradle.cache.internal.DefaultFileLockManager] Waiting to acquire shared lock on daemon addresses registry.
2026-01-06T23:37:10.349-0500 [DEBUG] [org.gradle.cache.internal.DefaultFileLockManager] Lock acquired on daemon addresses registry.
2026-01-06T23:37:10.350-0500 [DEBUG] [org.gradle.cache.internal.DefaultFileLockManager] Releasing lock on daemon addresses registry.
2026-01-06T23:37:10.351-0500 [DEBUG] [org.gradle.cache.internal.DefaultFileLockManager] Waiting to acquire shared lock on daemon addresses registry.
2026-01-06T23:37:10.351-0500 [DEBUG] [org.gradle.cache.internal.DefaultFileLockManager] Lock acquired on daemon addresses registry.
2026-01-06T23:37:10.351-0500 [DEBUG] [org.gradle.cache.internal.DefaultFileLockManager] Releasing lock on daemon addresses registry.
2026-01-06T23:37:10.352-0500 [DEBUG] [org.gradle.cache.internal.DefaultFileLockManager] Waiting to acquire shared lock on daemon addresses registry.
2026-01-06T23:37:10.352-0500 [DEBUG] [org.gradle.cache.internal.DefaultFileLockManager] Lock acquired on daemon addresses registry.
2026-01-06T23:37:10.352-0500 [DEBUG] [org.gradle.cache.internal.DefaultFileLockManager] Releasing lock on daemon addresses registry.
2026-01-06T23:37:14.384-0500 [DEBUG] [org.gradle.process.internal.health.memory.DefaultMemoryManager] 2769969561 virtual memory requested, 2005180416 free
2026-01-06T23:37:14.385-0500 [DEBUG] [org.gradle.workers.internal.WorkerDaemonExpiration] Will attempt to release 2641 of memory
2026-01-06T23:37:14.385-0500 [DEBUG] [org.gradle.process.internal.health.memory.DefaultMemoryManager] 2769969561 virtual memory requested, 0 released, 2005180416 free
2026-01-06T23:37:19.378-0500 [DEBUG] [org.gradle.process.internal.health.memory.DefaultMemoryManager] 2769969561 virtual memory requested, 1974132736 free
2026-01-06T23:37:19.378-0500 [DEBUG] [org.gradle.workers.internal.WorkerDaemonExpiration] Will attempt to release 2641 of memory
2026-01-06T23:37:19.378-0500 [DEBUG] [org.gradle.process.internal.health.memory.DefaultMemoryManager] 2769969561 virtual memory requested, 0 released, 1974132736 free
2026-01-06T23:37:20.350-0500 [DEBUG] [org.gradle.cache.internal.DefaultFileLockManager] Waiting to acquire shared lock on daemon addresses registry.
2026-01-06T23:37:20.350-0500 [DEBUG] [org.gradle.cache.internal.DefaultFileLockManager] Lock acquired on daemon addresses registry.
2026-01-06T23:37:20.350-0500 [DEBUG] [org.gradle.cache.internal.DefaultFileLockManager] Releasing lock on daemon addresses registry.
2026-01-06T23:37:20.351-0500 [DEBUG] [org.gradle.cache.internal.DefaultFileLockManager] Waiting to acquire shared lock on daemon addresses registry.
2026-01-06T23:37:20.352-0500 [DEBUG] [org.gradle.cache.internal.DefaultFileLockManager] Lock acquired on daemon addresses registry.
2026-01-06T23:37:20.352-0500 [DEBUG] [org.gradle.cache.internal.DefaultFileLockManager] Releasing lock on daemon addresses registry.
2026-01-06T23:37:20.353-0500 [DEBUG] [org.gradle.cache.internal.DefaultFileLockManager] Waiting to acquire shared lock on daemon addresses registry.
2026-01-06T23:37:20.353-0500 [DEBUG] [org.gradle.cache.internal.DefaultFileLockManager] Lock acquired on daemon addresses registry.
2026-01-06T23:37:20.353-0500 [DEBUG] [org.gradle.cache.internal.DefaultFileLockManager] Releasing lock on daemon addresses registry.
2026-01-06T23:37:24.376-0500 [DEBUG] [org.gradle.process.internal.health.memory.DefaultMemoryManager] 2769969561 virtual memory requested, 2005512192 free
2026-01-06T23:37:24.376-0500 [DEBUG] [org.gradle.workers.internal.WorkerDaemonExpiration] Will attempt to release 2641 of memory
2026-01-06T23:37:24.376-0500 [DEBUG] [org.gradle.process.internal.health.memory.DefaultMemoryManager] 2769969561 virtual memory requested, 0 released, 2005512192 free
2026-01-06T23:37:29.390-0500 [DEBUG] [org.gradle.process.internal.health.memory.DefaultMemoryManager] 2769969561 virtual memory requested, 1993596928 free
2026-01-06T23:37:29.390-0500 [DEBUG] [org.gradle.workers.internal.WorkerDaemonExpiration] Will attempt to release 2641 of memory
2026-01-06T23:37:29.390-0500 [DEBUG] [org.gradle.process.internal.health.memory.DefaultMemoryManager] 2769969561 virtual memory requested, 0 released, 1993596928 free
2026-01-06T23:37:30.353-0500 [DEBUG] [org.gradle.cache.internal.DefaultFileLockManager] Waiting to acquire shared lock on daemon addresses registry.
2026-01-06T23:37:30.353-0500 [DEBUG] [org.gradle.cache.internal.DefaultFileLockManager] Lock acquired on daemon addresses registry.
2026-01-06T23:37:30.353-0500 [DEBUG] [org.gradle.cache.internal.DefaultFileLockManager] Releasing lock on daemon addresses registry.
2026-01-06T23:37:30.354-0500 [DEBUG] [org.gradle.cache.internal.DefaultFileLockManager] Waiting to acquire shared lock on daemon addresses registry.
2026-01-06T23:37:30.355-0500 [DEBUG] [org.gradle.cache.internal.DefaultFileLockManager] Lock acquired on daemon addresses registry.
2026-01-06T23:37:30.355-0500 [DEBUG] [org.gradle.cache.internal.DefaultFileLockManager] Releasing lock on daemon addresses registry.
2026-01-06T23:37:30.356-0500 [DEBUG] [org.gradle.cache.internal.DefaultFileLockManager] Waiting to acquire shared lock on daemon addresses registry.
2026-01-06T23:37:30.356-0500 [DEBUG] [org.gradle.cache.internal.DefaultFileLockManager] Lock acquired on daemon addresses registry.
2026-01-06T23:37:30.356-0500 [DEBUG] [org.gradle.cache.internal.DefaultFileLockManager] Releasing lock on daemon addresses registry.
2026-01-06T23:37:34.377-0500 [DEBUG] [org.gradle.process.internal.health.memory.DefaultMemoryManager] 2769969561 virtual memory requested, 2005934080 free
2026-01-06T23:37:34.378-0500 [DEBUG] [org.gradle.workers.internal.WorkerDaemonExpiration] Will attempt to release 2641 of memory
2026-01-06T23:37:34.378-0500 [DEBUG] [org.gradle.process.internal.health.memory.DefaultMemoryManager] 2769969561 virtual memory requested, 0 released, 2005934080 free
2026-01-06T23:37:39.390-0500 [DEBUG] [org.gradle.process.internal.health.memory.DefaultMemoryManager] 2769969561 virtual memory requested, 2018766848 free
2026-01-06T23:37:39.390-0500 [DEBUG] [org.gradle.workers.internal.WorkerDaemonExpiration] Will attempt to release 2641 of memory
2026-01-06T23:37:39.390-0500 [DEBUG] [org.gradle.process.internal.health.memory.DefaultMemoryManager] 2769969561 virtual memory requested, 0 released, 2018766848 free
2026-01-06T23:37:40.356-0500 [DEBUG] [org.gradle.cache.internal.DefaultFileLockManager] Waiting to acquire shared lock on daemon addresses registry.
2026-01-06T23:37:40.356-0500 [DEBUG] [org.gradle.cache.internal.DefaultFileLockManager] Lock acquired on daemon addresses registry.
2026-01-06T23:37:40.356-0500 [DEBUG] [org.gradle.cache.internal.DefaultFileLockManager] Releasing lock on daemon addresses registry.
2026-01-06T23:37:40.357-0500 [DEBUG] [org.gradle.cache.internal.DefaultFileLockManager] Waiting to acquire shared lock on daemon addresses registry.
2026-01-06T23:37:40.357-0500 [DEBUG] [org.gradle.cache.internal.DefaultFileLockManager] Lock acquired on daemon addresses registry.
2026-01-06T23:37:40.358-0500 [DEBUG] [org.gradle.cache.internal.DefaultFileLockManager] Releasing lock on daemon addresses registry.
2026-01-06T23:37:40.359-0500 [DEBUG] [org.gradle.cache.internal.DefaultFileLockManager] Waiting to acquire shared lock on daemon addresses registry.
2026-01-06T23:37:40.359-0500 [DEBUG] [org.gradle.cache.internal.DefaultFileLockManager] Lock acquired on daemon addresses registry.
2026-01-06T23:37:40.359-0500 [DEBUG] [org.gradle.cache.internal.DefaultFileLockManager] Releasing lock on daemon addresses registry.
2026-01-06T23:37:44.386-0500 [DEBUG] [org.gradle.process.internal.health.memory.DefaultMemoryManager] 2769969561 virtual memory requested, 2015887360 free
2026-01-06T23:37:44.386-0500 [DEBUG] [org.gradle.workers.internal.WorkerDaemonExpiration] Will attempt to release 2641 of memory
2026-01-06T23:37:44.386-0500 [DEBUG] [org.gradle.process.internal.health.memory.DefaultMemoryManager] 2769969561 virtual memory requested, 0 released, 2015887360 free
2026-01-06T23:37:49.383-0500 [DEBUG] [org.gradle.process.internal.health.memory.DefaultMemoryManager] 2769969561 virtual memory requested, 2017120256 free
2026-01-06T23:37:49.384-0500 [DEBUG] [org.gradle.workers.internal.WorkerDaemonExpiration] Will attempt to release 2641 of memory
2026-01-06T23:37:49.384-0500 [DEBUG] [org.gradle.process.internal.health.memory.DefaultMemoryManager] 2769969561 virtual memory requested, 0 released, 2017120256 free
2026-01-06T23:37:50.359-0500 [DEBUG] [org.gradle.cache.internal.DefaultFileLockManager] Waiting to acquire shared lock on daemon addresses registry.
2026-01-06T23:37:50.359-0500 [DEBUG] [org.gradle.cache.internal.DefaultFileLockManager] Lock acquired on daemon addresses registry.
2026-01-06T23:37:50.360-0500 [DEBUG] [org.gradle.cache.internal.DefaultFileLockManager] Releasing lock on daemon addresses registry.
2026-01-06T23:37:50.361-0500 [DEBUG] [org.gradle.cache.internal.DefaultFileLockManager] Waiting to acquire shared lock on daemon addresses registry.
2026-01-06T23:37:50.361-0500 [DEBUG] [org.gradle.cache.internal.DefaultFileLockManager] Lock acquired on daemon addresses registry.
2026-01-06T23:37:50.362-0500 [DEBUG] [org.gradle.cache.internal.DefaultFileLockManager] Releasing lock on daemon addresses registry.
2026-01-06T23:37:50.363-0500 [DEBUG] [org.gradle.cache.internal.DefaultFileLockManager] Waiting to acquire shared lock on daemon addresses registry.
2026-01-06T23:37:50.363-0500 [DEBUG] [org.gradle.cache.internal.DefaultFileLockManager] Lock acquired on daemon addresses registry.
2026-01-06T23:37:50.363-0500 [DEBUG] [org.gradle.cache.internal.DefaultFileLockManager] Releasing lock on daemon addresses registry.
2026-01-06T23:37:54.380-0500 [DEBUG] [org.gradle.process.internal.health.memory.DefaultMemoryManager] 2769969561 virtual memory requested, 2014298112 free
2026-01-06T23:37:54.380-0500 [DEBUG] [org.gradle.workers.internal.WorkerDaemonExpiration] Will attempt to release 2641 of memory
2026-01-06T23:37:54.380-0500 [DEBUG] [org.gradle.process.internal.health.memory.DefaultMemoryManager] 2769969561 virtual memory requested, 0 released, 2014298112 free
2026-01-06T23:37:59.381-0500 [DEBUG] [org.gradle.process.internal.health.memory.DefaultMemoryManager] 2769969561 virtual memory requested, 1984081920 free
2026-01-06T23:37:59.381-0500 [DEBUG] [org.gradle.workers.internal.WorkerDaemonExpiration] Will attempt to release 2641 of memory
2026-01-06T23:37:59.381-0500 [DEBUG] [org.gradle.process.internal.health.memory.DefaultMemoryManager] 2769969561 virtual memory requested, 0 released, 1984081920 free
2026-01-06T23:38:00.355-0500 [DEBUG] [org.gradle.cache.internal.DefaultFileLockManager] Waiting to acquire shared lock on daemon addresses registry.
2026-01-06T23:38:00.355-0500 [DEBUG] [org.gradle.cache.internal.DefaultFileLockManager] Lock acquired on daemon addresses registry.
2026-01-06T23:38:00.356-0500 [DEBUG] [org.gradle.cache.internal.DefaultFileLockManager] Releasing lock on daemon addresses registry.
2026-01-06T23:38:00.357-0500 [DEBUG] [org.gradle.cache.internal.DefaultFileLockManager] Waiting to acquire shared lock on daemon addresses registry.
2026-01-06T23:38:00.357-0500 [DEBUG] [org.gradle.cache.internal.DefaultFileLockManager] Lock acquired on daemon addresses registry.
2026-01-06T23:38:00.357-0500 [DEBUG] [org.gradle.cache.internal.DefaultFileLockManager] Releasing lock on daemon addresses registry.
2026-01-06T23:38:00.359-0500 [DEBUG] [org.gradle.cache.internal.DefaultFileLockManager] Waiting to acquire shared lock on daemon addresses registry.
2026-01-06T23:38:00.359-0500 [DEBUG] [org.gradle.cache.internal.DefaultFileLockManager] Lock acquired on daemon addresses registry.
2026-01-06T23:38:00.359-0500 [DEBUG] [org.gradle.cache.internal.DefaultFileLockManager] Releasing lock on daemon addresses registry.
2026-01-06T23:38:04.387-0500 [DEBUG] [org.gradle.process.internal.health.memory.DefaultMemoryManager] 2769969561 virtual memory requested, 1974136832 free
2026-01-06T23:38:04.387-0500 [DEBUG] [org.gradle.workers.internal.WorkerDaemonExpiration] Will attempt to release 2641 of memory
2026-01-06T23:38:04.387-0500 [DEBUG] [org.gradle.process.internal.health.memory.DefaultMemoryManager] 2769969561 virtual memory requested, 0 released, 1974136832 free
2026-01-06T23:38:09.387-0500 [DEBUG] [org.gradle.process.internal.health.memory.DefaultMemoryManager] 2769969561 virtual memory requested, 1992093696 free
2026-01-06T23:38:09.387-0500 [DEBUG] [org.gradle.workers.internal.WorkerDaemonExpiration] Will attempt to release 2641 of memory
2026-01-06T23:38:09.388-0500 [DEBUG] [org.gradle.process.internal.health.memory.DefaultMemoryManager] 2769969561 virtual memory requested, 0 released, 1992093696 free
2026-01-06T23:38:10.352-0500 [DEBUG] [org.gradle.cache.internal.DefaultFileLockManager] Waiting to acquire shared lock on daemon addresses registry.
2026-01-06T23:38:10.352-0500 [DEBUG] [org.gradle.cache.internal.DefaultFileLockManager] Lock acquired on daemon addresses registry.
2026-01-06T23:38:10.353-0500 [DEBUG] [org.gradle.cache.internal.DefaultFileLockManager] Releasing lock on daemon addresses registry.
2026-01-06T23:38:10.354-0500 [DEBUG] [org.gradle.cache.internal.DefaultFileLockManager] Waiting to acquire shared lock on daemon addresses registry.
2026-01-06T23:38:10.354-0500 [DEBUG] [org.gradle.cache.internal.DefaultFileLockManager] Lock acquired on daemon addresses registry.
2026-01-06T23:38:10.354-0500 [DEBUG] [org.gradle.cache.internal.DefaultFileLockManager] Releasing lock on daemon addresses registry.
2026-01-06T23:38:10.355-0500 [DEBUG] [org.gradle.cache.internal.DefaultFileLockManager] Waiting to acquire shared lock on daemon addresses registry.
2026-01-06T23:38:10.355-0500 [DEBUG] [org.gradle.cache.internal.DefaultFileLockManager] Lock acquired on daemon addresses registry.
2026-01-06T23:38:10.356-0500 [DEBUG] [org.gradle.cache.internal.DefaultFileLockManager] Releasing lock on daemon addresses registry.
2026-01-06T23:38:14.395-0500 [DEBUG] [org.gradle.process.internal.health.memory.DefaultMemoryManager] 2769969561 virtual memory requested, 2014973952 free
2026-01-06T23:38:14.396-0500 [DEBUG] [org.gradle.workers.internal.WorkerDaemonExpiration] Will attempt to release 2641 of memory
2026-01-06T23:38:14.396-0500 [DEBUG] [org.gradle.process.internal.health.memory.DefaultMemoryManager] 2769969561 virtual memory requested, 0 released, 2014973952 free
2026-01-06T23:38:19.387-0500 [DEBUG] [org.gradle.process.internal.health.memory.DefaultMemoryManager] 2769969561 virtual memory requested, 2018926592 free
2026-01-06T23:38:19.388-0500 [DEBUG] [org.gradle.workers.internal.WorkerDaemonExpiration] Will attempt to release 2641 of memory
2026-01-06T23:38:19.388-0500 [DEBUG] [org.gradle.process.internal.health.memory.DefaultMemoryManager] 2769969561 virtual memory requested, 0 released, 2018926592 free
2026-01-06T23:38:20.361-0500 [DEBUG] [org.gradle.cache.internal.DefaultFileLockManager] Waiting to acquire shared lock on daemon addresses registry.
2026-01-06T23:38:20.362-0500 [DEBUG] [org.gradle.cache.internal.DefaultFileLockManager] Lock acquired on daemon addresses registry.
2026-01-06T23:38:20.362-0500 [DEBUG] [org.gradle.cache.internal.DefaultFileLockManager] Releasing lock on daemon addresses registry.
2026-01-06T23:38:20.363-0500 [DEBUG] [org.gradle.cache.internal.DefaultFileLockManager] Waiting to acquire shared lock on daemon addresses registry.
2026-01-06T23:38:20.363-0500 [DEBUG] [org.gradle.cache.internal.DefaultFileLockManager] Lock acquired on daemon addresses registry.
2026-01-06T23:38:20.364-0500 [DEBUG] [org.gradle.cache.internal.DefaultFileLockManager] Releasing lock on daemon addresses registry.
2026-01-06T23:38:20.365-0500 [DEBUG] [org.gradle.cache.internal.DefaultFileLockManager] Waiting to acquire shared lock on daemon addresses registry.
2026-01-06T23:38:20.365-0500 [DEBUG] [org.gradle.cache.internal.DefaultFileLockManager] Lock acquired on daemon addresses registry.
2026-01-06T23:38:20.365-0500 [DEBUG] [org.gradle.cache.internal.DefaultFileLockManager] Releasing lock on daemon addresses registry.
2026-01-06T23:38:24.387-0500 [DEBUG] [org.gradle.process.internal.health.memory.DefaultMemoryManager] 2769969561 virtual memory requested, 2017673216 free
2026-01-06T23:38:24.387-0500 [DEBUG] [org.gradle.workers.internal.WorkerDaemonExpiration] Will attempt to release 2641 of memory
2026-01-06T23:38:24.387-0500 [DEBUG] [org.gradle.process.internal.health.memory.DefaultMemoryManager] 2769969561 virtual memory requested, 0 released, 2017673216 free
2026-01-06T23:38:29.399-0500 [DEBUG] [org.gradle.process.internal.health.memory.DefaultMemoryManager] 2769969561 virtual memory requested, 2001117184 free
2026-01-06T23:38:29.399-0500 [DEBUG] [org.gradle.workers.internal.WorkerDaemonExpiration] Will attempt to release 2641 of memory
2026-01-06T23:38:29.399-0500 [DEBUG] [org.gradle.process.internal.health.memory.DefaultMemoryManager] 2769969561 virtual memory requested, 0 released, 2001117184 free
2026-01-06T23:38:30.360-0500 [DEBUG] [org.gradle.cache.internal.DefaultFileLockManager] Waiting to acquire shared lock on daemon addresses registry.
2026-01-06T23:38:30.360-0500 [DEBUG] [org.gradle.cache.internal.DefaultFileLockManager] Lock acquired on daemon addresses registry.
2026-01-06T23:38:30.361-0500 [DEBUG] [org.gradle.cache.internal.DefaultFileLockManager] Releasing lock on daemon addresses registry.
2026-01-06T23:38:30.362-0500 [DEBUG] [org.gradle.cache.internal.DefaultFileLockManager] Waiting to acquire shared lock on daemon addresses registry.
2026-01-06T23:38:30.362-0500 [DEBUG] [org.gradle.cache.internal.DefaultFileLockManager] Lock acquired on daemon addresses registry.
2026-01-06T23:38:30.363-0500 [DEBUG] [org.gradle.cache.internal.DefaultFileLockManager] Releasing lock on daemon addresses registry.
2026-01-06T23:38:30.364-0500 [DEBUG] [org.gradle.cache.internal.DefaultFileLockManager] Waiting to acquire shared lock on daemon addresses registry.
2026-01-06T23:38:30.364-0500 [DEBUG] [org.gradle.cache.internal.DefaultFileLockManager] Lock acquired on daemon addresses registry.
2026-01-06T23:38:30.364-0500 [DEBUG] [org.gradle.cache.internal.DefaultFileLockManager] Releasing lock on daemon addresses registry.
2026-01-06T23:38:34.389-0500 [DEBUG] [org.gradle.process.internal.health.memory.DefaultMemoryManager] 2769969561 virtual memory requested, 1978310656 free
2026-01-06T23:38:34.390-0500 [DEBUG] [org.gradle.workers.internal.WorkerDaemonExpiration] Will attempt to release 2641 of memory
2026-01-06T23:38:34.390-0500 [DEBUG] [org.gradle.process.internal.health.memory.DefaultMemoryManager] 2769969561 virtual memory requested, 0 released, 1978310656 free
2026-01-06T23:38:39.401-0500 [DEBUG] [org.gradle.process.internal.health.memory.DefaultMemoryManager] 2769969561 virtual memory requested, 1989095424 free
2026-01-06T23:38:39.401-0500 [DEBUG] [org.gradle.workers.internal.WorkerDaemonExpiration] Will attempt to release 2641 of memory
2026-01-06T23:38:39.401-0500 [DEBUG] [org.gradle.process.internal.health.memory.DefaultMemoryManager] 2769969561 virtual memory requested, 0 released, 1989095424 free
2026-01-06T23:38:40.366-0500 [DEBUG] [org.gradle.cache.internal.DefaultFileLockManager] Waiting to acquire shared lock on daemon addresses registry.
2026-01-06T23:38:40.366-0500 [DEBUG] [org.gradle.cache.internal.DefaultFileLockManager] Lock acquired on daemon addresses registry.
2026-01-06T23:38:40.366-0500 [DEBUG] [org.gradle.cache.internal.DefaultFileLockManager] Releasing lock on daemon addresses registry.
2026-01-06T23:38:40.368-0500 [DEBUG] [org.gradle.cache.internal.DefaultFileLockManager] Waiting to acquire shared lock on daemon addresses registry.
2026-01-06T23:38:40.368-0500 [DEBUG] [org.gradle.cache.internal.DefaultFileLockManager] Lock acquired on daemon addresses registry.
2026-01-06T23:38:40.368-0500 [DEBUG] [org.gradle.cache.internal.DefaultFileLockManager] Releasing lock on daemon addresses registry.
2026-01-06T23:38:40.370-0500 [DEBUG] [org.gradle.cache.internal.DefaultFileLockManager] Waiting to acquire shared lock on daemon addresses registry.
2026-01-06T23:38:40.370-0500 [DEBUG] [org.gradle.cache.internal.DefaultFileLockManager] Lock acquired on daemon addresses registry.
2026-01-06T23:38:40.370-0500 [DEBUG] [org.gradle.cache.internal.DefaultFileLockManager] Releasing lock on daemon addresses registry.
2026-01-06T23:38:44.399-0500 [DEBUG] [org.gradle.process.internal.health.memory.DefaultMemoryManager] 2769969561 virtual memory requested, 1982550016 free
2026-01-06T23:38:44.399-0500 [DEBUG] [org.gradle.workers.internal.WorkerDaemonExpiration] Will attempt to release 2641 of memory
2026-01-06T23:38:44.399-0500 [DEBUG] [org.gradle.process.internal.health.memory.DefaultMemoryManager] 2769969561 virtual memory requested, 0 released, 1982550016 free
2026-01-06T23:38:49.398-0500 [DEBUG] [org.gradle.process.internal.health.memory.DefaultMemoryManager] 2769969561 virtual memory requested, 2022309888 free
2026-01-06T23:38:49.398-0500 [DEBUG] [org.gradle.workers.internal.WorkerDaemonExpiration] Will attempt to release 2641 of memory
2026-01-06T23:38:49.399-0500 [DEBUG] [org.gradle.process.internal.health.memory.DefaultMemoryManager] 2769969561 virtual memory requested, 0 released, 2022309888 free
2026-01-06T23:38:50.366-0500 [DEBUG] [org.gradle.cache.internal.DefaultFileLockManager] Waiting to acquire shared lock on daemon addresses registry.
2026-01-06T23:38:50.366-0500 [DEBUG] [org.gradle.cache.internal.DefaultFileLockManager] Lock acquired on daemon addresses registry.
2026-01-06T23:38:50.366-0500 [DEBUG] [org.gradle.cache.internal.DefaultFileLockManager] Releasing lock on daemon addresses registry.
2026-01-06T23:38:50.368-0500 [DEBUG] [org.gradle.cache.internal.DefaultFileLockManager] Waiting to acquire shared lock on daemon addresses registry.
2026-01-06T23:38:50.368-0500 [DEBUG] [org.gradle.cache.internal.DefaultFileLockManager] Lock acquired on daemon addresses registry.
2026-01-06T23:38:50.368-0500 [DEBUG] [org.gradle.cache.internal.DefaultFileLockManager] Releasing lock on daemon addresses registry.
2026-01-06T23:38:50.370-0500 [DEBUG] [org.gradle.cache.internal.DefaultFileLockManager] Waiting to acquire shared lock on daemon addresses registry.
2026-01-06T23:38:50.370-0500 [DEBUG] [org.gradle.cache.internal.DefaultFileLockManager] Lock acquired on daemon addresses registry.
2026-01-06T23:38:50.370-0500 [DEBUG] [org.gradle.cache.internal.DefaultFileLockManager] Releasing lock on daemon addresses registry.
2026-01-06T23:38:54.398-0500 [DEBUG] [org.gradle.process.internal.health.memory.DefaultMemoryManager] 2769969561 virtual memory requested, 1982967808 free
2026-01-06T23:38:54.399-0500 [DEBUG] [org.gradle.workers.internal.WorkerDaemonExpiration] Will attempt to release 2641 of memory
2026-01-06T23:38:54.399-0500 [DEBUG] [org.gradle.process.internal.health.memory.DefaultMemoryManager] 2769969561 virtual memory requested, 0 released, 1982967808 free
2026-01-06T23:38:59.400-0500 [DEBUG] [org.gradle.process.internal.health.memory.DefaultMemoryManager] 2769969561 virtual memory requested, 2122428416 free
2026-01-06T23:38:59.400-0500 [DEBUG] [org.gradle.workers.internal.WorkerDaemonExpiration] Will attempt to release 2641 of memory
2026-01-06T23:38:59.400-0500 [DEBUG] [org.gradle.process.internal.health.memory.DefaultMemoryManager] 2769969561 virtual memory requested, 0 released, 2122428416 free
2026-01-06T23:39:00.354-0500 [DEBUG] [org.gradle.cache.internal.DefaultFileLockManager] Waiting to acquire shared lock on daemon addresses registry.
2026-01-06T23:39:00.354-0500 [DEBUG] [org.gradle.cache.internal.DefaultFileLockManager] Lock acquired on daemon addresses registry.
2026-01-06T23:39:00.355-0500 [DEBUG] [org.gradle.cache.internal.DefaultFileLockManager] Releasing lock on daemon addresses registry.
2026-01-06T23:39:00.356-0500 [DEBUG] [org.gradle.cache.internal.DefaultFileLockManager] Waiting to acquire shared lock on daemon addresses registry.
2026-01-06T23:39:00.356-0500 [DEBUG] [org.gradle.cache.internal.DefaultFileLockManager] Lock acquired on daemon addresses registry.
2026-01-06T23:39:00.356-0500 [DEBUG] [org.gradle.cache.internal.DefaultFileLockManager] Releasing lock on daemon addresses registry.
2026-01-06T23:39:00.357-0500 [DEBUG] [org.gradle.cache.internal.DefaultFileLockManager] Waiting to acquire shared lock on daemon addresses registry.
2026-01-06T23:39:00.357-0500 [DEBUG] [org.gradle.cache.internal.DefaultFileLockManager] Lock acquired on daemon addresses registry.
2026-01-06T23:39:00.358-0500 [DEBUG] [org.gradle.cache.internal.DefaultFileLockManager] Releasing lock on daemon addresses registry.
2026-01-06T23:39:04.399-0500 [DEBUG] [org.gradle.process.internal.health.memory.DefaultMemoryManager] 2769969561 virtual memory requested, 2115825664 free
2026-01-06T23:39:04.399-0500 [DEBUG] [org.gradle.workers.internal.WorkerDaemonExpiration] Will attempt to release 2641 of memory
2026-01-06T23:39:04.399-0500 [DEBUG] [org.gradle.process.internal.health.memory.DefaultMemoryManager] 2769969561 virtual memory requested, 0 released, 2115825664 free
2026-01-06T23:39:09.400-0500 [DEBUG] [org.gradle.process.internal.health.memory.DefaultMemoryManager] 2769969561 virtual memory requested, 2065195008 free
2026-01-06T23:39:09.400-0500 [DEBUG] [org.gradle.workers.internal.WorkerDaemonExpiration] Will attempt to release 2641 of memory
2026-01-06T23:39:09.401-0500 [DEBUG] [org.gradle.process.internal.health.memory.DefaultMemoryManager] 2769969561 virtual memory requested, 0 released, 2065195008 free
2026-01-06T23:39:10.368-0500 [DEBUG] [org.gradle.cache.internal.DefaultFileLockManager] Waiting to acquire shared lock on daemon addresses registry.
2026-01-06T23:39:10.368-0500 [DEBUG] [org.gradle.cache.internal.DefaultFileLockManager] Lock acquired on daemon addresses registry.
2026-01-06T23:39:10.368-0500 [DEBUG] [org.gradle.cache.internal.DefaultFileLockManager] Releasing lock on daemon addresses registry.
2026-01-06T23:39:10.369-0500 [DEBUG] [org.gradle.cache.internal.DefaultFileLockManager] Waiting to acquire shared lock on daemon addresses registry.
2026-01-06T23:39:10.369-0500 [DEBUG] [org.gradle.cache.internal.DefaultFileLockManager] Lock acquired on daemon addresses registry.
2026-01-06T23:39:10.370-0500 [DEBUG] [org.gradle.cache.internal.DefaultFileLockManager] Releasing lock on daemon addresses registry.
2026-01-06T23:39:10.370-0500 [DEBUG] [org.gradle.cache.internal.DefaultFileLockManager] Waiting to acquire shared lock on daemon addresses registry.
2026-01-06T23:39:10.370-0500 [DEBUG] [org.gradle.cache.internal.DefaultFileLockManager] Lock acquired on daemon addresses registry.
2026-01-06T23:39:10.371-0500 [DEBUG] [org.gradle.cache.internal.DefaultFileLockManager] Releasing lock on daemon addresses registry.
2026-01-06T23:39:14.402-0500 [DEBUG] [org.gradle.process.internal.health.memory.DefaultMemoryManager] 2769969561 virtual memory requested, 1916522496 free
2026-01-06T23:39:14.402-0500 [DEBUG] [org.gradle.workers.internal.WorkerDaemonExpiration] Will attempt to release 2641 of memory
2026-01-06T23:39:14.402-0500 [DEBUG] [org.gradle.process.internal.health.memory.DefaultMemoryManager] 2769969561 virtual memory requested, 0 released, 1916522496 free
2026-01-06T23:39:19.392-0500 [DEBUG] [org.gradle.process.internal.health.memory.DefaultMemoryManager] 2769969561 virtual memory requested, 1879769088 free
2026-01-06T23:39:19.392-0500 [DEBUG] [org.gradle.workers.internal.WorkerDaemonExpiration] Will attempt to release 2641 of memory
2026-01-06T23:39:19.392-0500 [DEBUG] [org.gradle.process.internal.health.memory.DefaultMemoryManager] 2769969561 virtual memory requested, 0 released, 1879769088 free
2026-01-06T23:39:20.365-0500 [DEBUG] [org.gradle.cache.internal.DefaultFileLockManager] Waiting to acquire shared lock on daemon addresses registry.
2026-01-06T23:39:20.365-0500 [DEBUG] [org.gradle.cache.internal.DefaultFileLockManager] Lock acquired on daemon addresses registry.
2026-01-06T23:39:20.366-0500 [DEBUG] [org.gradle.cache.internal.DefaultFileLockManager] Releasing lock on daemon addresses registry.
2026-01-06T23:39:20.367-0500 [DEBUG] [org.gradle.cache.internal.DefaultFileLockManager] Waiting to acquire shared lock on daemon addresses registry.
2026-01-06T23:39:20.367-0500 [DEBUG] [org.gradle.cache.internal.DefaultFileLockManager] Lock acquired on daemon addresses registry.
2026-01-06T23:39:20.367-0500 [DEBUG] [org.gradle.cache.internal.DefaultFileLockManager] Releasing lock on daemon addresses registry.
2026-01-06T23:39:20.368-0500 [DEBUG] [org.gradle.cache.internal.DefaultFileLockManager] Waiting to acquire shared lock on daemon addresses registry.
2026-01-06T23:39:20.368-0500 [DEBUG] [org.gradle.cache.internal.DefaultFileLockManager] Lock acquired on daemon addresses registry.
2026-01-06T23:39:20.368-0500 [DEBUG] [org.gradle.cache.internal.DefaultFileLockManager] Releasing lock on daemon addresses registry.
2026-01-06T23:39:24.396-0500 [DEBUG] [org.gradle.process.internal.health.memory.DefaultMemoryManager] 2769969561 virtual memory requested, 1942384640 free
2026-01-06T23:39:24.396-0500 [DEBUG] [org.gradle.workers.internal.WorkerDaemonExpiration] Will attempt to release 2641 of memory
2026-01-06T23:39:24.396-0500 [DEBUG] [org.gradle.process.internal.health.memory.DefaultMemoryManager] 2769969561 virtual memory requested, 0 released, 1942384640 free
2026-01-06T23:39:29.400-0500 [DEBUG] [org.gradle.process.internal.health.memory.DefaultMemoryManager] 2769969561 virtual memory requested, 1982271488 free
2026-01-06T23:39:29.400-0500 [DEBUG] [org.gradle.workers.internal.WorkerDaemonExpiration] Will attempt to release 2641 of memory
2026-01-06T23:39:29.400-0500 [DEBUG] [org.gradle.process.internal.health.memory.DefaultMemoryManager] 2769969561 virtual memory requested, 0 released, 1982271488 free
2026-01-06T23:39:30.360-0500 [DEBUG] [org.gradle.cache.internal.DefaultFileLockManager] Waiting to acquire shared lock on daemon addresses registry.
2026-01-06T23:39:30.361-0500 [DEBUG] [org.gradle.cache.internal.DefaultFileLockManager] Lock acquired on daemon addresses registry.
2026-01-06T23:39:30.361-0500 [DEBUG] [org.gradle.cache.internal.DefaultFileLockManager] Releasing lock on daemon addresses registry.
2026-01-06T23:39:30.362-0500 [DEBUG] [org.gradle.cache.internal.DefaultFileLockManager] Waiting to acquire shared lock on daemon addresses registry.
2026-01-06T23:39:30.363-0500 [DEBUG] [org.gradle.cache.internal.DefaultFileLockManager] Lock acquired on daemon addresses registry.
2026-01-06T23:39:30.363-0500 [DEBUG] [org.gradle.cache.internal.DefaultFileLockManager] Releasing lock on daemon addresses registry.
2026-01-06T23:39:30.364-0500 [DEBUG] [org.gradle.cache.internal.DefaultFileLockManager] Waiting to acquire shared lock on daemon addresses registry.
2026-01-06T23:39:30.364-0500 [DEBUG] [org.gradle.cache.internal.DefaultFileLockManager] Lock acquired on daemon addresses registry.
2026-01-06T23:39:30.364-0500 [DEBUG] [org.gradle.cache.internal.DefaultFileLockManager] Releasing lock on daemon addresses registry.
2026-01-06T23:39:34.408-0500 [DEBUG] [org.gradle.process.internal.health.memory.DefaultMemoryManager] 2769969561 virtual memory requested, 1961918464 free
2026-01-06T23:39:34.408-0500 [DEBUG] [org.gradle.workers.internal.WorkerDaemonExpiration] Will attempt to release 2641 of memory
2026-01-06T23:39:34.408-0500 [DEBUG] [org.gradle.process.internal.health.memory.DefaultMemoryManager] 2769969561 virtual memory requested, 0 released, 1961918464 free
2026-01-06T23:39:39.395-0500 [DEBUG] [org.gradle.process.internal.health.memory.DefaultMemoryManager] 2769969561 virtual memory requested, 1974845440 free
2026-01-06T23:39:39.395-0500 [DEBUG] [org.gradle.workers.internal.WorkerDaemonExpiration] Will attempt to release 2641 of memory
2026-01-06T23:39:39.395-0500 [DEBUG] [org.gradle.process.internal.health.memory.DefaultMemoryManager] 2769969561 virtual memory requested, 0 released, 1974845440 free
2026-01-06T23:39:40.368-0500 [DEBUG] [org.gradle.cache.internal.DefaultFileLockManager] Waiting to acquire shared lock on daemon addresses registry.
2026-01-06T23:39:40.369-0500 [DEBUG] [org.gradle.cache.internal.DefaultFileLockManager] Lock acquired on daemon addresses registry.
2026-01-06T23:39:40.369-0500 [DEBUG] [org.gradle.cache.internal.DefaultFileLockManager] Releasing lock on daemon addresses registry.
2026-01-06T23:39:40.371-0500 [DEBUG] [org.gradle.cache.internal.DefaultFileLockManager] Waiting to acquire shared lock on daemon addresses registry.
2026-01-06T23:39:40.371-0500 [DEBUG] [org.gradle.cache.internal.DefaultFileLockManager] Lock acquired on daemon addresses registry.
2026-01-06T23:39:40.372-0500 [DEBUG] [org.gradle.cache.internal.DefaultFileLockManager] Releasing lock on daemon addresses registry.
2026-01-06T23:39:40.373-0500 [DEBUG] [org.gradle.cache.internal.DefaultFileLockManager] Waiting to acquire shared lock on daemon addresses registry.
2026-01-06T23:39:40.373-0500 [DEBUG] [org.gradle.cache.internal.DefaultFileLockManager] Lock acquired on daemon addresses registry.
2026-01-06T23:39:40.373-0500 [DEBUG] [org.gradle.cache.internal.DefaultFileLockManager] Releasing lock on daemon addresses registry.
2026-01-06T23:39:44.395-0500 [DEBUG] [org.gradle.process.internal.health.memory.DefaultMemoryManager] 2769969561 virtual memory requested, 1703972864 free
2026-01-06T23:39:44.395-0500 [DEBUG] [org.gradle.workers.internal.WorkerDaemonExpiration] Will attempt to release 2641 of memory
2026-01-06T23:39:44.395-0500 [DEBUG] [org.gradle.process.internal.health.memory.DefaultMemoryManager] 2769969561 virtual memory requested, 0 released, 1703972864 free
2026-01-06T23:39:49.404-0500 [DEBUG] [org.gradle.process.internal.health.memory.DefaultMemoryManager] 2769969561 virtual memory requested, 1318379520 free
2026-01-06T23:39:49.404-0500 [DEBUG] [org.gradle.workers.internal.WorkerDaemonExpiration] Will attempt to release 2641 of memory
2026-01-06T23:39:49.404-0500 [DEBUG] [org.gradle.process.internal.health.memory.DefaultMemoryManager] 2769969561 virtual memory requested, 0 released, 1318379520 free
2026-01-06T23:39:50.374-0500 [DEBUG] [org.gradle.cache.internal.DefaultFileLockManager] Waiting to acquire shared lock on daemon addresses registry.
2026-01-06T23:39:50.375-0500 [DEBUG] [org.gradle.cache.internal.DefaultFileLockManager] Lock acquired on daemon addresses registry.
2026-01-06T23:39:50.375-0500 [DEBUG] [org.gradle.cache.internal.DefaultFileLockManager] Releasing lock on daemon addresses registry.
2026-01-06T23:39:50.376-0500 [DEBUG] [org.gradle.cache.internal.DefaultFileLockManager] Waiting to acquire shared lock on daemon addresses registry.
2026-01-06T23:39:50.376-0500 [DEBUG] [org.gradle.cache.internal.DefaultFileLockManager] Lock acquired on daemon addresses registry.
2026-01-06T23:39:50.376-0500 [DEBUG] [org.gradle.cache.internal.DefaultFileLockManager] Releasing lock on daemon addresses registry.
2026-01-06T23:39:50.377-0500 [DEBUG] [org.gradle.cache.internal.DefaultFileLockManager] Waiting to acquire shared lock on daemon addresses registry.
2026-01-06T23:39:50.377-0500 [DEBUG] [org.gradle.cache.internal.DefaultFileLockManager] Lock acquired on daemon addresses registry.
2026-01-06T23:39:50.377-0500 [DEBUG] [org.gradle.cache.internal.DefaultFileLockManager] Releasing lock on daemon addresses registry.
2026-01-06T23:39:54.399-0500 [DEBUG] [org.gradle.process.internal.health.memory.DefaultMemoryManager] 2769969561 virtual memory requested, 1298440192 free
2026-01-06T23:39:54.399-0500 [DEBUG] [org.gradle.workers.internal.WorkerDaemonExpiration] Will attempt to release 2641 of memory
2026-01-06T23:39:54.399-0500 [DEBUG] [org.gradle.process.internal.health.memory.DefaultMemoryManager] 2769969561 virtual memory requested, 0 released, 1298440192 free
2026-01-06T23:39:59.397-0500 [DEBUG] [org.gradle.process.internal.health.memory.DefaultMemoryManager] 2769969561 virtual memory requested, 1615314944 free
2026-01-06T23:39:59.397-0500 [DEBUG] [org.gradle.workers.internal.WorkerDaemonExpiration] Will attempt to release 2641 of memory
2026-01-06T23:39:59.397-0500 [DEBUG] [org.gradle.process.internal.health.memory.DefaultMemoryManager] 2769969561 virtual memory requested, 0 released, 1615314944 free
2026-01-06T23:40:00.369-0500 [DEBUG] [org.gradle.cache.internal.DefaultFileLockManager] Waiting to acquire shared lock on daemon addresses registry.
2026-01-06T23:40:00.369-0500 [DEBUG] [org.gradle.cache.internal.DefaultFileLockManager] Lock acquired on daemon addresses registry.
2026-01-06T23:40:00.369-0500 [DEBUG] [org.gradle.cache.internal.DefaultFileLockManager] Releasing lock on daemon addresses registry.
2026-01-06T23:40:00.370-0500 [DEBUG] [org.gradle.cache.internal.DefaultFileLockManager] Waiting to acquire shared lock on daemon addresses registry.
2026-01-06T23:40:00.370-0500 [DEBUG] [org.gradle.cache.internal.DefaultFileLockManager] Lock acquired on daemon addresses registry.
2026-01-06T23:40:00.370-0500 [DEBUG] [org.gradle.cache.internal.DefaultFileLockManager] Releasing lock on daemon addresses registry.
2026-01-06T23:40:00.371-0500 [DEBUG] [org.gradle.cache.internal.DefaultFileLockManager] Waiting to acquire shared lock on daemon addresses registry.
2026-01-06T23:40:00.371-0500 [DEBUG] [org.gradle.cache.internal.DefaultFileLockManager] Lock acquired on daemon addresses registry.
2026-01-06T23:40:00.371-0500 [DEBUG] [org.gradle.cache.internal.DefaultFileLockManager] Releasing lock on daemon addresses registry.
2026-01-06T23:40:04.409-0500 [DEBUG] [org.gradle.process.internal.health.memory.DefaultMemoryManager] 2769969561 virtual memory requested, 1871319040 free
2026-01-06T23:40:04.409-0500 [DEBUG] [org.gradle.workers.internal.WorkerDaemonExpiration] Will attempt to release 2641 of memory
2026-01-06T23:40:04.409-0500 [DEBUG] [org.gradle.process.internal.health.memory.DefaultMemoryManager] 2769969561 virtual memory requested, 0 released, 1871319040 free
2026-01-06T23:40:09.404-0500 [DEBUG] [org.gradle.process.internal.health.memory.DefaultMemoryManager] 2769969561 virtual memory requested, 1545248768 free
2026-01-06T23:40:09.404-0500 [DEBUG] [org.gradle.workers.internal.WorkerDaemonExpiration] Will attempt to release 2641 of memory
2026-01-06T23:40:09.405-0500 [DEBUG] [org.gradle.process.internal.health.memory.DefaultMemoryManager] 2769969561 virtual memory requested, 0 released, 1545248768 free
2026-01-06T23:40:10.377-0500 [DEBUG] [org.gradle.cache.internal.DefaultFileLockManager] Waiting to acquire shared lock on daemon addresses registry.
2026-01-06T23:40:10.377-0500 [DEBUG] [org.gradle.cache.internal.DefaultFileLockManager] Lock acquired on daemon addresses registry.
2026-01-06T23:40:10.377-0500 [DEBUG] [org.gradle.cache.internal.DefaultFileLockManager] Releasing lock on daemon addresses registry.
2026-01-06T23:40:10.378-0500 [DEBUG] [org.gradle.cache.internal.DefaultFileLockManager] Waiting to acquire shared lock on daemon addresses registry.
2026-01-06T23:40:10.378-0500 [DEBUG] [org.gradle.cache.internal.DefaultFileLockManager] Lock acquired on daemon addresses registry.
2026-01-06T23:40:10.378-0500 [DEBUG] [org.gradle.cache.internal.DefaultFileLockManager] Releasing lock on daemon addresses registry.
2026-01-06T23:40:10.379-0500 [DEBUG] [org.gradle.cache.internal.DefaultFileLockManager] Waiting to acquire shared lock on daemon addresses registry.
2026-01-06T23:40:10.379-0500 [DEBUG] [org.gradle.cache.internal.DefaultFileLockManager] Lock acquired on daemon addresses registry.
2026-01-06T23:40:10.379-0500 [DEBUG] [org.gradle.cache.internal.DefaultFileLockManager] Releasing lock on daemon addresses registry.
2026-01-06T23:40:14.404-0500 [DEBUG] [org.gradle.process.internal.health.memory.DefaultMemoryManager] 2769969561 virtual memory requested, 1564635136 free
2026-01-06T23:40:14.404-0500 [DEBUG] [org.gradle.workers.internal.WorkerDaemonExpiration] Will attempt to release 2641 of memory
2026-01-06T23:40:14.404-0500 [DEBUG] [org.gradle.process.internal.health.memory.DefaultMemoryManager] 2769969561 virtual memory requested, 0 released, 1564635136 free
2026-01-06T23:40:19.398-0500 [DEBUG] [org.gradle.process.internal.health.memory.DefaultMemoryManager] 2769969561 virtual memory requested, 1678487552 free
2026-01-06T23:40:19.398-0500 [DEBUG] [org.gradle.workers.internal.WorkerDaemonExpiration] Will attempt to release 2641 of memory
2026-01-06T23:40:19.398-0500 [DEBUG] [org.gradle.process.internal.health.memory.DefaultMemoryManager] 2769969561 virtual memory requested, 0 released, 1678487552 free
2026-01-06T23:40:20.366-0500 [DEBUG] [org.gradle.cache.internal.DefaultFileLockManager] Waiting to acquire shared lock on daemon addresses registry.
2026-01-06T23:40:20.366-0500 [DEBUG] [org.gradle.cache.internal.DefaultFileLockManager] Lock acquired on daemon addresses registry.
2026-01-06T23:40:20.366-0500 [DEBUG] [org.gradle.cache.internal.DefaultFileLockManager] Releasing lock on daemon addresses registry.
2026-01-06T23:40:20.367-0500 [DEBUG] [org.gradle.cache.internal.DefaultFileLockManager] Waiting to acquire shared lock on daemon addresses registry.
2026-01-06T23:40:20.368-0500 [DEBUG] [org.gradle.cache.internal.DefaultFileLockManager] Lock acquired on daemon addresses registry.
2026-01-06T23:40:20.368-0500 [DEBUG] [org.gradle.cache.internal.DefaultFileLockManager] Releasing lock on daemon addresses registry.
2026-01-06T23:40:20.369-0500 [DEBUG] [org.gradle.cache.internal.DefaultFileLockManager] Waiting to acquire shared lock on daemon addresses registry.
2026-01-06T23:40:20.369-0500 [DEBUG] [org.gradle.cache.internal.DefaultFileLockManager] Lock acquired on daemon addresses registry.
2026-01-06T23:40:20.369-0500 [DEBUG] [org.gradle.cache.internal.DefaultFileLockManager] Releasing lock on daemon addresses registry.
2026-01-06T23:40:24.410-0500 [DEBUG] [org.gradle.process.internal.health.memory.DefaultMemoryManager] 2769969561 virtual memory requested, 1630347264 free
2026-01-06T23:40:24.410-0500 [DEBUG] [org.gradle.workers.internal.WorkerDaemonExpiration] Will attempt to release 2641 of memory
2026-01-06T23:40:24.410-0500 [DEBUG] [org.gradle.process.internal.health.memory.DefaultMemoryManager] 2769969561 virtual memory requested, 0 released, 1630347264 free
2026-01-06T23:40:29.402-0500 [DEBUG] [org.gradle.process.internal.health.memory.DefaultMemoryManager] 2769969561 virtual memory requested, 1703464960 free
2026-01-06T23:40:29.402-0500 [DEBUG] [org.gradle.workers.internal.WorkerDaemonExpiration] Will attempt to release 2641 of memory
2026-01-06T23:40:29.402-0500 [DEBUG] [org.gradle.process.internal.health.memory.DefaultMemoryManager] 2769969561 virtual memory requested, 0 released, 1703464960 free
2026-01-06T23:40:30.374-0500 [DEBUG] [org.gradle.cache.internal.DefaultFileLockManager] Waiting to acquire shared lock on daemon addresses registry.
2026-01-06T23:40:30.374-0500 [DEBUG] [org.gradle.cache.internal.DefaultFileLockManager] Lock acquired on daemon addresses registry.
2026-01-06T23:40:30.375-0500 [DEBUG] [org.gradle.cache.internal.DefaultFileLockManager] Releasing lock on daemon addresses registry.
2026-01-06T23:40:30.375-0500 [DEBUG] [org.gradle.cache.internal.DefaultFileLockManager] Waiting to acquire shared lock on daemon addresses registry.
2026-01-06T23:40:30.375-0500 [DEBUG] [org.gradle.cache.internal.DefaultFileLockManager] Lock acquired on daemon addresses registry.
2026-01-06T23:40:30.376-0500 [DEBUG] [org.gradle.cache.internal.DefaultFileLockManager] Releasing lock on daemon addresses registry.
2026-01-06T23:40:30.376-0500 [DEBUG] [org.gradle.cache.internal.DefaultFileLockManager] Waiting to acquire shared lock on daemon addresses registry.
2026-01-06T23:40:30.376-0500 [DEBUG] [org.gradle.cache.internal.DefaultFileLockManager] Lock acquired on daemon addresses registry.
2026-01-06T23:40:30.377-0500 [DEBUG] [org.gradle.cache.internal.DefaultFileLockManager] Releasing lock on daemon addresses registry.
2026-01-06T23:40:34.408-0500 [DEBUG] [org.gradle.process.internal.health.memory.DefaultMemoryManager] 2769969561 virtual memory requested, 1706545152 free
2026-01-06T23:40:34.408-0500 [DEBUG] [org.gradle.workers.internal.WorkerDaemonExpiration] Will attempt to release 2641 of memory
2026-01-06T23:40:34.408-0500 [DEBUG] [org.gradle.process.internal.health.memory.DefaultMemoryManager] 2769969561 virtual memory requested, 0 released, 1706545152 free
2026-01-06T23:40:39.411-0500 [DEBUG] [org.gradle.process.internal.health.memory.DefaultMemoryManager] 2769969561 virtual memory requested, 1685753856 free
2026-01-06T23:40:39.411-0500 [DEBUG] [org.gradle.workers.internal.WorkerDaemonExpiration] Will attempt to release 2641 of memory
2026-01-06T23:40:39.411-0500 [DEBUG] [org.gradle.process.internal.health.memory.DefaultMemoryManager] 2769969561 virtual memory requested, 0 released, 1685753856 free
2026-01-06T23:40:40.379-0500 [DEBUG] [org.gradle.cache.internal.DefaultFileLockManager] Waiting to acquire shared lock on daemon addresses registry.
2026-01-06T23:40:40.380-0500 [DEBUG] [org.gradle.cache.internal.DefaultFileLockManager] Lock acquired on daemon addresses registry.
2026-01-06T23:40:40.380-0500 [DEBUG] [org.gradle.cache.internal.DefaultFileLockManager] Releasing lock on daemon addresses registry.
2026-01-06T23:40:40.381-0500 [DEBUG] [org.gradle.cache.internal.DefaultFileLockManager] Waiting to acquire shared lock on daemon addresses registry.
2026-01-06T23:40:40.381-0500 [DEBUG] [org.gradle.cache.internal.DefaultFileLockManager] Lock acquired on daemon addresses registry.
2026-01-06T23:40:40.381-0500 [DEBUG] [org.gradle.cache.internal.DefaultFileLockManager] Releasing lock on daemon addresses registry.
2026-01-06T23:40:40.382-0500 [DEBUG] [org.gradle.cache.internal.DefaultFileLockManager] Waiting to acquire shared lock on daemon addresses registry.
2026-01-06T23:40:40.382-0500 [DEBUG] [org.gradle.cache.internal.DefaultFileLockManager] Lock acquired on daemon addresses registry.
2026-01-06T23:40:40.382-0500 [DEBUG] [org.gradle.cache.internal.DefaultFileLockManager] Releasing lock on daemon addresses registry.
2026-01-06T23:40:44.414-0500 [DEBUG] [org.gradle.process.internal.health.memory.DefaultMemoryManager] 2769969561 virtual memory requested, 1673981952 free
2026-01-06T23:40:44.414-0500 [DEBUG] [org.gradle.workers.internal.WorkerDaemonExpiration] Will attempt to release 2641 of memory
2026-01-06T23:40:44.415-0500 [DEBUG] [org.gradle.process.internal.health.memory.DefaultMemoryManager] 2769969561 virtual memory requested, 0 released, 1673981952 free
2026-01-06T23:40:49.403-0500 [DEBUG] [org.gradle.process.internal.health.memory.DefaultMemoryManager] 2769969561 virtual memory requested, 1654386688 free
2026-01-06T23:40:49.403-0500 [DEBUG] [org.gradle.workers.internal.WorkerDaemonExpiration] Will attempt to release 2641 of memory
2026-01-06T23:40:49.403-0500 [DEBUG] [org.gradle.process.internal.health.memory.DefaultMemoryManager] 2769969561 virtual memory requested, 0 released, 1654386688 free
2026-01-06T23:40:50.375-0500 [DEBUG] [org.gradle.cache.internal.DefaultFileLockManager] Waiting to acquire shared lock on daemon addresses registry.
2026-01-06T23:40:50.375-0500 [DEBUG] [org.gradle.cache.internal.DefaultFileLockManager] Lock acquired on daemon addresses registry.
2026-01-06T23:40:50.375-0500 [DEBUG] [org.gradle.cache.internal.DefaultFileLockManager] Releasing lock on daemon addresses registry.
2026-01-06T23:40:50.376-0500 [DEBUG] [org.gradle.cache.internal.DefaultFileLockManager] Waiting to acquire shared lock on daemon addresses registry.
2026-01-06T23:40:50.376-0500 [DEBUG] [org.gradle.cache.internal.DefaultFileLockManager] Lock acquired on daemon addresses registry.
2026-01-06T23:40:50.377-0500 [DEBUG] [org.gradle.cache.internal.DefaultFileLockManager] Releasing lock on daemon addresses registry.
2026-01-06T23:40:50.378-0500 [DEBUG] [org.gradle.cache.internal.DefaultFileLockManager] Waiting to acquire shared lock on daemon addresses registry.
2026-01-06T23:40:50.378-0500 [DEBUG] [org.gradle.cache.internal.DefaultFileLockManager] Lock acquired on daemon addresses registry.
2026-01-06T23:40:50.378-0500 [DEBUG] [org.gradle.cache.internal.DefaultFileLockManager] Releasing lock on daemon addresses registry.
2026-01-06T23:40:54.415-0500 [DEBUG] [org.gradle.process.internal.health.memory.DefaultMemoryManager] 2769969561 virtual memory requested, 1671790592 free
2026-01-06T23:40:54.415-0500 [DEBUG] [org.gradle.workers.internal.WorkerDaemonExpiration] Will attempt to release 2641 of memory
2026-01-06T23:40:54.415-0500 [DEBUG] [org.gradle.process.internal.health.memory.DefaultMemoryManager] 2769969561 virtual memory requested, 0 released, 1671790592 free
2026-01-06T23:40:59.413-0500 [DEBUG] [org.gradle.process.internal.health.memory.DefaultMemoryManager] 2769969561 virtual memory requested, 1712553984 free
2026-01-06T23:40:59.413-0500 [DEBUG] [org.gradle.workers.internal.WorkerDaemonExpiration] Will attempt to release 2641 of memory
2026-01-06T23:40:59.413-0500 [DEBUG] [org.gradle.process.internal.health.memory.DefaultMemoryManager] 2769969561 virtual memory requested, 0 released, 1712553984 free
2026-01-06T23:41:00.384-0500 [DEBUG] [org.gradle.cache.internal.DefaultFileLockManager] Waiting to acquire shared lock on daemon addresses registry.
2026-01-06T23:41:00.384-0500 [DEBUG] [org.gradle.cache.internal.DefaultFileLockManager] Lock acquired on daemon addresses registry.
2026-01-06T23:41:00.384-0500 [DEBUG] [org.gradle.cache.internal.DefaultFileLockManager] Releasing lock on daemon addresses registry.
2026-01-06T23:41:00.385-0500 [DEBUG] [org.gradle.cache.internal.DefaultFileLockManager] Waiting to acquire shared lock on daemon addresses registry.
2026-01-06T23:41:00.386-0500 [DEBUG] [org.gradle.cache.internal.DefaultFileLockManager] Lock acquired on daemon addresses registry.
2026-01-06T23:41:00.386-0500 [DEBUG] [org.gradle.cache.internal.DefaultFileLockManager] Releasing lock on daemon addresses registry.
2026-01-06T23:41:00.387-0500 [DEBUG] [org.gradle.cache.internal.DefaultFileLockManager] Waiting to acquire shared lock on daemon addresses registry.
2026-01-06T23:41:00.387-0500 [DEBUG] [org.gradle.cache.internal.DefaultFileLockManager] Lock acquired on daemon addresses registry.
2026-01-06T23:41:00.387-0500 [DEBUG] [org.gradle.cache.internal.DefaultFileLockManager] Releasing lock on daemon addresses registry.
2026-01-06T23:41:04.410-0500 [DEBUG] [org.gradle.process.internal.health.memory.DefaultMemoryManager] 2769969561 virtual memory requested, 1707212800 free
2026-01-06T23:41:04.410-0500 [DEBUG] [org.gradle.workers.internal.WorkerDaemonExpiration] Will attempt to release 2641 of memory
2026-01-06T23:41:04.411-0500 [DEBUG] [org.gradle.process.internal.health.memory.DefaultMemoryManager] 2769969561 virtual memory requested, 0 released, 1707212800 free
2026-01-06T23:41:09.415-0500 [DEBUG] [org.gradle.process.internal.health.memory.DefaultMemoryManager] 2769969561 virtual memory requested, 1710157824 free
2026-01-06T23:41:09.415-0500 [DEBUG] [org.gradle.workers.internal.WorkerDaemonExpiration] Will attempt to release 2641 of memory
2026-01-06T23:41:09.415-0500 [DEBUG] [org.gradle.process.internal.health.memory.DefaultMemoryManager] 2769969561 virtual memory requested, 0 released, 1710157824 free
2026-01-06T23:41:10.378-0500 [DEBUG] [org.gradle.cache.internal.DefaultFileLockManager] Waiting to acquire shared lock on daemon addresses registry.
2026-01-06T23:41:10.378-0500 [DEBUG] [org.gradle.cache.internal.DefaultFileLockManager] Lock acquired on daemon addresses registry.
2026-01-06T23:41:10.378-0500 [DEBUG] [org.gradle.cache.internal.DefaultFileLockManager] Releasing lock on daemon addresses registry.
2026-01-06T23:41:10.379-0500 [DEBUG] [org.gradle.cache.internal.DefaultFileLockManager] Waiting to acquire shared lock on daemon addresses registry.
2026-01-06T23:41:10.379-0500 [DEBUG] [org.gradle.cache.internal.DefaultFileLockManager] Lock acquired on daemon addresses registry.
2026-01-06T23:41:10.379-0500 [DEBUG] [org.gradle.cache.internal.DefaultFileLockManager] Releasing lock on daemon addresses registry.
2026-01-06T23:41:10.380-0500 [DEBUG] [org.gradle.cache.internal.DefaultFileLockManager] Waiting to acquire shared lock on daemon addresses registry.
2026-01-06T23:41:10.380-0500 [DEBUG] [org.gradle.cache.internal.DefaultFileLockManager] Lock acquired on daemon addresses registry.
2026-01-06T23:41:10.380-0500 [DEBUG] [org.gradle.cache.internal.DefaultFileLockManager] Releasing lock on daemon addresses registry.
2026-01-06T23:41:14.420-0500 [DEBUG] [org.gradle.process.internal.health.memory.DefaultMemoryManager] 2769969561 virtual memory requested, 1694887936 free
2026-01-06T23:41:14.420-0500 [DEBUG] [org.gradle.workers.internal.WorkerDaemonExpiration] Will attempt to release 2641 of memory
2026-01-06T23:41:14.420-0500 [DEBUG] [org.gradle.process.internal.health.memory.DefaultMemoryManager] 2769969561 virtual memory requested, 0 released, 1694887936 free
2026-01-06T23:41:19.414-0500 [DEBUG] [org.gradle.process.internal.health.memory.DefaultMemoryManager] 2769969561 virtual memory requested, 1684078592 free
2026-01-06T23:41:19.415-0500 [DEBUG] [org.gradle.workers.internal.WorkerDaemonExpiration] Will attempt to release 2641 of memory
2026-01-06T23:41:19.415-0500 [DEBUG] [org.gradle.process.internal.health.memory.DefaultMemoryManager] 2769969561 virtual memory requested, 0 released, 1684078592 free
2026-01-06T23:41:20.371-0500 [DEBUG] [org.gradle.cache.internal.DefaultFileLockManager] Waiting to acquire shared lock on daemon addresses registry.
2026-01-06T23:41:20.371-0500 [DEBUG] [org.gradle.cache.internal.DefaultFileLockManager] Lock acquired on daemon addresses registry.
2026-01-06T23:41:20.371-0500 [DEBUG] [org.gradle.cache.internal.DefaultFileLockManager] Releasing lock on daemon addresses registry.
2026-01-06T23:41:20.372-0500 [DEBUG] [org.gradle.cache.internal.DefaultFileLockManager] Waiting to acquire shared lock on daemon addresses registry.
2026-01-06T23:41:20.372-0500 [DEBUG] [org.gradle.cache.internal.DefaultFileLockManager] Lock acquired on daemon addresses registry.
2026-01-06T23:41:20.373-0500 [DEBUG] [org.gradle.cache.internal.DefaultFileLockManager] Releasing lock on daemon addresses registry.
2026-01-06T23:41:20.373-0500 [DEBUG] [org.gradle.cache.internal.DefaultFileLockManager] Waiting to acquire shared lock on daemon addresses registry.
2026-01-06T23:41:20.373-0500 [DEBUG] [org.gradle.cache.internal.DefaultFileLockManager] Lock acquired on daemon addresses registry.
2026-01-06T23:41:20.374-0500 [DEBUG] [org.gradle.cache.internal.DefaultFileLockManager] Releasing lock on daemon addresses registry.
2026-01-06T23:41:24.411-0500 [DEBUG] [org.gradle.process.internal.health.memory.DefaultMemoryManager] 2769969561 virtual memory requested, 1691078656 free
2026-01-06T23:41:24.411-0500 [DEBUG] [org.gradle.workers.internal.WorkerDaemonExpiration] Will attempt to release 2641 of memory
2026-01-06T23:41:24.411-0500 [DEBUG] [org.gradle.process.internal.health.memory.DefaultMemoryManager] 2769969561 virtual memory requested, 0 released, 1691078656 free
2026-01-06T23:41:29.419-0500 [DEBUG] [org.gradle.process.internal.health.memory.DefaultMemoryManager] 2769969561 virtual memory requested, 1678827520 free
2026-01-06T23:41:29.419-0500 [DEBUG] [org.gradle.workers.internal.WorkerDaemonExpiration] Will attempt to release 2641 of memory
2026-01-06T23:41:29.419-0500 [DEBUG] [org.gradle.process.internal.health.memory.DefaultMemoryManager] 2769969561 virtual memory requested, 0 released, 1678827520 free
2026-01-06T23:41:30.384-0500 [DEBUG] [org.gradle.cache.internal.DefaultFileLockManager] Waiting to acquire shared lock on daemon addresses registry.
2026-01-06T23:41:30.385-0500 [DEBUG] [org.gradle.cache.internal.DefaultFileLockManager] Lock acquired on daemon addresses registry.
2026-01-06T23:41:30.385-0500 [DEBUG] [org.gradle.cache.internal.DefaultFileLockManager] Releasing lock on daemon addresses registry.
2026-01-06T23:41:30.386-0500 [DEBUG] [org.gradle.cache.internal.DefaultFileLockManager] Waiting to acquire shared lock on daemon addresses registry.
2026-01-06T23:41:30.386-0500 [DEBUG] [org.gradle.cache.internal.DefaultFileLockManager] Lock acquired on daemon addresses registry.
2026-01-06T23:41:30.386-0500 [DEBUG] [org.gradle.cache.internal.DefaultFileLockManager] Releasing lock on daemon addresses registry.
2026-01-06T23:41:30.387-0500 [DEBUG] [org.gradle.cache.internal.DefaultFileLockManager] Waiting to acquire shared lock on daemon addresses registry.
2026-01-06T23:41:30.387-0500 [DEBUG] [org.gradle.cache.internal.DefaultFileLockManager] Lock acquired on daemon addresses registry.
2026-01-06T23:41:30.387-0500 [DEBUG] [org.gradle.cache.internal.DefaultFileLockManager] Releasing lock on daemon addresses registry.
2026-01-06T23:41:34.412-0500 [DEBUG] [org.gradle.process.internal.health.memory.DefaultMemoryManager] 2769969561 virtual memory requested, 1657970688 free
2026-01-06T23:41:34.412-0500 [DEBUG] [org.gradle.workers.internal.WorkerDaemonExpiration] Will attempt to release 2641 of memory
2026-01-06T23:41:34.412-0500 [DEBUG] [org.gradle.process.internal.health.memory.DefaultMemoryManager] 2769969561 virtual memory requested, 0 released, 1657970688 free
2026-01-06T23:41:39.420-0500 [DEBUG] [org.gradle.process.internal.health.memory.DefaultMemoryManager] 2769969561 virtual memory requested, 1674002432 free
2026-01-06T23:41:39.420-0500 [DEBUG] [org.gradle.workers.internal.WorkerDaemonExpiration] Will attempt to release 2641 of memory
2026-01-06T23:41:39.420-0500 [DEBUG] [org.gradle.process.internal.health.memory.DefaultMemoryManager] 2769969561 virtual memory requested, 0 released, 1674002432 free
2026-01-06T23:41:40.380-0500 [DEBUG] [org.gradle.cache.internal.DefaultFileLockManager] Waiting to acquire shared lock on daemon addresses registry.
2026-01-06T23:41:40.380-0500 [DEBUG] [org.gradle.cache.internal.DefaultFileLockManager] Lock acquired on daemon addresses registry.
2026-01-06T23:41:40.380-0500 [DEBUG] [org.gradle.cache.internal.DefaultFileLockManager] Releasing lock on daemon addresses registry.
2026-01-06T23:41:40.381-0500 [DEBUG] [org.gradle.cache.internal.DefaultFileLockManager] Waiting to acquire shared lock on daemon addresses registry.
2026-01-06T23:41:40.381-0500 [DEBUG] [org.gradle.cache.internal.DefaultFileLockManager] Lock acquired on daemon addresses registry.
2026-01-06T23:41:40.381-0500 [DEBUG] [org.gradle.cache.internal.DefaultFileLockManager] Releasing lock on daemon addresses registry.
2026-01-06T23:41:40.382-0500 [DEBUG] [org.gradle.cache.internal.DefaultFileLockManager] Waiting to acquire shared lock on daemon addresses registry.
2026-01-06T23:41:40.382-0500 [DEBUG] [org.gradle.cache.internal.DefaultFileLockManager] Lock acquired on daemon addresses registry.
2026-01-06T23:41:40.382-0500 [DEBUG] [org.gradle.cache.internal.DefaultFileLockManager] Releasing lock on daemon addresses registry.
2026-01-06T23:41:44.415-0500 [DEBUG] [org.gradle.process.internal.health.memory.DefaultMemoryManager] 2769969561 virtual memory requested, 1704914944 free
2026-01-06T23:41:44.415-0500 [DEBUG] [org.gradle.workers.internal.WorkerDaemonExpiration] Will attempt to release 2641 of memory
2026-01-06T23:41:44.415-0500 [DEBUG] [org.gradle.process.internal.health.memory.DefaultMemoryManager] 2769969561 virtual memory requested, 0 released, 1704914944 free
2026-01-06T23:41:49.417-0500 [DEBUG] [org.gradle.process.internal.health.memory.DefaultMemoryManager] 2769969561 virtual memory requested, 1702449152 free
2026-01-06T23:41:49.417-0500 [DEBUG] [org.gradle.workers.internal.WorkerDaemonExpiration] Will attempt to release 2641 of memory
2026-01-06T23:41:49.417-0500 [DEBUG] [org.gradle.process.internal.health.memory.DefaultMemoryManager] 2769969561 virtual memory requested, 0 released, 1702449152 free
2026-01-06T23:41:50.384-0500 [DEBUG] [org.gradle.cache.internal.DefaultFileLockManager] Waiting to acquire shared lock on daemon addresses registry.
2026-01-06T23:41:50.384-0500 [DEBUG] [org.gradle.cache.internal.DefaultFileLockManager] Lock acquired on daemon addresses registry.
2026-01-06T23:41:50.384-0500 [DEBUG] [org.gradle.cache.internal.DefaultFileLockManager] Releasing lock on daemon addresses registry.
2026-01-06T23:41:50.385-0500 [DEBUG] [org.gradle.cache.internal.DefaultFileLockManager] Waiting to acquire shared lock on daemon addresses registry.
2026-01-06T23:41:50.385-0500 [DEBUG] [org.gradle.cache.internal.DefaultFileLockManager] Lock acquired on daemon addresses registry.
2026-01-06T23:41:50.386-0500 [DEBUG] [org.gradle.cache.internal.DefaultFileLockManager] Releasing lock on daemon addresses registry.
2026-01-06T23:41:50.386-0500 [DEBUG] [org.gradle.cache.internal.DefaultFileLockManager] Waiting to acquire shared lock on daemon addresses registry.
2026-01-06T23:41:50.386-0500 [DEBUG] [org.gradle.cache.internal.DefaultFileLockManager] Lock acquired on daemon addresses registry.
2026-01-06T23:41:50.387-0500 [DEBUG] [org.gradle.cache.internal.DefaultFileLockManager] Releasing lock on daemon addresses registry.
2026-01-06T23:41:54.415-0500 [DEBUG] [org.gradle.process.internal.health.memory.DefaultMemoryManager] 2769969561 virtual memory requested, 1698488320 free
2026-01-06T23:41:54.415-0500 [DEBUG] [org.gradle.workers.internal.WorkerDaemonExpiration] Will attempt to release 2641 of memory
2026-01-06T23:41:54.415-0500 [DEBUG] [org.gradle.process.internal.health.memory.DefaultMemoryManager] 2769969561 virtual memory requested, 0 released, 1698488320 free
2026-01-06T23:41:59.409-0500 [DEBUG] [org.gradle.process.internal.health.memory.DefaultMemoryManager] 2769969561 virtual memory requested, 1698488320 free
2026-01-06T23:41:59.409-0500 [DEBUG] [org.gradle.workers.internal.WorkerDaemonExpiration] Will attempt to release 2641 of memory
2026-01-06T23:41:59.409-0500 [DEBUG] [org.gradle.process.internal.health.memory.DefaultMemoryManager] 2769969561 virtual memory requested, 0 released, 1698488320 free
2026-01-06T23:42:00.377-0500 [DEBUG] [org.gradle.cache.internal.DefaultFileLockManager] Waiting to acquire shared lock on daemon addresses registry.
2026-01-06T23:42:00.378-0500 [DEBUG] [org.gradle.cache.internal.DefaultFileLockManager] Lock acquired on daemon addresses registry.
2026-01-06T23:42:00.378-0500 [DEBUG] [org.gradle.cache.internal.DefaultFileLockManager] Releasing lock on daemon addresses registry.
2026-01-06T23:42:00.379-0500 [DEBUG] [org.gradle.cache.internal.DefaultFileLockManager] Waiting to acquire shared lock on daemon addresses registry.
2026-01-06T23:42:00.379-0500 [DEBUG] [org.gradle.cache.internal.DefaultFileLockManager] Lock acquired on daemon addresses registry.
2026-01-06T23:42:00.379-0500 [DEBUG] [org.gradle.cache.internal.DefaultFileLockManager] Releasing lock on daemon addresses registry.
2026-01-06T23:42:00.380-0500 [DEBUG] [org.gradle.cache.internal.DefaultFileLockManager] Waiting to acquire shared lock on daemon addresses registry.
2026-01-06T23:42:00.380-0500 [DEBUG] [org.gradle.cache.internal.DefaultFileLockManager] Lock acquired on daemon addresses registry.
2026-01-06T23:42:00.380-0500 [DEBUG] [org.gradle.cache.internal.DefaultFileLockManager] Releasing lock on daemon addresses registry.
2026-01-06T23:42:04.423-0500 [DEBUG] [org.gradle.process.internal.health.memory.DefaultMemoryManager] 2769969561 virtual memory requested, 1688625152 free
2026-01-06T23:42:04.423-0500 [DEBUG] [org.gradle.workers.internal.WorkerDaemonExpiration] Will attempt to release 2641 of memory
2026-01-06T23:42:04.424-0500 [DEBUG] [org.gradle.process.internal.health.memory.DefaultMemoryManager] 2769969561 virtual memory requested, 0 released, 1688625152 free
2026-01-06T23:42:09.424-0500 [DEBUG] [org.gradle.process.internal.health.memory.DefaultMemoryManager] 2769969561 virtual memory requested, 1658277888 free
2026-01-06T23:42:09.424-0500 [DEBUG] [org.gradle.workers.internal.WorkerDaemonExpiration] Will attempt to release 2641 of memory
2026-01-06T23:42:09.424-0500 [DEBUG] [org.gradle.process.internal.health.memory.DefaultMemoryManager] 2769969561 virtual memory requested, 0 released, 1658277888 free
2026-01-06T23:42:10.383-0500 [DEBUG] [org.gradle.cache.internal.DefaultFileLockManager] Waiting to acquire shared lock on daemon addresses registry.
2026-01-06T23:42:10.383-0500 [DEBUG] [org.gradle.cache.internal.DefaultFileLockManager] Lock acquired on daemon addresses registry.
2026-01-06T23:42:10.383-0500 [DEBUG] [org.gradle.cache.internal.DefaultFileLockManager] Releasing lock on daemon addresses registry.
2026-01-06T23:42:10.384-0500 [DEBUG] [org.gradle.cache.internal.DefaultFileLockManager] Waiting to acquire shared lock on daemon addresses registry.
2026-01-06T23:42:10.384-0500 [DEBUG] [org.gradle.cache.internal.DefaultFileLockManager] Lock acquired on daemon addresses registry.
2026-01-06T23:42:10.384-0500 [DEBUG] [org.gradle.cache.internal.DefaultFileLockManager] Releasing lock on daemon addresses registry.
2026-01-06T23:42:10.384-0500 [DEBUG] [org.gradle.cache.internal.DefaultFileLockManager] Waiting to acquire shared lock on daemon addresses registry.
2026-01-06T23:42:10.385-0500 [DEBUG] [org.gradle.cache.internal.DefaultFileLockManager] Lock acquired on daemon addresses registry.
2026-01-06T23:42:10.385-0500 [DEBUG] [org.gradle.cache.internal.DefaultFileLockManager] Releasing lock on daemon addresses registry.
2026-01-06T23:42:14.421-0500 [DEBUG] [org.gradle.process.internal.health.memory.DefaultMemoryManager] 2769969561 virtual memory requested, 1653411840 free
2026-01-06T23:42:14.421-0500 [DEBUG] [org.gradle.workers.internal.WorkerDaemonExpiration] Will attempt to release 2641 of memory
2026-01-06T23:42:14.421-0500 [DEBUG] [org.gradle.process.internal.health.memory.DefaultMemoryManager] 2769969561 virtual memory requested, 0 released, 1653411840 free
2026-01-06T23:42:19.414-0500 [DEBUG] [org.gradle.process.internal.health.memory.DefaultMemoryManager] 2769969561 virtual memory requested, 1690386432 free
2026-01-06T23:42:19.414-0500 [DEBUG] [org.gradle.workers.internal.WorkerDaemonExpiration] Will attempt to release 2641 of memory
2026-01-06T23:42:19.414-0500 [DEBUG] [org.gradle.process.internal.health.memory.DefaultMemoryManager] 2769969561 virtual memory requested, 0 released, 1690386432 free
2026-01-06T23:42:20.387-0500 [DEBUG] [org.gradle.cache.internal.DefaultFileLockManager] Waiting to acquire shared lock on daemon addresses registry.
2026-01-06T23:42:20.387-0500 [DEBUG] [org.gradle.cache.internal.DefaultFileLockManager] Lock acquired on daemon addresses registry.
2026-01-06T23:42:20.387-0500 [DEBUG] [org.gradle.cache.internal.DefaultFileLockManager] Releasing lock on daemon addresses registry.
2026-01-06T23:42:20.388-0500 [DEBUG] [org.gradle.cache.internal.DefaultFileLockManager] Waiting to acquire shared lock on daemon addresses registry.
2026-01-06T23:42:20.388-0500 [DEBUG] [org.gradle.cache.internal.DefaultFileLockManager] Lock acquired on daemon addresses registry.
2026-01-06T23:42:20.389-0500 [DEBUG] [org.gradle.cache.internal.DefaultFileLockManager] Releasing lock on daemon addresses registry.
2026-01-06T23:42:20.389-0500 [DEBUG] [org.gradle.cache.internal.DefaultFileLockManager] Waiting to acquire shared lock on daemon addresses registry.
2026-01-06T23:42:20.389-0500 [DEBUG] [org.gradle.cache.internal.DefaultFileLockManager] Lock acquired on daemon addresses registry.
2026-01-06T23:42:20.389-0500 [DEBUG] [org.gradle.cache.internal.DefaultFileLockManager] Releasing lock on daemon addresses registry.
2026-01-06T23:42:24.415-0500 [DEBUG] [org.gradle.process.internal.health.memory.DefaultMemoryManager] 2769969561 virtual memory requested, 1701961728 free
2026-01-06T23:42:24.415-0500 [DEBUG] [org.gradle.workers.internal.WorkerDaemonExpiration] Will attempt to release 2641 of memory
2026-01-06T23:42:24.415-0500 [DEBUG] [org.gradle.process.internal.health.memory.DefaultMemoryManager] 2769969561 virtual memory requested, 0 released, 1701961728 free
2026-01-06T23:42:29.414-0500 [DEBUG] [org.gradle.process.internal.health.memory.DefaultMemoryManager] 2769969561 virtual memory requested, 1688842240 free
2026-01-06T23:42:29.414-0500 [DEBUG] [org.gradle.workers.internal.WorkerDaemonExpiration] Will attempt to release 2641 of memory
2026-01-06T23:42:29.414-0500 [DEBUG] [org.gradle.process.internal.health.memory.DefaultMemoryManager] 2769969561 virtual memory requested, 0 released, 1688842240 free
2026-01-06T23:42:30.389-0500 [DEBUG] [org.gradle.cache.internal.DefaultFileLockManager] Waiting to acquire shared lock on daemon addresses registry.
2026-01-06T23:42:30.389-0500 [DEBUG] [org.gradle.cache.internal.DefaultFileLockManager] Lock acquired on daemon addresses registry.
2026-01-06T23:42:30.389-0500 [DEBUG] [org.gradle.cache.internal.DefaultFileLockManager] Releasing lock on daemon addresses registry.
2026-01-06T23:42:30.390-0500 [DEBUG] [org.gradle.cache.internal.DefaultFileLockManager] Waiting to acquire shared lock on daemon addresses registry.
2026-01-06T23:42:30.390-0500 [DEBUG] [org.gradle.cache.internal.DefaultFileLockManager] Lock acquired on daemon addresses registry.
2026-01-06T23:42:30.391-0500 [DEBUG] [org.gradle.cache.internal.DefaultFileLockManager] Releasing lock on daemon addresses registry.
2026-01-06T23:42:30.391-0500 [DEBUG] [org.gradle.cache.internal.DefaultFileLockManager] Waiting to acquire shared lock on daemon addresses registry.
2026-01-06T23:42:30.391-0500 [DEBUG] [org.gradle.cache.internal.DefaultFileLockManager] Lock acquired on daemon addresses registry.
2026-01-06T23:42:30.392-0500 [DEBUG] [org.gradle.cache.internal.DefaultFileLockManager] Releasing lock on daemon addresses registry.
2026-01-06T23:42:34.421-0500 [DEBUG] [org.gradle.process.internal.health.memory.DefaultMemoryManager] 2769969561 virtual memory requested, 1689100288 free
2026-01-06T23:42:34.421-0500 [DEBUG] [org.gradle.workers.internal.WorkerDaemonExpiration] Will attempt to release 2641 of memory
2026-01-06T23:42:34.421-0500 [DEBUG] [org.gradle.process.internal.health.memory.DefaultMemoryManager] 2769969561 virtual memory requested, 0 released, 1689100288 free
2026-01-06T23:42:39.411-0500 [DEBUG] [org.gradle.process.internal.health.memory.DefaultMemoryManager] 2769969561 virtual memory requested, 1705758720 free
2026-01-06T23:42:39.411-0500 [DEBUG] [org.gradle.workers.internal.WorkerDaemonExpiration] Will attempt to release 2641 of memory
2026-01-06T23:42:39.412-0500 [DEBUG] [org.gradle.process.internal.health.memory.DefaultMemoryManager] 2769969561 virtual memory requested, 0 released, 1705758720 free
2026-01-06T23:42:40.381-0500 [DEBUG] [org.gradle.cache.internal.DefaultFileLockManager] Waiting to acquire shared lock on daemon addresses registry.
2026-01-06T23:42:40.381-0500 [DEBUG] [org.gradle.cache.internal.DefaultFileLockManager] Lock acquired on daemon addresses registry.
2026-01-06T23:42:40.381-0500 [DEBUG] [org.gradle.cache.internal.DefaultFileLockManager] Releasing lock on daemon addresses registry.
2026-01-06T23:42:40.382-0500 [DEBUG] [org.gradle.cache.internal.DefaultFileLockManager] Waiting to acquire shared lock on daemon addresses registry.
2026-01-06T23:42:40.382-0500 [DEBUG] [org.gradle.cache.internal.DefaultFileLockManager] Lock acquired on daemon addresses registry.
2026-01-06T23:42:40.382-0500 [DEBUG] [org.gradle.cache.internal.DefaultFileLockManager] Releasing lock on daemon addresses registry.
2026-01-06T23:42:40.383-0500 [DEBUG] [org.gradle.cache.internal.DefaultFileLockManager] Waiting to acquire shared lock on daemon addresses registry.
2026-01-06T23:42:40.383-0500 [DEBUG] [org.gradle.cache.internal.DefaultFileLockManager] Lock acquired on daemon addresses registry.
2026-01-06T23:42:40.383-0500 [DEBUG] [org.gradle.cache.internal.DefaultFileLockManager] Releasing lock on daemon addresses registry.
2026-01-06T23:42:44.424-0500 [DEBUG] [org.gradle.process.internal.health.memory.DefaultMemoryManager] 2769969561 virtual memory requested, 1702916096 free
2026-01-06T23:42:44.424-0500 [DEBUG] [org.gradle.workers.internal.WorkerDaemonExpiration] Will attempt to release 2641 of memory
2026-01-06T23:42:44.424-0500 [DEBUG] [org.gradle.process.internal.health.memory.DefaultMemoryManager] 2769969561 virtual memory requested, 0 released, 1702916096 free
2026-01-06T23:42:49.417-0500 [DEBUG] [org.gradle.process.internal.health.memory.DefaultMemoryManager] 2769969561 virtual memory requested, 1689518080 free
2026-01-06T23:42:49.417-0500 [DEBUG] [org.gradle.workers.internal.WorkerDaemonExpiration] Will attempt to release 2641 of memory
2026-01-06T23:42:49.417-0500 [DEBUG] [org.gradle.process.internal.health.memory.DefaultMemoryManager] 2769969561 virtual memory requested, 0 released, 1689518080 free
2026-01-06T23:42:50.385-0500 [DEBUG] [org.gradle.cache.internal.DefaultFileLockManager] Waiting to acquire shared lock on daemon addresses registry.
2026-01-06T23:42:50.385-0500 [DEBUG] [org.gradle.cache.internal.DefaultFileLockManager] Lock acquired on daemon addresses registry.
2026-01-06T23:42:50.385-0500 [DEBUG] [org.gradle.cache.internal.DefaultFileLockManager] Releasing lock on daemon addresses registry.
2026-01-06T23:42:50.386-0500 [DEBUG] [org.gradle.cache.internal.DefaultFileLockManager] Waiting to acquire shared lock on daemon addresses registry.
2026-01-06T23:42:50.387-0500 [DEBUG] [org.gradle.cache.internal.DefaultFileLockManager] Lock acquired on daemon addresses registry.
2026-01-06T23:42:50.387-0500 [DEBUG] [org.gradle.cache.internal.DefaultFileLockManager] Releasing lock on daemon addresses registry.
2026-01-06T23:42:50.388-0500 [DEBUG] [org.gradle.cache.internal.DefaultFileLockManager] Waiting to acquire shared lock on daemon addresses registry.
2026-01-06T23:42:50.388-0500 [DEBUG] [org.gradle.cache.internal.DefaultFileLockManager] Lock acquired on daemon addresses registry.
2026-01-06T23:42:50.388-0500 [DEBUG] [org.gradle.cache.internal.DefaultFileLockManager] Releasing lock on daemon addresses registry.
2026-01-06T23:42:54.429-0500 [DEBUG] [org.gradle.process.internal.health.memory.DefaultMemoryManager] 2769969561 virtual memory requested, 1672552448 free
2026-01-06T23:42:54.429-0500 [DEBUG] [org.gradle.workers.internal.WorkerDaemonExpiration] Will attempt to release 2641 of memory
2026-01-06T23:42:54.429-0500 [DEBUG] [org.gradle.process.internal.health.memory.DefaultMemoryManager] 2769969561 virtual memory requested, 0 released, 1672552448 free
2026-01-06T23:42:59.417-0500 [DEBUG] [org.gradle.process.internal.health.memory.DefaultMemoryManager] 2769969561 virtual memory requested, 2019467264 free
2026-01-06T23:42:59.417-0500 [DEBUG] [org.gradle.workers.internal.WorkerDaemonExpiration] Will attempt to release 2641 of memory
2026-01-06T23:42:59.417-0500 [DEBUG] [org.gradle.process.internal.health.memory.DefaultMemoryManager] 2769969561 virtual memory requested, 0 released, 2019467264 free
2026-01-06T23:43:00.391-0500 [DEBUG] [org.gradle.cache.internal.DefaultFileLockManager] Waiting to acquire shared lock on daemon addresses registry.
2026-01-06T23:43:00.391-0500 [DEBUG] [org.gradle.cache.internal.DefaultFileLockManager] Lock acquired on daemon addresses registry.
2026-01-06T23:43:00.391-0500 [DEBUG] [org.gradle.cache.internal.DefaultFileLockManager] Releasing lock on daemon addresses registry.
2026-01-06T23:43:00.392-0500 [DEBUG] [org.gradle.cache.internal.DefaultFileLockManager] Waiting to acquire shared lock on daemon addresses registry.
2026-01-06T23:43:00.392-0500 [DEBUG] [org.gradle.cache.internal.DefaultFileLockManager] Lock acquired on daemon addresses registry.
2026-01-06T23:43:00.392-0500 [DEBUG] [org.gradle.cache.internal.DefaultFileLockManager] Releasing lock on daemon addresses registry.
2026-01-06T23:43:00.393-0500 [DEBUG] [org.gradle.cache.internal.DefaultFileLockManager] Waiting to acquire shared lock on daemon addresses registry.
2026-01-06T23:43:00.393-0500 [DEBUG] [org.gradle.cache.internal.DefaultFileLockManager] Lock acquired on daemon addresses registry.
2026-01-06T23:43:00.393-0500 [DEBUG] [org.gradle.cache.internal.DefaultFileLockManager] Releasing lock on daemon addresses registry.
2026-01-06T23:43:04.418-0500 [DEBUG] [org.gradle.process.internal.health.memory.DefaultMemoryManager] 2769969561 virtual memory requested, 2021044224 free
2026-01-06T23:43:04.418-0500 [DEBUG] [org.gradle.workers.internal.WorkerDaemonExpiration] Will attempt to release 2641 of memory
2026-01-06T23:43:04.418-0500 [DEBUG] [org.gradle.process.internal.health.memory.DefaultMemoryManager] 2769969561 virtual memory requested, 0 released, 2021044224 free
2026-01-06T23:43:09.419-0500 [DEBUG] [org.gradle.process.internal.health.memory.DefaultMemoryManager] 2769969561 virtual memory requested, 1981501440 free
2026-01-06T23:43:09.419-0500 [DEBUG] [org.gradle.workers.internal.WorkerDaemonExpiration] Will attempt to release 2641 of memory
2026-01-06T23:43:09.420-0500 [DEBUG] [org.gradle.process.internal.health.memory.DefaultMemoryManager] 2769969561 virtual memory requested, 0 released, 1981501440 free
2026-01-06T23:43:10.387-0500 [DEBUG] [org.gradle.cache.internal.DefaultFileLockManager] Waiting to acquire shared lock on daemon addresses registry.
2026-01-06T23:43:10.388-0500 [DEBUG] [org.gradle.cache.internal.DefaultFileLockManager] Lock acquired on daemon addresses registry.
2026-01-06T23:43:10.389-0500 [DEBUG] [org.gradle.cache.internal.DefaultFileLockManager] Releasing lock on daemon addresses registry.
2026-01-06T23:43:10.390-0500 [DEBUG] [org.gradle.cache.internal.DefaultFileLockManager] Waiting to acquire shared lock on daemon addresses registry.
2026-01-06T23:43:10.390-0500 [DEBUG] [org.gradle.cache.internal.DefaultFileLockManager] Lock acquired on daemon addresses registry.
2026-01-06T23:43:10.390-0500 [DEBUG] [org.gradle.cache.internal.DefaultFileLockManager] Releasing lock on daemon addresses registry.
2026-01-06T23:43:10.391-0500 [DEBUG] [org.gradle.cache.internal.DefaultFileLockManager] Waiting to acquire shared lock on daemon addresses registry.
2026-01-06T23:43:10.391-0500 [DEBUG] [org.gradle.cache.internal.DefaultFileLockManager] Lock acquired on daemon addresses registry.
2026-01-06T23:43:10.391-0500 [DEBUG] [org.gradle.cache.internal.DefaultFileLockManager] Releasing lock on daemon addresses registry.
2026-01-06T23:43:14.417-0500 [DEBUG] [org.gradle.process.internal.health.memory.DefaultMemoryManager] 2769969561 virtual memory requested, 1969582080 free
2026-01-06T23:43:14.417-0500 [DEBUG] [org.gradle.workers.internal.WorkerDaemonExpiration] Will attempt to release 2641 of memory
2026-01-06T23:43:14.417-0500 [DEBUG] [org.gradle.process.internal.health.memory.DefaultMemoryManager] 2769969561 virtual memory requested, 0 released, 1969582080 free
2026-01-06T23:43:19.428-0500 [DEBUG] [org.gradle.process.internal.health.memory.DefaultMemoryManager] 2769969561 virtual memory requested, 1955880960 free
2026-01-06T23:43:19.428-0500 [DEBUG] [org.gradle.workers.internal.WorkerDaemonExpiration] Will attempt to release 2641 of memory
2026-01-06T23:43:19.428-0500 [DEBUG] [org.gradle.process.internal.health.memory.DefaultMemoryManager] 2769969561 virtual memory requested, 0 released, 1955880960 free
2026-01-06T23:43:20.381-0500 [DEBUG] [org.gradle.cache.internal.DefaultFileLockManager] Waiting to acquire shared lock on daemon addresses registry.
2026-01-06T23:43:20.381-0500 [DEBUG] [org.gradle.cache.internal.DefaultFileLockManager] Lock acquired on daemon addresses registry.
2026-01-06T23:43:20.382-0500 [DEBUG] [org.gradle.cache.internal.DefaultFileLockManager] Releasing lock on daemon addresses registry.
2026-01-06T23:43:20.382-0500 [DEBUG] [org.gradle.cache.internal.DefaultFileLockManager] Waiting to acquire shared lock on daemon addresses registry.
2026-01-06T23:43:20.382-0500 [DEBUG] [org.gradle.cache.internal.DefaultFileLockManager] Lock acquired on daemon addresses registry.
2026-01-06T23:43:20.382-0500 [DEBUG] [org.gradle.cache.internal.DefaultFileLockManager] Releasing lock on daemon addresses registry.
2026-01-06T23:43:20.383-0500 [DEBUG] [org.gradle.cache.internal.DefaultFileLockManager] Waiting to acquire shared lock on daemon addresses registry.
2026-01-06T23:43:20.383-0500 [DEBUG] [org.gradle.cache.internal.DefaultFileLockManager] Lock acquired on daemon addresses registry.
2026-01-06T23:43:20.383-0500 [DEBUG] [org.gradle.cache.internal.DefaultFileLockManager] Releasing lock on daemon addresses registry.
2026-01-06T23:43:24.429-0500 [DEBUG] [org.gradle.process.internal.health.memory.DefaultMemoryManager] 2769969561 virtual memory requested, 1901420544 free
2026-01-06T23:43:24.429-0500 [DEBUG] [org.gradle.workers.internal.WorkerDaemonExpiration] Will attempt to release 2641 of memory
2026-01-06T23:43:24.429-0500 [DEBUG] [org.gradle.process.internal.health.memory.DefaultMemoryManager] 2769969561 virtual memory requested, 0 released, 1901420544 free
2026-01-06T23:43:29.419-0500 [DEBUG] [org.gradle.process.internal.health.memory.DefaultMemoryManager] 2769969561 virtual memory requested, 2076233728 free
2026-01-06T23:43:29.419-0500 [DEBUG] [org.gradle.workers.internal.WorkerDaemonExpiration] Will attempt to release 2641 of memory
2026-01-06T23:43:29.419-0500 [DEBUG] [org.gradle.process.internal.health.memory.DefaultMemoryManager] 2769969561 virtual memory requested, 0 released, 2076233728 free
2026-01-06T23:43:30.387-0500 [DEBUG] [org.gradle.cache.internal.DefaultFileLockManager] Waiting to acquire shared lock on daemon addresses registry.
2026-01-06T23:43:30.387-0500 [DEBUG] [org.gradle.cache.internal.DefaultFileLockManager] Lock acquired on daemon addresses registry.
2026-01-06T23:43:30.388-0500 [DEBUG] [org.gradle.cache.internal.DefaultFileLockManager] Releasing lock on daemon addresses registry.
2026-01-06T23:43:30.389-0500 [DEBUG] [org.gradle.cache.internal.DefaultFileLockManager] Waiting to acquire shared lock on daemon addresses registry.
2026-01-06T23:43:30.389-0500 [DEBUG] [org.gradle.cache.internal.DefaultFileLockManager] Lock acquired on daemon addresses registry.
2026-01-06T23:43:30.390-0500 [DEBUG] [org.gradle.cache.internal.DefaultFileLockManager] Releasing lock on daemon addresses registry.
2026-01-06T23:43:30.391-0500 [DEBUG] [org.gradle.cache.internal.DefaultFileLockManager] Waiting to acquire shared lock on daemon addresses registry.
2026-01-06T23:43:30.391-0500 [DEBUG] [org.gradle.cache.internal.DefaultFileLockManager] Lock acquired on daemon addresses registry.
2026-01-06T23:43:30.391-0500 [DEBUG] [org.gradle.cache.internal.DefaultFileLockManager] Releasing lock on daemon addresses registry.
2026-01-06T23:43:34.417-0500 [DEBUG] [org.gradle.process.internal.health.memory.DefaultMemoryManager] 2769969561 virtual memory requested, 2091687936 free
2026-01-06T23:43:34.417-0500 [DEBUG] [org.gradle.workers.internal.WorkerDaemonExpiration] Will attempt to release 2641 of memory
2026-01-06T23:43:34.417-0500 [DEBUG] [org.gradle.process.internal.health.memory.DefaultMemoryManager] 2769969561 virtual memory requested, 0 released, 2091687936 free
2026-01-06T23:43:39.424-0500 [DEBUG] [org.gradle.process.internal.health.memory.DefaultMemoryManager] 2769969561 virtual memory requested, 2097291264 free
2026-01-06T23:43:39.424-0500 [DEBUG] [org.gradle.workers.internal.WorkerDaemonExpiration] Will attempt to release 2641 of memory
2026-01-06T23:43:39.424-0500 [DEBUG] [org.gradle.process.internal.health.memory.DefaultMemoryManager] 2769969561 virtual memory requested, 0 released, 2097291264 free
2026-01-06T23:43:40.390-0500 [DEBUG] [org.gradle.cache.internal.DefaultFileLockManager] Waiting to acquire shared lock on daemon addresses registry.
2026-01-06T23:43:40.390-0500 [DEBUG] [org.gradle.cache.internal.DefaultFileLockManager] Lock acquired on daemon addresses registry.
2026-01-06T23:43:40.391-0500 [DEBUG] [org.gradle.cache.internal.DefaultFileLockManager] Releasing lock on daemon addresses registry.
2026-01-06T23:43:40.391-0500 [DEBUG] [org.gradle.cache.internal.DefaultFileLockManager] Waiting to acquire shared lock on daemon addresses registry.
2026-01-06T23:43:40.392-0500 [DEBUG] [org.gradle.cache.internal.DefaultFileLockManager] Lock acquired on daemon addresses registry.
2026-01-06T23:43:40.392-0500 [DEBUG] [org.gradle.cache.internal.DefaultFileLockManager] Releasing lock on daemon addresses registry.
2026-01-06T23:43:40.392-0500 [DEBUG] [org.gradle.cache.internal.DefaultFileLockManager] Waiting to acquire shared lock on daemon addresses registry.
2026-01-06T23:43:40.393-0500 [DEBUG] [org.gradle.cache.internal.DefaultFileLockManager] Lock acquired on daemon addresses registry.
2026-01-06T23:43:40.393-0500 [DEBUG] [org.gradle.cache.internal.DefaultFileLockManager] Releasing lock on daemon addresses registry.
2026-01-06T23:43:44.429-0500 [DEBUG] [org.gradle.process.internal.health.memory.DefaultMemoryManager] 2769969561 virtual memory requested, 2047385600 free
2026-01-06T23:43:44.430-0500 [DEBUG] [org.gradle.workers.internal.WorkerDaemonExpiration] Will attempt to release 2641 of memory
2026-01-06T23:43:44.430-0500 [DEBUG] [org.gradle.process.internal.health.memory.DefaultMemoryManager] 2769969561 virtual memory requested, 0 released, 2047385600 free
2026-01-06T23:43:49.423-0500 [DEBUG] [org.gradle.process.internal.health.memory.DefaultMemoryManager] 2769969561 virtual memory requested, 2061504512 free
2026-01-06T23:43:49.424-0500 [DEBUG] [org.gradle.workers.internal.WorkerDaemonExpiration] Will attempt to release 2641 of memory
2026-01-06T23:43:49.424-0500 [DEBUG] [org.gradle.process.internal.health.memory.DefaultMemoryManager] 2769969561 virtual memory requested, 0 released, 2061504512 free
2026-01-06T23:43:50.395-0500 [DEBUG] [org.gradle.cache.internal.DefaultFileLockManager] Waiting to acquire shared lock on daemon addresses registry.
2026-01-06T23:43:50.396-0500 [DEBUG] [org.gradle.cache.internal.DefaultFileLockManager] Lock acquired on daemon addresses registry.
2026-01-06T23:43:50.396-0500 [DEBUG] [org.gradle.cache.internal.DefaultFileLockManager] Releasing lock on daemon addresses registry.
2026-01-06T23:43:50.397-0500 [DEBUG] [org.gradle.cache.internal.DefaultFileLockManager] Waiting to acquire shared lock on daemon addresses registry.
2026-01-06T23:43:50.397-0500 [DEBUG] [org.gradle.cache.internal.DefaultFileLockManager] Lock acquired on daemon addresses registry.
2026-01-06T23:43:50.397-0500 [DEBUG] [org.gradle.cache.internal.DefaultFileLockManager] Releasing lock on daemon addresses registry.
2026-01-06T23:43:50.398-0500 [DEBUG] [org.gradle.cache.internal.DefaultFileLockManager] Waiting to acquire shared lock on daemon addresses registry.
2026-01-06T23:43:50.398-0500 [DEBUG] [org.gradle.cache.internal.DefaultFileLockManager] Lock acquired on daemon addresses registry.
2026-01-06T23:43:50.398-0500 [DEBUG] [org.gradle.cache.internal.DefaultFileLockManager] Releasing lock on daemon addresses registry.
2026-01-06T23:43:54.420-0500 [DEBUG] [org.gradle.process.internal.health.memory.DefaultMemoryManager] 2769969561 virtual memory requested, 2088824832 free
2026-01-06T23:43:54.420-0500 [DEBUG] [org.gradle.workers.internal.WorkerDaemonExpiration] Will attempt to release 2641 of memory
2026-01-06T23:43:54.420-0500 [DEBUG] [org.gradle.process.internal.health.memory.DefaultMemoryManager] 2769969561 virtual memory requested, 0 released, 2088824832 free
2026-01-06T23:43:59.421-0500 [DEBUG] [org.gradle.process.internal.health.memory.DefaultMemoryManager] 2769969561 virtual memory requested, 2063437824 free
2026-01-06T23:43:59.421-0500 [DEBUG] [org.gradle.workers.internal.WorkerDaemonExpiration] Will attempt to release 2641 of memory
2026-01-06T23:43:59.421-0500 [DEBUG] [org.gradle.process.internal.health.memory.DefaultMemoryManager] 2769969561 virtual memory requested, 0 released, 2063437824 free
2026-01-06T23:44:00.394-0500 [DEBUG] [org.gradle.cache.internal.DefaultFileLockManager] Waiting to acquire shared lock on daemon addresses registry.
2026-01-06T23:44:00.394-0500 [DEBUG] [org.gradle.cache.internal.DefaultFileLockManager] Lock acquired on daemon addresses registry.
2026-01-06T23:44:00.394-0500 [DEBUG] [org.gradle.cache.internal.DefaultFileLockManager] Releasing lock on daemon addresses registry.
2026-01-06T23:44:00.395-0500 [DEBUG] [org.gradle.cache.internal.DefaultFileLockManager] Waiting to acquire shared lock on daemon addresses registry.
2026-01-06T23:44:00.395-0500 [DEBUG] [org.gradle.cache.internal.DefaultFileLockManager] Lock acquired on daemon addresses registry.
2026-01-06T23:44:00.395-0500 [DEBUG] [org.gradle.cache.internal.DefaultFileLockManager] Releasing lock on daemon addresses registry.
2026-01-06T23:44:00.396-0500 [DEBUG] [org.gradle.cache.internal.DefaultFileLockManager] Waiting to acquire shared lock on daemon addresses registry.
2026-01-06T23:44:00.396-0500 [DEBUG] [org.gradle.cache.internal.DefaultFileLockManager] Lock acquired on daemon addresses registry.
2026-01-06T23:44:00.396-0500 [DEBUG] [org.gradle.cache.internal.DefaultFileLockManager] Releasing lock on daemon addresses registry.
2026-01-06T23:44:04.420-0500 [DEBUG] [org.gradle.process.internal.health.memory.DefaultMemoryManager] 2769969561 virtual memory requested, 2082504704 free
2026-01-06T23:44:04.420-0500 [DEBUG] [org.gradle.workers.internal.WorkerDaemonExpiration] Will attempt to release 2641 of memory
2026-01-06T23:44:04.420-0500 [DEBUG] [org.gradle.process.internal.health.memory.DefaultMemoryManager] 2769969561 virtual memory requested, 0 released, 2082504704 free
2026-01-06T23:44:09.432-0500 [DEBUG] [org.gradle.process.internal.health.memory.DefaultMemoryManager] 2769969561 virtual memory requested, 2081513472 free
2026-01-06T23:44:09.432-0500 [DEBUG] [org.gradle.workers.internal.WorkerDaemonExpiration] Will attempt to release 2641 of memory
2026-01-06T23:44:09.432-0500 [DEBUG] [org.gradle.process.internal.health.memory.DefaultMemoryManager] 2769969561 virtual memory requested, 0 released, 2081513472 free
2026-01-06T23:44:10.397-0500 [DEBUG] [org.gradle.cache.internal.DefaultFileLockManager] Waiting to acquire shared lock on daemon addresses registry.
2026-01-06T23:44:10.397-0500 [DEBUG] [org.gradle.cache.internal.DefaultFileLockManager] Lock acquired on daemon addresses registry.
2026-01-06T23:44:10.397-0500 [DEBUG] [org.gradle.cache.internal.DefaultFileLockManager] Releasing lock on daemon addresses registry.
2026-01-06T23:44:10.398-0500 [DEBUG] [org.gradle.cache.internal.DefaultFileLockManager] Waiting to acquire shared lock on daemon addresses registry.
2026-01-06T23:44:10.398-0500 [DEBUG] [org.gradle.cache.internal.DefaultFileLockManager] Lock acquired on daemon addresses registry.
2026-01-06T23:44:10.398-0500 [DEBUG] [org.gradle.cache.internal.DefaultFileLockManager] Releasing lock on daemon addresses registry.
2026-01-06T23:44:10.399-0500 [DEBUG] [org.gradle.cache.internal.DefaultFileLockManager] Waiting to acquire shared lock on daemon addresses registry.
2026-01-06T23:44:10.399-0500 [DEBUG] [org.gradle.cache.internal.DefaultFileLockManager] Lock acquired on daemon addresses registry.
2026-01-06T23:44:10.399-0500 [DEBUG] [org.gradle.cache.internal.DefaultFileLockManager] Releasing lock on daemon addresses registry.
2026-01-06T23:44:14.420-0500 [DEBUG] [org.gradle.process.internal.health.memory.DefaultMemoryManager] 2769969561 virtual memory requested, 2067759104 free
2026-01-06T23:44:14.420-0500 [DEBUG] [org.gradle.workers.internal.WorkerDaemonExpiration] Will attempt to release 2641 of memory
2026-01-06T23:44:14.420-0500 [DEBUG] [org.gradle.process.internal.health.memory.DefaultMemoryManager] 2769969561 virtual memory requested, 0 released, 2067759104 free
2026-01-06T23:44:19.429-0500 [DEBUG] [org.gradle.process.internal.health.memory.DefaultMemoryManager] 2769969561 virtual memory requested, 2054848512 free
2026-01-06T23:44:19.429-0500 [DEBUG] [org.gradle.workers.internal.WorkerDaemonExpiration] Will attempt to release 2641 of memory
2026-01-06T23:44:19.429-0500 [DEBUG] [org.gradle.process.internal.health.memory.DefaultMemoryManager] 2769969561 virtual memory requested, 0 released, 2054848512 free
2026-01-06T23:44:20.401-0500 [DEBUG] [org.gradle.cache.internal.DefaultFileLockManager] Waiting to acquire shared lock on daemon addresses registry.
2026-01-06T23:44:20.401-0500 [DEBUG] [org.gradle.cache.internal.DefaultFileLockManager] Lock acquired on daemon addresses registry.
2026-01-06T23:44:20.401-0500 [DEBUG] [org.gradle.cache.internal.DefaultFileLockManager] Releasing lock on daemon addresses registry.
2026-01-06T23:44:20.402-0500 [DEBUG] [org.gradle.cache.internal.DefaultFileLockManager] Waiting to acquire shared lock on daemon addresses registry.
2026-01-06T23:44:20.402-0500 [DEBUG] [org.gradle.cache.internal.DefaultFileLockManager] Lock acquired on daemon addresses registry.
2026-01-06T23:44:20.402-0500 [DEBUG] [org.gradle.cache.internal.DefaultFileLockManager] Releasing lock on daemon addresses registry.
2026-01-06T23:44:20.403-0500 [DEBUG] [org.gradle.cache.internal.DefaultFileLockManager] Waiting to acquire shared lock on daemon addresses registry.
2026-01-06T23:44:20.403-0500 [DEBUG] [org.gradle.cache.internal.DefaultFileLockManager] Lock acquired on daemon addresses registry.
2026-01-06T23:44:20.403-0500 [DEBUG] [org.gradle.cache.internal.DefaultFileLockManager] Releasing lock on daemon addresses registry.
2026-01-06T23:44:24.423-0500 [DEBUG] [org.gradle.process.internal.health.memory.DefaultMemoryManager] 2769969561 virtual memory requested, 2056597504 free
2026-01-06T23:44:24.423-0500 [DEBUG] [org.gradle.workers.internal.WorkerDaemonExpiration] Will attempt to release 2641 of memory
2026-01-06T23:44:24.423-0500 [DEBUG] [org.gradle.process.internal.health.memory.DefaultMemoryManager] 2769969561 virtual memory requested, 0 released, 2056597504 free
2026-01-06T23:44:29.432-0500 [DEBUG] [org.gradle.process.internal.health.memory.DefaultMemoryManager] 2769969561 virtual memory requested, 1988591616 free
2026-01-06T23:44:29.432-0500 [DEBUG] [org.gradle.workers.internal.WorkerDaemonExpiration] Will attempt to release 2641 of memory
2026-01-06T23:44:29.432-0500 [DEBUG] [org.gradle.process.internal.health.memory.DefaultMemoryManager] 2769969561 virtual memory requested, 0 released, 1988591616 free
2026-01-06T23:44:30.390-0500 [DEBUG] [org.gradle.cache.internal.DefaultFileLockManager] Waiting to acquire shared lock on daemon addresses registry.
2026-01-06T23:44:30.391-0500 [DEBUG] [org.gradle.cache.internal.DefaultFileLockManager] Lock acquired on daemon addresses registry.
2026-01-06T23:44:30.391-0500 [DEBUG] [org.gradle.cache.internal.DefaultFileLockManager] Releasing lock on daemon addresses registry.
2026-01-06T23:44:30.392-0500 [DEBUG] [org.gradle.cache.internal.DefaultFileLockManager] Waiting to acquire shared lock on daemon addresses registry.
2026-01-06T23:44:30.392-0500 [DEBUG] [org.gradle.cache.internal.DefaultFileLockManager] Lock acquired on daemon addresses registry.
2026-01-06T23:44:30.392-0500 [DEBUG] [org.gradle.cache.internal.DefaultFileLockManager] Releasing lock on daemon addresses registry.
2026-01-06T23:44:30.392-0500 [DEBUG] [org.gradle.cache.internal.DefaultFileLockManager] Waiting to acquire shared lock on daemon addresses registry.
2026-01-06T23:44:30.392-0500 [DEBUG] [org.gradle.cache.internal.DefaultFileLockManager] Lock acquired on daemon addresses registry.
2026-01-06T23:44:30.392-0500 [DEBUG] [org.gradle.cache.internal.DefaultFileLockManager] Releasing lock on daemon addresses registry.
2026-01-06T23:44:34.433-0500 [DEBUG] [org.gradle.process.internal.health.memory.DefaultMemoryManager] 2769969561 virtual memory requested, 2015404032 free
2026-01-06T23:44:34.434-0500 [DEBUG] [org.gradle.workers.internal.WorkerDaemonExpiration] Will attempt to release 2641 of memory
2026-01-06T23:44:34.434-0500 [DEBUG] [org.gradle.process.internal.health.memory.DefaultMemoryManager] 2769969561 virtual memory requested, 0 released, 2015404032 free
2026-01-06T23:44:39.429-0500 [DEBUG] [org.gradle.process.internal.health.memory.DefaultMemoryManager] 2769969561 virtual memory requested, 2020986880 free
2026-01-06T23:44:39.429-0500 [DEBUG] [org.gradle.workers.internal.WorkerDaemonExpiration] Will attempt to release 2641 of memory
2026-01-06T23:44:39.429-0500 [DEBUG] [org.gradle.process.internal.health.memory.DefaultMemoryManager] 2769969561 virtual memory requested, 0 released, 2020986880 free
2026-01-06T23:44:40.397-0500 [DEBUG] [org.gradle.cache.internal.DefaultFileLockManager] Waiting to acquire shared lock on daemon addresses registry.
2026-01-06T23:44:40.398-0500 [DEBUG] [org.gradle.cache.internal.DefaultFileLockManager] Lock acquired on daemon addresses registry.
2026-01-06T23:44:40.398-0500 [DEBUG] [org.gradle.cache.internal.DefaultFileLockManager] Releasing lock on daemon addresses registry.
2026-01-06T23:44:40.399-0500 [DEBUG] [org.gradle.cache.internal.DefaultFileLockManager] Waiting to acquire shared lock on daemon addresses registry.
2026-01-06T23:44:40.399-0500 [DEBUG] [org.gradle.cache.internal.DefaultFileLockManager] Lock acquired on daemon addresses registry.
2026-01-06T23:44:40.399-0500 [DEBUG] [org.gradle.cache.internal.DefaultFileLockManager] Releasing lock on daemon addresses registry.
2026-01-06T23:44:40.400-0500 [DEBUG] [org.gradle.cache.internal.DefaultFileLockManager] Waiting to acquire shared lock on daemon addresses registry.
2026-01-06T23:44:40.400-0500 [DEBUG] [org.gradle.cache.internal.DefaultFileLockManager] Lock acquired on daemon addresses registry.
2026-01-06T23:44:40.400-0500 [DEBUG] [org.gradle.cache.internal.DefaultFileLockManager] Releasing lock on daemon addresses registry.
2026-01-06T23:44:44.439-0500 [DEBUG] [org.gradle.process.internal.health.memory.DefaultMemoryManager] 2769969561 virtual memory requested, 2150629376 free
2026-01-06T23:44:44.439-0500 [DEBUG] [org.gradle.workers.internal.WorkerDaemonExpiration] Will attempt to release 2641 of memory
2026-01-06T23:44:44.439-0500 [DEBUG] [org.gradle.process.internal.health.memory.DefaultMemoryManager] 2769969561 virtual memory requested, 0 released, 2150629376 free
2026-01-06T23:44:49.431-0500 [DEBUG] [org.gradle.process.internal.health.memory.DefaultMemoryManager] 2769969561 virtual memory requested, 2069221376 free
2026-01-06T23:44:49.431-0500 [DEBUG] [org.gradle.workers.internal.WorkerDaemonExpiration] Will attempt to release 2641 of memory
2026-01-06T23:44:49.431-0500 [DEBUG] [org.gradle.process.internal.health.memory.DefaultMemoryManager] 2769969561 virtual memory requested, 0 released, 2069221376 free
2026-01-06T23:44:50.391-0500 [DEBUG] [org.gradle.cache.internal.DefaultFileLockManager] Waiting to acquire shared lock on daemon addresses registry.
2026-01-06T23:44:50.391-0500 [DEBUG] [org.gradle.cache.internal.DefaultFileLockManager] Lock acquired on daemon addresses registry.
2026-01-06T23:44:50.391-0500 [DEBUG] [org.gradle.cache.internal.DefaultFileLockManager] Releasing lock on daemon addresses registry.
2026-01-06T23:44:50.393-0500 [DEBUG] [org.gradle.cache.internal.DefaultFileLockManager] Waiting to acquire shared lock on daemon addresses registry.
2026-01-06T23:44:50.393-0500 [DEBUG] [org.gradle.cache.internal.DefaultFileLockManager] Lock acquired on daemon addresses registry.
2026-01-06T23:44:50.393-0500 [DEBUG] [org.gradle.cache.internal.DefaultFileLockManager] Releasing lock on daemon addresses registry.
2026-01-06T23:44:50.394-0500 [DEBUG] [org.gradle.cache.internal.DefaultFileLockManager] Waiting to acquire shared lock on daemon addresses registry.
2026-01-06T23:44:50.394-0500 [DEBUG] [org.gradle.cache.internal.DefaultFileLockManager] Lock acquired on daemon addresses registry.
2026-01-06T23:44:50.394-0500 [DEBUG] [org.gradle.cache.internal.DefaultFileLockManager] Releasing lock on daemon addresses registry.
2026-01-06T23:44:54.429-0500 [DEBUG] [org.gradle.process.internal.health.memory.DefaultMemoryManager] 2769969561 virtual memory requested, 2100494336 free
2026-01-06T23:44:54.429-0500 [DEBUG] [org.gradle.workers.internal.WorkerDaemonExpiration] Will attempt to release 2641 of memory
2026-01-06T23:44:54.429-0500 [DEBUG] [org.gradle.process.internal.health.memory.DefaultMemoryManager] 2769969561 virtual memory requested, 0 released, 2100494336 free
2026-01-06T23:44:59.434-0500 [DEBUG] [org.gradle.process.internal.health.memory.DefaultMemoryManager] 2769969561 virtual memory requested, 2107211776 free
2026-01-06T23:44:59.434-0500 [DEBUG] [org.gradle.workers.internal.WorkerDaemonExpiration] Will attempt to release 2641 of memory
2026-01-06T23:44:59.434-0500 [DEBUG] [org.gradle.process.internal.health.memory.DefaultMemoryManager] 2769969561 virtual memory requested, 0 released, 2107211776 free
2026-01-06T23:45:00.403-0500 [DEBUG] [org.gradle.cache.internal.DefaultFileLockManager] Waiting to acquire shared lock on daemon addresses registry.
2026-01-06T23:45:00.403-0500 [DEBUG] [org.gradle.cache.internal.DefaultFileLockManager] Lock acquired on daemon addresses registry.
2026-01-06T23:45:00.404-0500 [DEBUG] [org.gradle.cache.internal.DefaultFileLockManager] Releasing lock on daemon addresses registry.
2026-01-06T23:45:00.405-0500 [DEBUG] [org.gradle.cache.internal.DefaultFileLockManager] Waiting to acquire shared lock on daemon addresses registry.
2026-01-06T23:45:00.405-0500 [DEBUG] [org.gradle.cache.internal.DefaultFileLockManager] Lock acquired on daemon addresses registry.
2026-01-06T23:45:00.405-0500 [DEBUG] [org.gradle.cache.internal.DefaultFileLockManager] Releasing lock on daemon addresses registry.
2026-01-06T23:45:00.406-0500 [DEBUG] [org.gradle.cache.internal.DefaultFileLockManager] Waiting to acquire shared lock on daemon addresses registry.
2026-01-06T23:45:00.406-0500 [DEBUG] [org.gradle.cache.internal.DefaultFileLockManager] Lock acquired on daemon addresses registry.
2026-01-06T23:45:00.406-0500 [DEBUG] [org.gradle.cache.internal.DefaultFileLockManager] Releasing lock on daemon addresses registry.
2026-01-06T23:45:04.425-0500 [DEBUG] [org.gradle.process.internal.health.memory.DefaultMemoryManager] 2769969561 virtual memory requested, 2073387008 free
2026-01-06T23:45:04.425-0500 [DEBUG] [org.gradle.workers.internal.WorkerDaemonExpiration] Will attempt to release 2641 of memory
2026-01-06T23:45:04.425-0500 [DEBUG] [org.gradle.process.internal.health.memory.DefaultMemoryManager] 2769969561 virtual memory requested, 0 released, 2073387008 free
2026-01-06T23:45:09.431-0500 [DEBUG] [org.gradle.process.internal.health.memory.DefaultMemoryManager] 2769969561 virtual memory requested, 2077630464 free
2026-01-06T23:45:09.431-0500 [DEBUG] [org.gradle.workers.internal.WorkerDaemonExpiration] Will attempt to release 2641 of memory
2026-01-06T23:45:09.431-0500 [DEBUG] [org.gradle.process.internal.health.memory.DefaultMemoryManager] 2769969561 virtual memory requested, 0 released, 2077630464 free
2026-01-06T23:45:10.392-0500 [DEBUG] [org.gradle.cache.internal.DefaultFileLockManager] Waiting to acquire shared lock on daemon addresses registry.
2026-01-06T23:45:10.392-0500 [DEBUG] [org.gradle.cache.internal.DefaultFileLockManager] Lock acquired on daemon addresses registry.
2026-01-06T23:45:10.392-0500 [DEBUG] [org.gradle.cache.internal.DefaultFileLockManager] Releasing lock on daemon addresses registry.
2026-01-06T23:45:10.393-0500 [DEBUG] [org.gradle.cache.internal.DefaultFileLockManager] Waiting to acquire shared lock on daemon addresses registry.
2026-01-06T23:45:10.393-0500 [DEBUG] [org.gradle.cache.internal.DefaultFileLockManager] Lock acquired on daemon addresses registry.
2026-01-06T23:45:10.393-0500 [DEBUG] [org.gradle.cache.internal.DefaultFileLockManager] Releasing lock on daemon addresses registry.
2026-01-06T23:45:10.393-0500 [DEBUG] [org.gradle.cache.internal.DefaultFileLockManager] Waiting to acquire shared lock on daemon addresses registry.
2026-01-06T23:45:10.393-0500 [DEBUG] [org.gradle.cache.internal.DefaultFileLockManager] Lock acquired on daemon addresses registry.
2026-01-06T23:45:10.393-0500 [DEBUG] [org.gradle.cache.internal.DefaultFileLockManager] Releasing lock on daemon addresses registry.
2026-01-06T23:45:14.436-0500 [DEBUG] [org.gradle.process.internal.health.memory.DefaultMemoryManager] 2769969561 virtual memory requested, 1991258112 free
2026-01-06T23:45:14.436-0500 [DEBUG] [org.gradle.workers.internal.WorkerDaemonExpiration] Will attempt to release 2641 of memory
2026-01-06T23:45:14.436-0500 [DEBUG] [org.gradle.process.internal.health.memory.DefaultMemoryManager] 2769969561 virtual memory requested, 0 released, 1991258112 free
2026-01-06T23:45:19.435-0500 [DEBUG] [org.gradle.process.internal.health.memory.DefaultMemoryManager] 2769969561 virtual memory requested, 1993981952 free
2026-01-06T23:45:19.436-0500 [DEBUG] [org.gradle.workers.internal.WorkerDaemonExpiration] Will attempt to release 2641 of memory
2026-01-06T23:45:19.436-0500 [DEBUG] [org.gradle.process.internal.health.memory.DefaultMemoryManager] 2769969561 virtual memory requested, 0 released, 1993981952 free
2026-01-06T23:45:20.402-0500 [DEBUG] [org.gradle.cache.internal.DefaultFileLockManager] Waiting to acquire shared lock on daemon addresses registry.
2026-01-06T23:45:20.403-0500 [DEBUG] [org.gradle.cache.internal.DefaultFileLockManager] Lock acquired on daemon addresses registry.
2026-01-06T23:45:20.403-0500 [DEBUG] [org.gradle.cache.internal.DefaultFileLockManager] Releasing lock on daemon addresses registry.
2026-01-06T23:45:20.404-0500 [DEBUG] [org.gradle.cache.internal.DefaultFileLockManager] Waiting to acquire shared lock on daemon addresses registry.
2026-01-06T23:45:20.404-0500 [DEBUG] [org.gradle.cache.internal.DefaultFileLockManager] Lock acquired on daemon addresses registry.
2026-01-06T23:45:20.404-0500 [DEBUG] [org.gradle.cache.internal.DefaultFileLockManager] Releasing lock on daemon addresses registry.
2026-01-06T23:45:20.405-0500 [DEBUG] [org.gradle.cache.internal.DefaultFileLockManager] Waiting to acquire shared lock on daemon addresses registry.
2026-01-06T23:45:20.405-0500 [DEBUG] [org.gradle.cache.internal.DefaultFileLockManager] Lock acquired on daemon addresses registry.
2026-01-06T23:45:20.405-0500 [DEBUG] [org.gradle.cache.internal.DefaultFileLockManager] Releasing lock on daemon addresses registry.
2026-01-06T23:45:24.435-0500 [DEBUG] [org.gradle.process.internal.health.memory.DefaultMemoryManager] 2769969561 virtual memory requested, 1989521408 free
2026-01-06T23:45:24.435-0500 [DEBUG] [org.gradle.workers.internal.WorkerDaemonExpiration] Will attempt to release 2641 of memory
2026-01-06T23:45:24.435-0500 [DEBUG] [org.gradle.process.internal.health.memory.DefaultMemoryManager] 2769969561 virtual memory requested, 0 released, 1989521408 free
2026-01-06T23:45:29.441-0500 [DEBUG] [org.gradle.process.internal.health.memory.DefaultMemoryManager] 2769969561 virtual memory requested, 2001178624 free
2026-01-06T23:45:29.441-0500 [DEBUG] [org.gradle.workers.internal.WorkerDaemonExpiration] Will attempt to release 2641 of memory
2026-01-06T23:45:29.441-0500 [DEBUG] [org.gradle.process.internal.health.memory.DefaultMemoryManager] 2769969561 virtual memory requested, 0 released, 2001178624 free
2026-01-06T23:45:30.395-0500 [DEBUG] [org.gradle.cache.internal.DefaultFileLockManager] Waiting to acquire shared lock on daemon addresses registry.
2026-01-06T23:45:30.396-0500 [DEBUG] [org.gradle.cache.internal.DefaultFileLockManager] Lock acquired on daemon addresses registry.
2026-01-06T23:45:30.396-0500 [DEBUG] [org.gradle.cache.internal.DefaultFileLockManager] Releasing lock on daemon addresses registry.
2026-01-06T23:45:30.396-0500 [DEBUG] [org.gradle.cache.internal.DefaultFileLockManager] Waiting to acquire shared lock on daemon addresses registry.
2026-01-06T23:45:30.397-0500 [DEBUG] [org.gradle.cache.internal.DefaultFileLockManager] Lock acquired on daemon addresses registry.
2026-01-06T23:45:30.397-0500 [DEBUG] [org.gradle.cache.internal.DefaultFileLockManager] Releasing lock on daemon addresses registry.
2026-01-06T23:45:30.397-0500 [DEBUG] [org.gradle.cache.internal.DefaultFileLockManager] Waiting to acquire shared lock on daemon addresses registry.
2026-01-06T23:45:30.397-0500 [DEBUG] [org.gradle.cache.internal.DefaultFileLockManager] Lock acquired on daemon addresses registry.
2026-01-06T23:45:30.397-0500 [DEBUG] [org.gradle.cache.internal.DefaultFileLockManager] Releasing lock on daemon addresses registry.
2026-01-06T23:45:34.439-0500 [DEBUG] [org.gradle.process.internal.health.memory.DefaultMemoryManager] 2769969561 virtual memory requested, 1997459456 free
2026-01-06T23:45:34.439-0500 [DEBUG] [org.gradle.workers.internal.WorkerDaemonExpiration] Will attempt to release 2641 of memory
2026-01-06T23:45:34.439-0500 [DEBUG] [org.gradle.process.internal.health.memory.DefaultMemoryManager] 2769969561 virtual memory requested, 0 released, 1997459456 free
2026-01-06T23:45:39.441-0500 [DEBUG] [org.gradle.process.internal.health.memory.DefaultMemoryManager] 2769969561 virtual memory requested, 1993367552 free
2026-01-06T23:45:39.441-0500 [DEBUG] [org.gradle.workers.internal.WorkerDaemonExpiration] Will attempt to release 2641 of memory
2026-01-06T23:45:39.441-0500 [DEBUG] [org.gradle.process.internal.health.memory.DefaultMemoryManager] 2769969561 virtual memory requested, 0 released, 1993367552 free
2026-01-06T23:45:40.406-0500 [DEBUG] [org.gradle.cache.internal.DefaultFileLockManager] Waiting to acquire shared lock on daemon addresses registry.
2026-01-06T23:45:40.406-0500 [DEBUG] [org.gradle.cache.internal.DefaultFileLockManager] Lock acquired on daemon addresses registry.
2026-01-06T23:45:40.406-0500 [DEBUG] [org.gradle.cache.internal.DefaultFileLockManager] Releasing lock on daemon addresses registry.
2026-01-06T23:45:40.407-0500 [DEBUG] [org.gradle.cache.internal.DefaultFileLockManager] Waiting to acquire shared lock on daemon addresses registry.
2026-01-06T23:45:40.407-0500 [DEBUG] [org.gradle.cache.internal.DefaultFileLockManager] Lock acquired on daemon addresses registry.
2026-01-06T23:45:40.407-0500 [DEBUG] [org.gradle.cache.internal.DefaultFileLockManager] Releasing lock on daemon addresses registry.
2026-01-06T23:45:40.408-0500 [DEBUG] [org.gradle.cache.internal.DefaultFileLockManager] Waiting to acquire shared lock on daemon addresses registry.
2026-01-06T23:45:40.408-0500 [DEBUG] [org.gradle.cache.internal.DefaultFileLockManager] Lock acquired on daemon addresses registry.
2026-01-06T23:45:40.408-0500 [DEBUG] [org.gradle.cache.internal.DefaultFileLockManager] Releasing lock on daemon addresses registry.
2026-01-06T23:45:44.443-0500 [DEBUG] [org.gradle.process.internal.health.memory.DefaultMemoryManager] 2769969561 virtual memory requested, 1994604544 free
2026-01-06T23:45:44.443-0500 [DEBUG] [org.gradle.workers.internal.WorkerDaemonExpiration] Will attempt to release 2641 of memory
2026-01-06T23:45:44.443-0500 [DEBUG] [org.gradle.process.internal.health.memory.DefaultMemoryManager] 2769969561 virtual memory requested, 0 released, 1994604544 free
2026-01-06T23:45:49.431-0500 [DEBUG] [org.gradle.process.internal.health.memory.DefaultMemoryManager] 2769969561 virtual memory requested, 1999814656 free
2026-01-06T23:45:49.431-0500 [DEBUG] [org.gradle.workers.internal.WorkerDaemonExpiration] Will attempt to release 2641 of memory
2026-01-06T23:45:49.431-0500 [DEBUG] [org.gradle.process.internal.health.memory.DefaultMemoryManager] 2769969561 virtual memory requested, 0 released, 1999814656 free
2026-01-06T23:45:50.396-0500 [DEBUG] [org.gradle.cache.internal.DefaultFileLockManager] Waiting to acquire shared lock on daemon addresses registry.
2026-01-06T23:45:50.396-0500 [DEBUG] [org.gradle.cache.internal.DefaultFileLockManager] Lock acquired on daemon addresses registry.
2026-01-06T23:45:50.396-0500 [DEBUG] [org.gradle.cache.internal.DefaultFileLockManager] Releasing lock on daemon addresses registry.
2026-01-06T23:45:50.397-0500 [DEBUG] [org.gradle.cache.internal.DefaultFileLockManager] Waiting to acquire shared lock on daemon addresses registry.
2026-01-06T23:45:50.397-0500 [DEBUG] [org.gradle.cache.internal.DefaultFileLockManager] Lock acquired on daemon addresses registry.
2026-01-06T23:45:50.397-0500 [DEBUG] [org.gradle.cache.internal.DefaultFileLockManager] Releasing lock on daemon addresses registry.
2026-01-06T23:45:50.397-0500 [DEBUG] [org.gradle.cache.internal.DefaultFileLockManager] Waiting to acquire shared lock on daemon addresses registry.
2026-01-06T23:45:50.397-0500 [DEBUG] [org.gradle.cache.internal.DefaultFileLockManager] Lock acquired on daemon addresses registry.
2026-01-06T23:45:50.397-0500 [DEBUG] [org.gradle.cache.internal.DefaultFileLockManager] Releasing lock on daemon addresses registry.
2026-01-06T23:45:54.434-0500 [DEBUG] [org.gradle.process.internal.health.memory.DefaultMemoryManager] 2769969561 virtual memory requested, 1998438400 free
2026-01-06T23:45:54.434-0500 [DEBUG] [org.gradle.workers.internal.WorkerDaemonExpiration] Will attempt to release 2641 of memory
2026-01-06T23:45:54.434-0500 [DEBUG] [org.gradle.process.internal.health.memory.DefaultMemoryManager] 2769969561 virtual memory requested, 0 released, 1998438400 free
2026-01-06T23:45:59.438-0500 [DEBUG] [org.gradle.process.internal.health.memory.DefaultMemoryManager] 2769969561 virtual memory requested, 2000216064 free
2026-01-06T23:45:59.438-0500 [DEBUG] [org.gradle.workers.internal.WorkerDaemonExpiration] Will attempt to release 2641 of memory
2026-01-06T23:45:59.438-0500 [DEBUG] [org.gradle.process.internal.health.memory.DefaultMemoryManager] 2769969561 virtual memory requested, 0 released, 2000216064 free
2026-01-06T23:46:00.408-0500 [DEBUG] [org.gradle.cache.internal.DefaultFileLockManager] Waiting to acquire shared lock on daemon addresses registry.
2026-01-06T23:46:00.408-0500 [DEBUG] [org.gradle.cache.internal.DefaultFileLockManager] Lock acquired on daemon addresses registry.
2026-01-06T23:46:00.409-0500 [DEBUG] [org.gradle.cache.internal.DefaultFileLockManager] Releasing lock on daemon addresses registry.
2026-01-06T23:46:00.409-0500 [DEBUG] [org.gradle.cache.internal.DefaultFileLockManager] Waiting to acquire shared lock on daemon addresses registry.
2026-01-06T23:46:00.409-0500 [DEBUG] [org.gradle.cache.internal.DefaultFileLockManager] Lock acquired on daemon addresses registry.
2026-01-06T23:46:00.409-0500 [DEBUG] [org.gradle.cache.internal.DefaultFileLockManager] Releasing lock on daemon addresses registry.
2026-01-06T23:46:00.410-0500 [DEBUG] [org.gradle.cache.internal.DefaultFileLockManager] Waiting to acquire shared lock on daemon addresses registry.
2026-01-06T23:46:00.410-0500 [DEBUG] [org.gradle.cache.internal.DefaultFileLockManager] Lock acquired on daemon addresses registry.
2026-01-06T23:46:00.410-0500 [DEBUG] [org.gradle.cache.internal.DefaultFileLockManager] Releasing lock on daemon addresses registry.
2026-01-06T23:46:04.444-0500 [DEBUG] [org.gradle.process.internal.health.memory.DefaultMemoryManager] 2769969561 virtual memory requested, 1995882496 free
2026-01-06T23:46:04.444-0500 [DEBUG] [org.gradle.workers.internal.WorkerDaemonExpiration] Will attempt to release 2641 of memory
2026-01-06T23:46:04.445-0500 [DEBUG] [org.gradle.process.internal.health.memory.DefaultMemoryManager] 2769969561 virtual memory requested, 0 released, 1995882496 free
2026-01-06T23:46:09.432-0500 [DEBUG] [org.gradle.process.internal.health.memory.DefaultMemoryManager] 2769969561 virtual memory requested, 1996439552 free
2026-01-06T23:46:09.432-0500 [DEBUG] [org.gradle.workers.internal.WorkerDaemonExpiration] Will attempt to release 2641 of memory
2026-01-06T23:46:09.432-0500 [DEBUG] [org.gradle.process.internal.health.memory.DefaultMemoryManager] 2769969561 virtual memory requested, 0 released, 1996439552 free
2026-01-06T23:46:10.398-0500 [DEBUG] [org.gradle.cache.internal.DefaultFileLockManager] Waiting to acquire shared lock on daemon addresses registry.
2026-01-06T23:46:10.398-0500 [DEBUG] [org.gradle.cache.internal.DefaultFileLockManager] Lock acquired on daemon addresses registry.
2026-01-06T23:46:10.399-0500 [DEBUG] [org.gradle.cache.internal.DefaultFileLockManager] Releasing lock on daemon addresses registry.
2026-01-06T23:46:10.400-0500 [DEBUG] [org.gradle.cache.internal.DefaultFileLockManager] Waiting to acquire shared lock on daemon addresses registry.
2026-01-06T23:46:10.400-0500 [DEBUG] [org.gradle.cache.internal.DefaultFileLockManager] Lock acquired on daemon addresses registry.
2026-01-06T23:46:10.400-0500 [DEBUG] [org.gradle.cache.internal.DefaultFileLockManager] Releasing lock on daemon addresses registry.
2026-01-06T23:46:10.400-0500 [DEBUG] [org.gradle.cache.internal.DefaultFileLockManager] Waiting to acquire shared lock on daemon addresses registry.
2026-01-06T23:46:10.400-0500 [DEBUG] [org.gradle.cache.internal.DefaultFileLockManager] Lock acquired on daemon addresses registry.
2026-01-06T23:46:10.400-0500 [DEBUG] [org.gradle.cache.internal.DefaultFileLockManager] Releasing lock on daemon addresses registry.
2026-01-06T23:46:14.438-0500 [DEBUG] [org.gradle.process.internal.health.memory.DefaultMemoryManager] 2769969561 virtual memory requested, 1992953856 free
2026-01-06T23:46:14.438-0500 [DEBUG] [org.gradle.workers.internal.WorkerDaemonExpiration] Will attempt to release 2641 of memory
2026-01-06T23:46:14.438-0500 [DEBUG] [org.gradle.process.internal.health.memory.DefaultMemoryManager] 2769969561 virtual memory requested, 0 released, 1992953856 free
2026-01-06T23:46:19.439-0500 [DEBUG] [org.gradle.process.internal.health.memory.DefaultMemoryManager] 2769969561 virtual memory requested, 1977176064 free
2026-01-06T23:46:19.439-0500 [DEBUG] [org.gradle.workers.internal.WorkerDaemonExpiration] Will attempt to release 2641 of memory
2026-01-06T23:46:19.440-0500 [DEBUG] [org.gradle.process.internal.health.memory.DefaultMemoryManager] 2769969561 virtual memory requested, 0 released, 1977176064 free
2026-01-06T23:46:20.398-0500 [DEBUG] [org.gradle.cache.internal.DefaultFileLockManager] Waiting to acquire shared lock on daemon addresses registry.
2026-01-06T23:46:20.398-0500 [DEBUG] [org.gradle.cache.internal.DefaultFileLockManager] Lock acquired on daemon addresses registry.
2026-01-06T23:46:20.398-0500 [DEBUG] [org.gradle.cache.internal.DefaultFileLockManager] Releasing lock on daemon addresses registry.
2026-01-06T23:46:20.399-0500 [DEBUG] [org.gradle.cache.internal.DefaultFileLockManager] Waiting to acquire shared lock on daemon addresses registry.
2026-01-06T23:46:20.399-0500 [DEBUG] [org.gradle.cache.internal.DefaultFileLockManager] Lock acquired on daemon addresses registry.
2026-01-06T23:46:20.399-0500 [DEBUG] [org.gradle.cache.internal.DefaultFileLockManager] Releasing lock on daemon addresses registry.
2026-01-06T23:46:20.399-0500 [DEBUG] [org.gradle.cache.internal.DefaultFileLockManager] Waiting to acquire shared lock on daemon addresses registry.
2026-01-06T23:46:20.399-0500 [DEBUG] [org.gradle.cache.internal.DefaultFileLockManager] Lock acquired on daemon addresses registry.
2026-01-06T23:46:20.399-0500 [DEBUG] [org.gradle.cache.internal.DefaultFileLockManager] Releasing lock on daemon addresses registry.
2026-01-06T23:46:24.437-0500 [DEBUG] [org.gradle.process.internal.health.memory.DefaultMemoryManager] 2769969561 virtual memory requested, 1987313664 free
2026-01-06T23:46:24.437-0500 [DEBUG] [org.gradle.workers.internal.WorkerDaemonExpiration] Will attempt to release 2641 of memory
2026-01-06T23:46:24.437-0500 [DEBUG] [org.gradle.process.internal.health.memory.DefaultMemoryManager] 2769969561 virtual memory requested, 0 released, 1987313664 free
2026-01-06T23:46:29.432-0500 [DEBUG] [org.gradle.process.internal.health.memory.DefaultMemoryManager] 2769969561 virtual memory requested, 1984610304 free
2026-01-06T23:46:29.432-0500 [DEBUG] [org.gradle.workers.internal.WorkerDaemonExpiration] Will attempt to release 2641 of memory
2026-01-06T23:46:29.433-0500 [DEBUG] [org.gradle.process.internal.health.memory.DefaultMemoryManager] 2769969561 virtual memory requested, 0 released, 1984610304 free
2026-01-06T23:46:30.404-0500 [DEBUG] [org.gradle.cache.internal.DefaultFileLockManager] Waiting to acquire shared lock on daemon addresses registry.
2026-01-06T23:46:30.404-0500 [DEBUG] [org.gradle.cache.internal.DefaultFileLockManager] Lock acquired on daemon addresses registry.
2026-01-06T23:46:30.404-0500 [DEBUG] [org.gradle.cache.internal.DefaultFileLockManager] Releasing lock on daemon addresses registry.
2026-01-06T23:46:30.405-0500 [DEBUG] [org.gradle.cache.internal.DefaultFileLockManager] Waiting to acquire shared lock on daemon addresses registry.
2026-01-06T23:46:30.405-0500 [DEBUG] [org.gradle.cache.internal.DefaultFileLockManager] Lock acquired on daemon addresses registry.
2026-01-06T23:46:30.405-0500 [DEBUG] [org.gradle.cache.internal.DefaultFileLockManager] Releasing lock on daemon addresses registry.
2026-01-06T23:46:30.406-0500 [DEBUG] [org.gradle.cache.internal.DefaultFileLockManager] Waiting to acquire shared lock on daemon addresses registry.
2026-01-06T23:46:30.406-0500 [DEBUG] [org.gradle.cache.internal.DefaultFileLockManager] Lock acquired on daemon addresses registry.
2026-01-06T23:46:30.406-0500 [DEBUG] [org.gradle.cache.internal.DefaultFileLockManager] Releasing lock on daemon addresses registry.
2026-01-06T23:46:34.436-0500 [DEBUG] [org.gradle.process.internal.health.memory.DefaultMemoryManager] 2769969561 virtual memory requested, 1991311360 free
2026-01-06T23:46:34.436-0500 [DEBUG] [org.gradle.workers.internal.WorkerDaemonExpiration] Will attempt to release 2641 of memory
2026-01-06T23:46:34.436-0500 [DEBUG] [org.gradle.process.internal.health.memory.DefaultMemoryManager] 2769969561 virtual memory requested, 0 released, 1991311360 free
2026-01-06T23:46:39.445-0500 [DEBUG] [org.gradle.process.internal.health.memory.DefaultMemoryManager] 2769969561 virtual memory requested, 1970835456 free
2026-01-06T23:46:39.446-0500 [DEBUG] [org.gradle.workers.internal.WorkerDaemonExpiration] Will attempt to release 2641 of memory
2026-01-06T23:46:39.446-0500 [DEBUG] [org.gradle.process.internal.health.memory.DefaultMemoryManager] 2769969561 virtual memory requested, 0 released, 1970835456 free
2026-01-06T23:46:40.399-0500 [DEBUG] [org.gradle.cache.internal.DefaultFileLockManager] Waiting to acquire shared lock on daemon addresses registry.
2026-01-06T23:46:40.400-0500 [DEBUG] [org.gradle.cache.internal.DefaultFileLockManager] Lock acquired on daemon addresses registry.
2026-01-06T23:46:40.400-0500 [DEBUG] [org.gradle.cache.internal.DefaultFileLockManager] Releasing lock on daemon addresses registry.
2026-01-06T23:46:40.401-0500 [DEBUG] [org.gradle.cache.internal.DefaultFileLockManager] Waiting to acquire shared lock on daemon addresses registry.
2026-01-06T23:46:40.402-0500 [DEBUG] [org.gradle.cache.internal.DefaultFileLockManager] Lock acquired on daemon addresses registry.
2026-01-06T23:46:40.402-0500 [DEBUG] [org.gradle.cache.internal.DefaultFileLockManager] Releasing lock on daemon addresses registry.
2026-01-06T23:46:40.403-0500 [DEBUG] [org.gradle.cache.internal.DefaultFileLockManager] Waiting to acquire shared lock on daemon addresses registry.
2026-01-06T23:46:40.403-0500 [DEBUG] [org.gradle.cache.internal.DefaultFileLockManager] Lock acquired on daemon addresses registry.
2026-01-06T23:46:40.403-0500 [DEBUG] [org.gradle.cache.internal.DefaultFileLockManager] Releasing lock on daemon addresses registry.
2026-01-06T23:46:44.439-0500 [DEBUG] [org.gradle.process.internal.health.memory.DefaultMemoryManager] 2769969561 virtual memory requested, 1885245440 free
2026-01-06T23:46:44.439-0500 [DEBUG] [org.gradle.workers.internal.WorkerDaemonExpiration] Will attempt to release 2641 of memory
2026-01-06T23:46:44.439-0500 [DEBUG] [org.gradle.process.internal.health.memory.DefaultMemoryManager] 2769969561 virtual memory requested, 0 released, 1885245440 free
2026-01-06T23:46:49.443-0500 [DEBUG] [org.gradle.process.internal.health.memory.DefaultMemoryManager] 2769969561 virtual memory requested, 2078138368 free
2026-01-06T23:46:49.443-0500 [DEBUG] [org.gradle.workers.internal.WorkerDaemonExpiration] Will attempt to release 2641 of memory
2026-01-06T23:46:49.443-0500 [DEBUG] [org.gradle.process.internal.health.memory.DefaultMemoryManager] 2769969561 virtual memory requested, 0 released, 2078138368 free
2026-01-06T23:46:50.409-0500 [DEBUG] [org.gradle.cache.internal.DefaultFileLockManager] Waiting to acquire shared lock on daemon addresses registry.
2026-01-06T23:46:50.409-0500 [DEBUG] [org.gradle.cache.internal.DefaultFileLockManager] Lock acquired on daemon addresses registry.
2026-01-06T23:46:50.409-0500 [DEBUG] [org.gradle.cache.internal.DefaultFileLockManager] Releasing lock on daemon addresses registry.
2026-01-06T23:46:50.410-0500 [DEBUG] [org.gradle.cache.internal.DefaultFileLockManager] Waiting to acquire shared lock on daemon addresses registry.
2026-01-06T23:46:50.410-0500 [DEBUG] [org.gradle.cache.internal.DefaultFileLockManager] Lock acquired on daemon addresses registry.
2026-01-06T23:46:50.410-0500 [DEBUG] [org.gradle.cache.internal.DefaultFileLockManager] Releasing lock on daemon addresses registry.
2026-01-06T23:46:50.411-0500 [DEBUG] [org.gradle.cache.internal.DefaultFileLockManager] Waiting to acquire shared lock on daemon addresses registry.
2026-01-06T23:46:50.411-0500 [DEBUG] [org.gradle.cache.internal.DefaultFileLockManager] Lock acquired on daemon addresses registry.
2026-01-06T23:46:50.411-0500 [DEBUG] [org.gradle.cache.internal.DefaultFileLockManager] Releasing lock on daemon addresses registry.
2026-01-06T23:46:54.449-0500 [DEBUG] [org.gradle.process.internal.health.memory.DefaultMemoryManager] 2769969561 virtual memory requested, 2073444352 free
2026-01-06T23:46:54.449-0500 [DEBUG] [org.gradle.workers.internal.WorkerDaemonExpiration] Will attempt to release 2641 of memory
2026-01-06T23:46:54.449-0500 [DEBUG] [org.gradle.process.internal.health.memory.DefaultMemoryManager] 2769969561 virtual memory requested, 0 released, 2073444352 free
2026-01-06T23:46:59.437-0500 [DEBUG] [org.gradle.process.internal.health.memory.DefaultMemoryManager] 2769969561 virtual memory requested, 2080268288 free
2026-01-06T23:46:59.437-0500 [DEBUG] [org.gradle.workers.internal.WorkerDaemonExpiration] Will attempt to release 2641 of memory
2026-01-06T23:46:59.437-0500 [DEBUG] [org.gradle.process.internal.health.memory.DefaultMemoryManager] 2769969561 virtual memory requested, 0 released, 2080268288 free
2026-01-06T23:47:00.404-0500 [DEBUG] [org.gradle.cache.internal.DefaultFileLockManager] Waiting to acquire shared lock on daemon addresses registry.
2026-01-06T23:47:00.405-0500 [DEBUG] [org.gradle.cache.internal.DefaultFileLockManager] Lock acquired on daemon addresses registry.
2026-01-06T23:47:00.405-0500 [DEBUG] [org.gradle.cache.internal.DefaultFileLockManager] Releasing lock on daemon addresses registry.
2026-01-06T23:47:00.406-0500 [DEBUG] [org.gradle.cache.internal.DefaultFileLockManager] Waiting to acquire shared lock on daemon addresses registry.
2026-01-06T23:47:00.406-0500 [DEBUG] [org.gradle.cache.internal.DefaultFileLockManager] Lock acquired on daemon addresses registry.
2026-01-06T23:47:00.407-0500 [DEBUG] [org.gradle.cache.internal.DefaultFileLockManager] Releasing lock on daemon addresses registry.
2026-01-06T23:47:00.408-0500 [DEBUG] [org.gradle.cache.internal.DefaultFileLockManager] Waiting to acquire shared lock on daemon addresses registry.
2026-01-06T23:47:00.408-0500 [DEBUG] [org.gradle.cache.internal.DefaultFileLockManager] Lock acquired on daemon addresses registry.
2026-01-06T23:47:00.408-0500 [DEBUG] [org.gradle.cache.internal.DefaultFileLockManager] Releasing lock on daemon addresses registry.
2026-01-06T23:47:04.443-0500 [DEBUG] [org.gradle.process.internal.health.memory.DefaultMemoryManager] 2769969561 virtual memory requested, 2084319232 free
2026-01-06T23:47:04.443-0500 [DEBUG] [org.gradle.workers.internal.WorkerDaemonExpiration] Will attempt to release 2641 of memory
2026-01-06T23:47:04.443-0500 [DEBUG] [org.gradle.process.internal.health.memory.DefaultMemoryManager] 2769969561 virtual memory requested, 0 released, 2084319232 free
2026-01-06T23:47:09.439-0500 [DEBUG] [org.gradle.process.internal.health.memory.DefaultMemoryManager] 2769969561 virtual memory requested, 2106777600 free
2026-01-06T23:47:09.440-0500 [DEBUG] [org.gradle.workers.internal.WorkerDaemonExpiration] Will attempt to release 2641 of memory
2026-01-06T23:47:09.440-0500 [DEBUG] [org.gradle.process.internal.health.memory.DefaultMemoryManager] 2769969561 virtual memory requested, 0 released, 2106777600 free
2026-01-06T23:47:10.412-0500 [DEBUG] [org.gradle.cache.internal.DefaultFileLockManager] Waiting to acquire shared lock on daemon addresses registry.
2026-01-06T23:47:10.412-0500 [DEBUG] [org.gradle.cache.internal.DefaultFileLockManager] Lock acquired on daemon addresses registry.
2026-01-06T23:47:10.412-0500 [DEBUG] [org.gradle.cache.internal.DefaultFileLockManager] Releasing lock on daemon addresses registry.
2026-01-06T23:47:10.414-0500 [DEBUG] [org.gradle.cache.internal.DefaultFileLockManager] Waiting to acquire shared lock on daemon addresses registry.
2026-01-06T23:47:10.414-0500 [DEBUG] [org.gradle.cache.internal.DefaultFileLockManager] Lock acquired on daemon addresses registry.
2026-01-06T23:47:10.414-0500 [DEBUG] [org.gradle.cache.internal.DefaultFileLockManager] Releasing lock on daemon addresses registry.
2026-01-06T23:47:10.415-0500 [DEBUG] [org.gradle.cache.internal.DefaultFileLockManager] Waiting to acquire shared lock on daemon addresses registry.
2026-01-06T23:47:10.415-0500 [DEBUG] [org.gradle.cache.internal.DefaultFileLockManager] Lock acquired on daemon addresses registry.
2026-01-06T23:47:10.415-0500 [DEBUG] [org.gradle.cache.internal.DefaultFileLockManager] Releasing lock on daemon addresses registry.
2026-01-06T23:47:14.437-0500 [DEBUG] [org.gradle.process.internal.health.memory.DefaultMemoryManager] 2769969561 virtual memory requested, 2105925632 free
2026-01-06T23:47:14.437-0500 [DEBUG] [org.gradle.workers.internal.WorkerDaemonExpiration] Will attempt to release 2641 of memory
2026-01-06T23:47:14.437-0500 [DEBUG] [org.gradle.process.internal.health.memory.DefaultMemoryManager] 2769969561 virtual memory requested, 0 released, 2105925632 free
2026-01-06T23:47:19.439-0500 [DEBUG] [org.gradle.process.internal.health.memory.DefaultMemoryManager] 2769969561 virtual memory requested, 2106449920 free
2026-01-06T23:47:19.439-0500 [DEBUG] [org.gradle.workers.internal.WorkerDaemonExpiration] Will attempt to release 2641 of memory
2026-01-06T23:47:19.439-0500 [DEBUG] [org.gradle.process.internal.health.memory.DefaultMemoryManager] 2769969561 virtual memory requested, 0 released, 2106449920 free
2026-01-06T23:47:20.411-0500 [DEBUG] [org.gradle.cache.internal.DefaultFileLockManager] Waiting to acquire shared lock on daemon addresses registry.
2026-01-06T23:47:20.411-0500 [DEBUG] [org.gradle.cache.internal.DefaultFileLockManager] Lock acquired on daemon addresses registry.
2026-01-06T23:47:20.411-0500 [DEBUG] [org.gradle.cache.internal.DefaultFileLockManager] Releasing lock on daemon addresses registry.
2026-01-06T23:47:20.412-0500 [DEBUG] [org.gradle.cache.internal.DefaultFileLockManager] Waiting to acquire shared lock on daemon addresses registry.
2026-01-06T23:47:20.412-0500 [DEBUG] [org.gradle.cache.internal.DefaultFileLockManager] Lock acquired on daemon addresses registry.
2026-01-06T23:47:20.413-0500 [DEBUG] [org.gradle.cache.internal.DefaultFileLockManager] Releasing lock on daemon addresses registry.
2026-01-06T23:47:20.413-0500 [DEBUG] [org.gradle.cache.internal.DefaultFileLockManager] Waiting to acquire shared lock on daemon addresses registry.
2026-01-06T23:47:20.413-0500 [DEBUG] [org.gradle.cache.internal.DefaultFileLockManager] Lock acquired on daemon addresses registry.
2026-01-06T23:47:20.414-0500 [DEBUG] [org.gradle.cache.internal.DefaultFileLockManager] Releasing lock on daemon addresses registry.
2026-01-06T23:47:24.447-0500 [DEBUG] [org.gradle.process.internal.health.memory.DefaultMemoryManager] 2769969561 virtual memory requested, 2071609344 free
2026-01-06T23:47:24.447-0500 [DEBUG] [org.gradle.workers.internal.WorkerDaemonExpiration] Will attempt to release 2641 of memory
2026-01-06T23:47:24.447-0500 [DEBUG] [org.gradle.process.internal.health.memory.DefaultMemoryManager] 2769969561 virtual memory requested, 0 released, 2071609344 free
2026-01-06T23:47:29.442-0500 [DEBUG] [org.gradle.process.internal.health.memory.DefaultMemoryManager] 2769969561 virtual memory requested, 2072121344 free
2026-01-06T23:47:29.442-0500 [DEBUG] [org.gradle.workers.internal.WorkerDaemonExpiration] Will attempt to release 2641 of memory
2026-01-06T23:47:29.442-0500 [DEBUG] [org.gradle.process.internal.health.memory.DefaultMemoryManager] 2769969561 virtual memory requested, 0 released, 2072121344 free
2026-01-06T23:47:30.416-0500 [DEBUG] [org.gradle.cache.internal.DefaultFileLockManager] Waiting to acquire shared lock on daemon addresses registry.
2026-01-06T23:47:30.416-0500 [DEBUG] [org.gradle.cache.internal.DefaultFileLockManager] Lock acquired on daemon addresses registry.
2026-01-06T23:47:30.416-0500 [DEBUG] [org.gradle.cache.internal.DefaultFileLockManager] Releasing lock on daemon addresses registry.
2026-01-06T23:47:30.417-0500 [DEBUG] [org.gradle.cache.internal.DefaultFileLockManager] Waiting to acquire shared lock on daemon addresses registry.
2026-01-06T23:47:30.417-0500 [DEBUG] [org.gradle.cache.internal.DefaultFileLockManager] Lock acquired on daemon addresses registry.
2026-01-06T23:47:30.417-0500 [DEBUG] [org.gradle.cache.internal.DefaultFileLockManager] Releasing lock on daemon addresses registry.
2026-01-06T23:47:30.418-0500 [DEBUG] [org.gradle.cache.internal.DefaultFileLockManager] Waiting to acquire shared lock on daemon addresses registry.
2026-01-06T23:47:30.418-0500 [DEBUG] [org.gradle.cache.internal.DefaultFileLockManager] Lock acquired on daemon addresses registry.
2026-01-06T23:47:30.418-0500 [DEBUG] [org.gradle.cache.internal.DefaultFileLockManager] Releasing lock on daemon addresses registry.
2026-01-06T23:47:34.449-0500 [DEBUG] [org.gradle.process.internal.health.memory.DefaultMemoryManager] 2769969561 virtual memory requested, 1992699904 free
2026-01-06T23:47:34.449-0500 [DEBUG] [org.gradle.workers.internal.WorkerDaemonExpiration] Will attempt to release 2641 of memory
2026-01-06T23:47:34.449-0500 [DEBUG] [org.gradle.process.internal.health.memory.DefaultMemoryManager] 2769969561 virtual memory requested, 0 released, 1992699904 free
2026-01-06T23:47:39.447-0500 [DEBUG] [org.gradle.process.internal.health.memory.DefaultMemoryManager] 2769969561 virtual memory requested, 2064740352 free
2026-01-06T23:47:39.447-0500 [DEBUG] [org.gradle.workers.internal.WorkerDaemonExpiration] Will attempt to release 2641 of memory
2026-01-06T23:47:39.447-0500 [DEBUG] [org.gradle.process.internal.health.memory.DefaultMemoryManager] 2769969561 virtual memory requested, 0 released, 2064740352 free
2026-01-06T23:47:40.408-0500 [DEBUG] [org.gradle.cache.internal.DefaultFileLockManager] Waiting to acquire shared lock on daemon addresses registry.
2026-01-06T23:47:40.408-0500 [DEBUG] [org.gradle.cache.internal.DefaultFileLockManager] Lock acquired on daemon addresses registry.
2026-01-06T23:47:40.408-0500 [DEBUG] [org.gradle.cache.internal.DefaultFileLockManager] Releasing lock on daemon addresses registry.
2026-01-06T23:47:40.409-0500 [DEBUG] [org.gradle.cache.internal.DefaultFileLockManager] Waiting to acquire shared lock on daemon addresses registry.
2026-01-06T23:47:40.409-0500 [DEBUG] [org.gradle.cache.internal.DefaultFileLockManager] Lock acquired on daemon addresses registry.
2026-01-06T23:47:40.409-0500 [DEBUG] [org.gradle.cache.internal.DefaultFileLockManager] Releasing lock on daemon addresses registry.
2026-01-06T23:47:40.410-0500 [DEBUG] [org.gradle.cache.internal.DefaultFileLockManager] Waiting to acquire shared lock on daemon addresses registry.
2026-01-06T23:47:40.410-0500 [DEBUG] [org.gradle.cache.internal.DefaultFileLockManager] Lock acquired on daemon addresses registry.
2026-01-06T23:47:40.410-0500 [DEBUG] [org.gradle.cache.internal.DefaultFileLockManager] Releasing lock on daemon addresses registry.
2026-01-06T23:47:44.443-0500 [DEBUG] [org.gradle.process.internal.health.memory.DefaultMemoryManager] 2769969561 virtual memory requested, 2042920960 free
2026-01-06T23:47:44.443-0500 [DEBUG] [org.gradle.workers.internal.WorkerDaemonExpiration] Will attempt to release 2641 of memory
2026-01-06T23:47:44.443-0500 [DEBUG] [org.gradle.process.internal.health.memory.DefaultMemoryManager] 2769969561 virtual memory requested, 0 released, 2042920960 free
2026-01-06T23:47:49.451-0500 [DEBUG] [org.gradle.process.internal.health.memory.DefaultMemoryManager] 2769969561 virtual memory requested, 2056732672 free
2026-01-06T23:47:49.451-0500 [DEBUG] [org.gradle.workers.internal.WorkerDaemonExpiration] Will attempt to release 2641 of memory
2026-01-06T23:47:49.451-0500 [DEBUG] [org.gradle.process.internal.health.memory.DefaultMemoryManager] 2769969561 virtual memory requested, 0 released, 2056732672 free
2026-01-06T23:47:50.419-0500 [DEBUG] [org.gradle.cache.internal.DefaultFileLockManager] Waiting to acquire shared lock on daemon addresses registry.
2026-01-06T23:47:50.420-0500 [DEBUG] [org.gradle.cache.internal.DefaultFileLockManager] Lock acquired on daemon addresses registry.
2026-01-06T23:47:50.420-0500 [DEBUG] [org.gradle.cache.internal.DefaultFileLockManager] Releasing lock on daemon addresses registry.
2026-01-06T23:47:50.421-0500 [DEBUG] [org.gradle.cache.internal.DefaultFileLockManager] Waiting to acquire shared lock on daemon addresses registry.
2026-01-06T23:47:50.421-0500 [DEBUG] [org.gradle.cache.internal.DefaultFileLockManager] Lock acquired on daemon addresses registry.
2026-01-06T23:47:50.421-0500 [DEBUG] [org.gradle.cache.internal.DefaultFileLockManager] Releasing lock on daemon addresses registry.
2026-01-06T23:47:50.422-0500 [DEBUG] [org.gradle.cache.internal.DefaultFileLockManager] Waiting to acquire shared lock on daemon addresses registry.
2026-01-06T23:47:50.422-0500 [DEBUG] [org.gradle.cache.internal.DefaultFileLockManager] Lock acquired on daemon addresses registry.
2026-01-06T23:47:50.422-0500 [DEBUG] [org.gradle.cache.internal.DefaultFileLockManager] Releasing lock on daemon addresses registry.
2026-01-06T23:47:54.445-0500 [DEBUG] [org.gradle.process.internal.health.memory.DefaultMemoryManager] 2769969561 virtual memory requested, 2051923968 free
2026-01-06T23:47:54.445-0500 [DEBUG] [org.gradle.workers.internal.WorkerDaemonExpiration] Will attempt to release 2641 of memory
2026-01-06T23:47:54.445-0500 [DEBUG] [org.gradle.process.internal.health.memory.DefaultMemoryManager] 2769969561 virtual memory requested, 0 released, 2051923968 free
2026-01-06T23:47:59.442-0500 [DEBUG] [org.gradle.process.internal.health.memory.DefaultMemoryManager] 2769969561 virtual memory requested, 2010824704 free
2026-01-06T23:47:59.442-0500 [DEBUG] [org.gradle.workers.internal.WorkerDaemonExpiration] Will attempt to release 2641 of memory
2026-01-06T23:47:59.442-0500 [DEBUG] [org.gradle.process.internal.health.memory.DefaultMemoryManager] 2769969561 virtual memory requested, 0 released, 2010824704 free
2026-01-06T23:48:00.419-0500 [DEBUG] [org.gradle.cache.internal.DefaultFileLockManager] Waiting to acquire shared lock on daemon addresses registry.
2026-01-06T23:48:00.419-0500 [DEBUG] [org.gradle.cache.internal.DefaultFileLockManager] Lock acquired on daemon addresses registry.
2026-01-06T23:48:00.419-0500 [DEBUG] [org.gradle.cache.internal.DefaultFileLockManager] Releasing lock on daemon addresses registry.
2026-01-06T23:48:00.420-0500 [DEBUG] [org.gradle.cache.internal.DefaultFileLockManager] Waiting to acquire shared lock on daemon addresses registry.
2026-01-06T23:48:00.420-0500 [DEBUG] [org.gradle.cache.internal.DefaultFileLockManager] Lock acquired on daemon addresses registry.
2026-01-06T23:48:00.420-0500 [DEBUG] [org.gradle.cache.internal.DefaultFileLockManager] Releasing lock on daemon addresses registry.
2026-01-06T23:48:00.420-0500 [DEBUG] [org.gradle.cache.internal.DefaultFileLockManager] Waiting to acquire shared lock on daemon addresses registry.
2026-01-06T23:48:00.420-0500 [DEBUG] [org.gradle.cache.internal.DefaultFileLockManager] Lock acquired on daemon addresses registry.
2026-01-06T23:48:00.420-0500 [DEBUG] [org.gradle.cache.internal.DefaultFileLockManager] Releasing lock on daemon addresses registry.
2026-01-06T23:48:04.457-0500 [DEBUG] [org.gradle.process.internal.health.memory.DefaultMemoryManager] 2769969561 virtual memory requested, 2002558976 free
2026-01-06T23:48:04.457-0500 [DEBUG] [org.gradle.workers.internal.WorkerDaemonExpiration] Will attempt to release 2641 of memory
2026-01-06T23:48:04.457-0500 [DEBUG] [org.gradle.process.internal.health.memory.DefaultMemoryManager] 2769969561 virtual memory requested, 0 released, 2002558976 free
2026-01-06T23:48:09.456-0500 [DEBUG] [org.gradle.process.internal.health.memory.DefaultMemoryManager] 2769969561 virtual memory requested, 1971703808 free
2026-01-06T23:48:09.457-0500 [DEBUG] [org.gradle.workers.internal.WorkerDaemonExpiration] Will attempt to release 2641 of memory
2026-01-06T23:48:09.457-0500 [DEBUG] [org.gradle.process.internal.health.memory.DefaultMemoryManager] 2769969561 virtual memory requested, 0 released, 1971703808 free
2026-01-06T23:48:10.408-0500 [DEBUG] [org.gradle.cache.internal.DefaultFileLockManager] Waiting to acquire shared lock on daemon addresses registry.
2026-01-06T23:48:10.408-0500 [DEBUG] [org.gradle.cache.internal.DefaultFileLockManager] Lock acquired on daemon addresses registry.
2026-01-06T23:48:10.408-0500 [DEBUG] [org.gradle.cache.internal.DefaultFileLockManager] Releasing lock on daemon addresses registry.
2026-01-06T23:48:10.409-0500 [DEBUG] [org.gradle.cache.internal.DefaultFileLockManager] Waiting to acquire shared lock on daemon addresses registry.
2026-01-06T23:48:10.409-0500 [DEBUG] [org.gradle.cache.internal.DefaultFileLockManager] Lock acquired on daemon addresses registry.
2026-01-06T23:48:10.409-0500 [DEBUG] [org.gradle.cache.internal.DefaultFileLockManager] Releasing lock on daemon addresses registry.
2026-01-06T23:48:10.409-0500 [DEBUG] [org.gradle.cache.internal.DefaultFileLockManager] Waiting to acquire shared lock on daemon addresses registry.
2026-01-06T23:48:10.409-0500 [DEBUG] [org.gradle.cache.internal.DefaultFileLockManager] Lock acquired on daemon addresses registry.
2026-01-06T23:48:10.410-0500 [DEBUG] [org.gradle.cache.internal.DefaultFileLockManager] Releasing lock on daemon addresses registry.
2026-01-06T23:48:14.452-0500 [DEBUG] [org.gradle.process.internal.health.memory.DefaultMemoryManager] 2769969561 virtual memory requested, 1973403648 free
2026-01-06T23:48:14.452-0500 [DEBUG] [org.gradle.workers.internal.WorkerDaemonExpiration] Will attempt to release 2641 of memory
2026-01-06T23:48:14.452-0500 [DEBUG] [org.gradle.process.internal.health.memory.DefaultMemoryManager] 2769969561 virtual memory requested, 0 released, 1973403648 free
2026-01-06T23:48:19.450-0500 [DEBUG] [org.gradle.process.internal.health.memory.DefaultMemoryManager] 2769969561 virtual memory requested, 1977745408 free
2026-01-06T23:48:19.450-0500 [DEBUG] [org.gradle.workers.internal.WorkerDaemonExpiration] Will attempt to release 2641 of memory
2026-01-06T23:48:19.450-0500 [DEBUG] [org.gradle.process.internal.health.memory.DefaultMemoryManager] 2769969561 virtual memory requested, 0 released, 1977745408 free
2026-01-06T23:48:20.419-0500 [DEBUG] [org.gradle.cache.internal.DefaultFileLockManager] Waiting to acquire shared lock on daemon addresses registry.
2026-01-06T23:48:20.419-0500 [DEBUG] [org.gradle.cache.internal.DefaultFileLockManager] Lock acquired on daemon addresses registry.
2026-01-06T23:48:20.419-0500 [DEBUG] [org.gradle.cache.internal.DefaultFileLockManager] Releasing lock on daemon addresses registry.
2026-01-06T23:48:20.420-0500 [DEBUG] [org.gradle.cache.internal.DefaultFileLockManager] Waiting to acquire shared lock on daemon addresses registry.
2026-01-06T23:48:20.420-0500 [DEBUG] [org.gradle.cache.internal.DefaultFileLockManager] Lock acquired on daemon addresses registry.
2026-01-06T23:48:20.420-0500 [DEBUG] [org.gradle.cache.internal.DefaultFileLockManager] Releasing lock on daemon addresses registry.
2026-01-06T23:48:20.421-0500 [DEBUG] [org.gradle.cache.internal.DefaultFileLockManager] Waiting to acquire shared lock on daemon addresses registry.
2026-01-06T23:48:20.421-0500 [DEBUG] [org.gradle.cache.internal.DefaultFileLockManager] Lock acquired on daemon addresses registry.
2026-01-06T23:48:20.421-0500 [DEBUG] [org.gradle.cache.internal.DefaultFileLockManager] Releasing lock on daemon addresses registry.
2026-01-06T23:48:24.454-0500 [DEBUG] [org.gradle.process.internal.health.memory.DefaultMemoryManager] 2769969561 virtual memory requested, 1988276224 free
2026-01-06T23:48:24.455-0500 [DEBUG] [org.gradle.workers.internal.WorkerDaemonExpiration] Will attempt to release 2641 of memory
2026-01-06T23:48:24.455-0500 [DEBUG] [org.gradle.process.internal.health.memory.DefaultMemoryManager] 2769969561 virtual memory requested, 0 released, 1988276224 free
2026-01-06T23:48:29.458-0500 [DEBUG] [org.gradle.process.internal.health.memory.DefaultMemoryManager] 2769969561 virtual memory requested, 1632784384 free
2026-01-06T23:48:29.458-0500 [DEBUG] [org.gradle.workers.internal.WorkerDaemonExpiration] Will attempt to release 2641 of memory
2026-01-06T23:48:29.458-0500 [DEBUG] [org.gradle.process.internal.health.memory.DefaultMemoryManager] 2769969561 virtual memory requested, 0 released, 1632784384 free
2026-01-06T23:48:30.424-0500 [DEBUG] [org.gradle.cache.internal.DefaultFileLockManager] Waiting to acquire shared lock on daemon addresses registry.
2026-01-06T23:48:30.424-0500 [DEBUG] [org.gradle.cache.internal.DefaultFileLockManager] Lock acquired on daemon addresses registry.
2026-01-06T23:48:30.424-0500 [DEBUG] [org.gradle.cache.internal.DefaultFileLockManager] Releasing lock on daemon addresses registry.
2026-01-06T23:48:30.425-0500 [DEBUG] [org.gradle.cache.internal.DefaultFileLockManager] Waiting to acquire shared lock on daemon addresses registry.
2026-01-06T23:48:30.425-0500 [DEBUG] [org.gradle.cache.internal.DefaultFileLockManager] Lock acquired on daemon addresses registry.
2026-01-06T23:48:30.425-0500 [DEBUG] [org.gradle.cache.internal.DefaultFileLockManager] Releasing lock on daemon addresses registry.
2026-01-06T23:48:30.425-0500 [DEBUG] [org.gradle.cache.internal.DefaultFileLockManager] Waiting to acquire shared lock on daemon addresses registry.
2026-01-06T23:48:30.425-0500 [DEBUG] [org.gradle.cache.internal.DefaultFileLockManager] Lock acquired on daemon addresses registry.
2026-01-06T23:48:30.426-0500 [DEBUG] [org.gradle.cache.internal.DefaultFileLockManager] Releasing lock on daemon addresses registry.
2026-01-06T23:48:34.451-0500 [DEBUG] [org.gradle.process.internal.health.memory.DefaultMemoryManager] 2769969561 virtual memory requested, 1636327424 free
2026-01-06T23:48:34.451-0500 [DEBUG] [org.gradle.workers.internal.WorkerDaemonExpiration] Will attempt to release 2641 of memory
2026-01-06T23:48:34.451-0500 [DEBUG] [org.gradle.process.internal.health.memory.DefaultMemoryManager] 2769969561 virtual memory requested, 0 released, 1636327424 free
2026-01-06T23:48:39.459-0500 [DEBUG] [org.gradle.process.internal.health.memory.DefaultMemoryManager] 2769969561 virtual memory requested, 1640022016 free
2026-01-06T23:48:39.459-0500 [DEBUG] [org.gradle.workers.internal.WorkerDaemonExpiration] Will attempt to release 2641 of memory
2026-01-06T23:48:39.459-0500 [DEBUG] [org.gradle.process.internal.health.memory.DefaultMemoryManager] 2769969561 virtual memory requested, 0 released, 1640022016 free
2026-01-06T23:48:40.425-0500 [DEBUG] [org.gradle.cache.internal.DefaultFileLockManager] Waiting to acquire shared lock on daemon addresses registry.
2026-01-06T23:48:40.425-0500 [DEBUG] [org.gradle.cache.internal.DefaultFileLockManager] Lock acquired on daemon addresses registry.
2026-01-06T23:48:40.425-0500 [DEBUG] [org.gradle.cache.internal.DefaultFileLockManager] Releasing lock on daemon addresses registry.
2026-01-06T23:48:40.425-0500 [DEBUG] [org.gradle.cache.internal.DefaultFileLockManager] Waiting to acquire shared lock on daemon addresses registry.
2026-01-06T23:48:40.426-0500 [DEBUG] [org.gradle.cache.internal.DefaultFileLockManager] Lock acquired on daemon addresses registry.
2026-01-06T23:48:40.426-0500 [DEBUG] [org.gradle.cache.internal.DefaultFileLockManager] Releasing lock on daemon addresses registry.
2026-01-06T23:48:40.426-0500 [DEBUG] [org.gradle.cache.internal.DefaultFileLockManager] Waiting to acquire shared lock on daemon addresses registry.
2026-01-06T23:48:40.426-0500 [DEBUG] [org.gradle.cache.internal.DefaultFileLockManager] Lock acquired on daemon addresses registry.
2026-01-06T23:48:40.426-0500 [DEBUG] [org.gradle.cache.internal.DefaultFileLockManager] Releasing lock on daemon addresses registry.
2026-01-06T23:48:44.458-0500 [DEBUG] [org.gradle.process.internal.health.memory.DefaultMemoryManager] 2769969561 virtual memory requested, 1641742336 free
2026-01-06T23:48:44.458-0500 [DEBUG] [org.gradle.workers.internal.WorkerDaemonExpiration] Will attempt to release 2641 of memory
2026-01-06T23:48:44.458-0500 [DEBUG] [org.gradle.process.internal.health.memory.DefaultMemoryManager] 2769969561 virtual memory requested, 0 released, 1641742336 free
2026-01-06T23:48:49.445-0500 [DEBUG] [org.gradle.process.internal.health.memory.DefaultMemoryManager] 2769969561 virtual memory requested, 1641877504 free
2026-01-06T23:48:49.446-0500 [DEBUG] [org.gradle.workers.internal.WorkerDaemonExpiration] Will attempt to release 2641 of memory
2026-01-06T23:48:49.446-0500 [DEBUG] [org.gradle.process.internal.health.memory.DefaultMemoryManager] 2769969561 virtual memory requested, 0 released, 1641877504 free
2026-01-06T23:48:50.413-0500 [DEBUG] [org.gradle.cache.internal.DefaultFileLockManager] Waiting to acquire shared lock on daemon addresses registry.
2026-01-06T23:48:50.413-0500 [DEBUG] [org.gradle.cache.internal.DefaultFileLockManager] Lock acquired on daemon addresses registry.
2026-01-06T23:48:50.413-0500 [DEBUG] [org.gradle.cache.internal.DefaultFileLockManager] Releasing lock on daemon addresses registry.
2026-01-06T23:48:50.414-0500 [DEBUG] [org.gradle.cache.internal.DefaultFileLockManager] Waiting to acquire shared lock on daemon addresses registry.
2026-01-06T23:48:50.414-0500 [DEBUG] [org.gradle.cache.internal.DefaultFileLockManager] Lock acquired on daemon addresses registry.
2026-01-06T23:48:50.414-0500 [DEBUG] [org.gradle.cache.internal.DefaultFileLockManager] Releasing lock on daemon addresses registry.
2026-01-06T23:48:50.414-0500 [DEBUG] [org.gradle.cache.internal.DefaultFileLockManager] Waiting to acquire shared lock on daemon addresses registry.
2026-01-06T23:48:50.414-0500 [DEBUG] [org.gradle.cache.internal.DefaultFileLockManager] Lock acquired on daemon addresses registry.
2026-01-06T23:48:50.414-0500 [DEBUG] [org.gradle.cache.internal.DefaultFileLockManager] Releasing lock on daemon addresses registry.
2026-01-06T23:48:54.458-0500 [DEBUG] [org.gradle.process.internal.health.memory.DefaultMemoryManager] 2769969561 virtual memory requested, 1593364480 free
2026-01-06T23:48:54.458-0500 [DEBUG] [org.gradle.workers.internal.WorkerDaemonExpiration] Will attempt to release 2641 of memory
2026-01-06T23:48:54.458-0500 [DEBUG] [org.gradle.process.internal.health.memory.DefaultMemoryManager] 2769969561 virtual memory requested, 0 released, 1593364480 free
2026-01-06T23:48:59.451-0500 [DEBUG] [org.gradle.process.internal.health.memory.DefaultMemoryManager] 2769969561 virtual memory requested, 1702932480 free
2026-01-06T23:48:59.451-0500 [DEBUG] [org.gradle.workers.internal.WorkerDaemonExpiration] Will attempt to release 2641 of memory
2026-01-06T23:48:59.451-0500 [DEBUG] [org.gradle.process.internal.health.memory.DefaultMemoryManager] 2769969561 virtual memory requested, 0 released, 1702932480 free
2026-01-06T23:49:00.425-0500 [DEBUG] [org.gradle.cache.internal.DefaultFileLockManager] Waiting to acquire shared lock on daemon addresses registry.
2026-01-06T23:49:00.425-0500 [DEBUG] [org.gradle.cache.internal.DefaultFileLockManager] Lock acquired on daemon addresses registry.
2026-01-06T23:49:00.426-0500 [DEBUG] [org.gradle.cache.internal.DefaultFileLockManager] Releasing lock on daemon addresses registry.
2026-01-06T23:49:00.427-0500 [DEBUG] [org.gradle.cache.internal.DefaultFileLockManager] Waiting to acquire shared lock on daemon addresses registry.
2026-01-06T23:49:00.427-0500 [DEBUG] [org.gradle.cache.internal.DefaultFileLockManager] Lock acquired on daemon addresses registry.
2026-01-06T23:49:00.427-0500 [DEBUG] [org.gradle.cache.internal.DefaultFileLockManager] Releasing lock on daemon addresses registry.
2026-01-06T23:49:00.427-0500 [DEBUG] [org.gradle.cache.internal.DefaultFileLockManager] Waiting to acquire shared lock on daemon addresses registry.
2026-01-06T23:49:00.428-0500 [DEBUG] [org.gradle.cache.internal.DefaultFileLockManager] Lock acquired on daemon addresses registry.
2026-01-06T23:49:00.428-0500 [DEBUG] [org.gradle.cache.internal.DefaultFileLockManager] Releasing lock on daemon addresses registry.
2026-01-06T23:49:04.455-0500 [DEBUG] [org.gradle.process.internal.health.memory.DefaultMemoryManager] 2769969561 virtual memory requested, 1728675840 free
2026-01-06T23:49:04.455-0500 [DEBUG] [org.gradle.workers.internal.WorkerDaemonExpiration] Will attempt to release 2641 of memory
2026-01-06T23:49:04.455-0500 [DEBUG] [org.gradle.process.internal.health.memory.DefaultMemoryManager] 2769969561 virtual memory requested, 0 released, 1728675840 free
2026-01-06T23:49:09.451-0500 [DEBUG] [org.gradle.process.internal.health.memory.DefaultMemoryManager] 2769969561 virtual memory requested, 1790984192 free
2026-01-06T23:49:09.451-0500 [DEBUG] [org.gradle.workers.internal.WorkerDaemonExpiration] Will attempt to release 2641 of memory
2026-01-06T23:49:09.451-0500 [DEBUG] [org.gradle.process.internal.health.memory.DefaultMemoryManager] 2769969561 virtual memory requested, 0 released, 1790984192 free
2026-01-06T23:49:10.421-0500 [DEBUG] [org.gradle.cache.internal.DefaultFileLockManager] Waiting to acquire shared lock on daemon addresses registry.
2026-01-06T23:49:10.421-0500 [DEBUG] [org.gradle.cache.internal.DefaultFileLockManager] Lock acquired on daemon addresses registry.
2026-01-06T23:49:10.421-0500 [DEBUG] [org.gradle.cache.internal.DefaultFileLockManager] Releasing lock on daemon addresses registry.
2026-01-06T23:49:10.422-0500 [DEBUG] [org.gradle.cache.internal.DefaultFileLockManager] Waiting to acquire shared lock on daemon addresses registry.
2026-01-06T23:49:10.422-0500 [DEBUG] [org.gradle.cache.internal.DefaultFileLockManager] Lock acquired on daemon addresses registry.
2026-01-06T23:49:10.422-0500 [DEBUG] [org.gradle.cache.internal.DefaultFileLockManager] Releasing lock on daemon addresses registry.
2026-01-06T23:49:10.422-0500 [DEBUG] [org.gradle.cache.internal.DefaultFileLockManager] Waiting to acquire shared lock on daemon addresses registry.
2026-01-06T23:49:10.422-0500 [DEBUG] [org.gradle.cache.internal.DefaultFileLockManager] Lock acquired on daemon addresses registry.
2026-01-06T23:49:10.422-0500 [DEBUG] [org.gradle.cache.internal.DefaultFileLockManager] Releasing lock on daemon addresses registry.
2026-01-06T23:49:14.463-0500 [DEBUG] [org.gradle.process.internal.health.memory.DefaultMemoryManager] 2769969561 virtual memory requested, 1717157888 free
2026-01-06T23:49:14.463-0500 [DEBUG] [org.gradle.workers.internal.WorkerDaemonExpiration] Will attempt to release 2641 of memory
2026-01-06T23:49:14.463-0500 [DEBUG] [org.gradle.process.internal.health.memory.DefaultMemoryManager] 2769969561 virtual memory requested, 0 released, 1717157888 free
2026-01-06T23:49:19.461-0500 [DEBUG] [org.gradle.process.internal.health.memory.DefaultMemoryManager] 2769969561 virtual memory requested, 1700384768 free
2026-01-06T23:49:19.461-0500 [DEBUG] [org.gradle.workers.internal.WorkerDaemonExpiration] Will attempt to release 2641 of memory
2026-01-06T23:49:19.461-0500 [DEBUG] [org.gradle.process.internal.health.memory.DefaultMemoryManager] 2769969561 virtual memory requested, 0 released, 1700384768 free
2026-01-06T23:49:20.431-0500 [DEBUG] [org.gradle.cache.internal.DefaultFileLockManager] Waiting to acquire shared lock on daemon addresses registry.
2026-01-06T23:49:20.431-0500 [DEBUG] [org.gradle.cache.internal.DefaultFileLockManager] Lock acquired on daemon addresses registry.
2026-01-06T23:49:20.431-0500 [DEBUG] [org.gradle.cache.internal.DefaultFileLockManager] Releasing lock on daemon addresses registry.
2026-01-06T23:49:20.431-0500 [DEBUG] [org.gradle.cache.internal.DefaultFileLockManager] Waiting to acquire shared lock on daemon addresses registry.
2026-01-06T23:49:20.431-0500 [DEBUG] [org.gradle.cache.internal.DefaultFileLockManager] Lock acquired on daemon addresses registry.
2026-01-06T23:49:20.432-0500 [DEBUG] [org.gradle.cache.internal.DefaultFileLockManager] Releasing lock on daemon addresses registry.
2026-01-06T23:49:20.432-0500 [DEBUG] [org.gradle.cache.internal.DefaultFileLockManager] Waiting to acquire shared lock on daemon addresses registry.
2026-01-06T23:49:20.432-0500 [DEBUG] [org.gradle.cache.internal.DefaultFileLockManager] Lock acquired on daemon addresses registry.
2026-01-06T23:49:20.432-0500 [DEBUG] [org.gradle.cache.internal.DefaultFileLockManager] Releasing lock on daemon addresses registry.
2026-01-06T23:49:24.460-0500 [DEBUG] [org.gradle.process.internal.health.memory.DefaultMemoryManager] 2769969561 virtual memory requested, 1708175360 free
2026-01-06T23:49:24.460-0500 [DEBUG] [org.gradle.workers.internal.WorkerDaemonExpiration] Will attempt to release 2641 of memory
2026-01-06T23:49:24.460-0500 [DEBUG] [org.gradle.process.internal.health.memory.DefaultMemoryManager] 2769969561 virtual memory requested, 0 released, 1708175360 free
2026-01-06T23:49:29.465-0500 [DEBUG] [org.gradle.process.internal.health.memory.DefaultMemoryManager] 2769969561 virtual memory requested, 1711091712 free
2026-01-06T23:49:29.465-0500 [DEBUG] [org.gradle.workers.internal.WorkerDaemonExpiration] Will attempt to release 2641 of memory
2026-01-06T23:49:29.465-0500 [DEBUG] [org.gradle.process.internal.health.memory.DefaultMemoryManager] 2769969561 virtual memory requested, 0 released, 1711091712 free
2026-01-06T23:49:30.416-0500 [DEBUG] [org.gradle.cache.internal.DefaultFileLockManager] Waiting to acquire shared lock on daemon addresses registry.
2026-01-06T23:49:30.417-0500 [DEBUG] [org.gradle.cache.internal.DefaultFileLockManager] Lock acquired on daemon addresses registry.
2026-01-06T23:49:30.417-0500 [DEBUG] [org.gradle.cache.internal.DefaultFileLockManager] Releasing lock on daemon addresses registry.
2026-01-06T23:49:30.417-0500 [DEBUG] [org.gradle.cache.internal.DefaultFileLockManager] Waiting to acquire shared lock on daemon addresses registry.
2026-01-06T23:49:30.417-0500 [DEBUG] [org.gradle.cache.internal.DefaultFileLockManager] Lock acquired on daemon addresses registry.
2026-01-06T23:49:30.418-0500 [DEBUG] [org.gradle.cache.internal.DefaultFileLockManager] Releasing lock on daemon addresses registry.
2026-01-06T23:49:30.418-0500 [DEBUG] [org.gradle.cache.internal.DefaultFileLockManager] Waiting to acquire shared lock on daemon addresses registry.
2026-01-06T23:49:30.418-0500 [DEBUG] [org.gradle.cache.internal.DefaultFileLockManager] Lock acquired on daemon addresses registry.
2026-01-06T23:49:30.418-0500 [DEBUG] [org.gradle.cache.internal.DefaultFileLockManager] Releasing lock on daemon addresses registry.
2026-01-06T23:49:34.458-0500 [DEBUG] [org.gradle.process.internal.health.memory.DefaultMemoryManager] 2769969561 virtual memory requested, 1706024960 free
2026-01-06T23:49:34.458-0500 [DEBUG] [org.gradle.workers.internal.WorkerDaemonExpiration] Will attempt to release 2641 of memory
2026-01-06T23:49:34.458-0500 [DEBUG] [org.gradle.process.internal.health.memory.DefaultMemoryManager] 2769969561 virtual memory requested, 0 released, 1706024960 free
2026-01-06T23:49:39.459-0500 [DEBUG] [org.gradle.process.internal.health.memory.DefaultMemoryManager] 2769969561 virtual memory requested, 1708957696 free
2026-01-06T23:49:39.459-0500 [DEBUG] [org.gradle.workers.internal.WorkerDaemonExpiration] Will attempt to release 2641 of memory
2026-01-06T23:49:39.459-0500 [DEBUG] [org.gradle.process.internal.health.memory.DefaultMemoryManager] 2769969561 virtual memory requested, 0 released, 1708957696 free
2026-01-06T23:49:40.424-0500 [DEBUG] [org.gradle.cache.internal.DefaultFileLockManager] Waiting to acquire shared lock on daemon addresses registry.
2026-01-06T23:49:40.424-0500 [DEBUG] [org.gradle.cache.internal.DefaultFileLockManager] Lock acquired on daemon addresses registry.
2026-01-06T23:49:40.424-0500 [DEBUG] [org.gradle.cache.internal.DefaultFileLockManager] Releasing lock on daemon addresses registry.
2026-01-06T23:49:40.425-0500 [DEBUG] [org.gradle.cache.internal.DefaultFileLockManager] Waiting to acquire shared lock on daemon addresses registry.
2026-01-06T23:49:40.425-0500 [DEBUG] [org.gradle.cache.internal.DefaultFileLockManager] Lock acquired on daemon addresses registry.
2026-01-06T23:49:40.425-0500 [DEBUG] [org.gradle.cache.internal.DefaultFileLockManager] Releasing lock on daemon addresses registry.
2026-01-06T23:49:40.425-0500 [DEBUG] [org.gradle.cache.internal.DefaultFileLockManager] Waiting to acquire shared lock on daemon addresses registry.
2026-01-06T23:49:40.425-0500 [DEBUG] [org.gradle.cache.internal.DefaultFileLockManager] Lock acquired on daemon addresses registry.
2026-01-06T23:49:40.426-0500 [DEBUG] [org.gradle.cache.internal.DefaultFileLockManager] Releasing lock on daemon addresses registry.
2026-01-06T23:49:44.456-0500 [DEBUG] [org.gradle.process.internal.health.memory.DefaultMemoryManager] 2769969561 virtual memory requested, 1707229184 free
2026-01-06T23:49:44.456-0500 [DEBUG] [org.gradle.workers.internal.WorkerDaemonExpiration] Will attempt to release 2641 of memory
2026-01-06T23:49:44.457-0500 [DEBUG] [org.gradle.process.internal.health.memory.DefaultMemoryManager] 2769969561 virtual memory requested, 0 released, 1707229184 free
2026-01-06T23:49:49.459-0500 [DEBUG] [org.gradle.process.internal.health.memory.DefaultMemoryManager] 2769969561 virtual memory requested, 1650012160 free
2026-01-06T23:49:49.459-0500 [DEBUG] [org.gradle.workers.internal.WorkerDaemonExpiration] Will attempt to release 2641 of memory
2026-01-06T23:49:49.459-0500 [DEBUG] [org.gradle.process.internal.health.memory.DefaultMemoryManager] 2769969561 virtual memory requested, 0 released, 1650012160 free
2026-01-06T23:49:50.426-0500 [DEBUG] [org.gradle.cache.internal.DefaultFileLockManager] Waiting to acquire shared lock on daemon addresses registry.
2026-01-06T23:49:50.426-0500 [DEBUG] [org.gradle.cache.internal.DefaultFileLockManager] Lock acquired on daemon addresses registry.
2026-01-06T23:49:50.426-0500 [DEBUG] [org.gradle.cache.internal.DefaultFileLockManager] Releasing lock on daemon addresses registry.
2026-01-06T23:49:50.427-0500 [DEBUG] [org.gradle.cache.internal.DefaultFileLockManager] Waiting to acquire shared lock on daemon addresses registry.
2026-01-06T23:49:50.427-0500 [DEBUG] [org.gradle.cache.internal.DefaultFileLockManager] Lock acquired on daemon addresses registry.
2026-01-06T23:49:50.428-0500 [DEBUG] [org.gradle.cache.internal.DefaultFileLockManager] Releasing lock on daemon addresses registry.
2026-01-06T23:49:50.428-0500 [DEBUG] [org.gradle.cache.internal.DefaultFileLockManager] Waiting to acquire shared lock on daemon addresses registry.
2026-01-06T23:49:50.428-0500 [DEBUG] [org.gradle.cache.internal.DefaultFileLockManager] Lock acquired on daemon addresses registry.
2026-01-06T23:49:50.428-0500 [DEBUG] [org.gradle.cache.internal.DefaultFileLockManager] Releasing lock on daemon addresses registry.
2026-01-06T23:49:54.462-0500 [DEBUG] [org.gradle.process.internal.health.memory.DefaultMemoryManager] 2769969561 virtual memory requested, 1655009280 free
2026-01-06T23:49:54.462-0500 [DEBUG] [org.gradle.workers.internal.WorkerDaemonExpiration] Will attempt to release 2641 of memory
2026-01-06T23:49:54.462-0500 [DEBUG] [org.gradle.process.internal.health.memory.DefaultMemoryManager] 2769969561 virtual memory requested, 0 released, 1655009280 free
2026-01-06T23:49:59.458-0500 [DEBUG] [org.gradle.process.internal.health.memory.DefaultMemoryManager] 2769969561 virtual memory requested, 1650495488 free
2026-01-06T23:49:59.458-0500 [DEBUG] [org.gradle.workers.internal.WorkerDaemonExpiration] Will attempt to release 2641 of memory
2026-01-06T23:49:59.458-0500 [DEBUG] [org.gradle.process.internal.health.memory.DefaultMemoryManager] 2769969561 virtual memory requested, 0 released, 1650495488 free
2026-01-06T23:50:00.427-0500 [DEBUG] [org.gradle.cache.internal.DefaultFileLockManager] Waiting to acquire shared lock on daemon addresses registry.
2026-01-06T23:50:00.427-0500 [DEBUG] [org.gradle.cache.internal.DefaultFileLockManager] Lock acquired on daemon addresses registry.
2026-01-06T23:50:00.427-0500 [DEBUG] [org.gradle.cache.internal.DefaultFileLockManager] Releasing lock on daemon addresses registry.
2026-01-06T23:50:00.428-0500 [DEBUG] [org.gradle.cache.internal.DefaultFileLockManager] Waiting to acquire shared lock on daemon addresses registry.
2026-01-06T23:50:00.428-0500 [DEBUG] [org.gradle.cache.internal.DefaultFileLockManager] Lock acquired on daemon addresses registry.
2026-01-06T23:50:00.429-0500 [DEBUG] [org.gradle.cache.internal.DefaultFileLockManager] Releasing lock on daemon addresses registry.
2026-01-06T23:50:00.429-0500 [DEBUG] [org.gradle.cache.internal.DefaultFileLockManager] Waiting to acquire shared lock on daemon addresses registry.
2026-01-06T23:50:00.429-0500 [DEBUG] [org.gradle.cache.internal.DefaultFileLockManager] Lock acquired on daemon addresses registry.
2026-01-06T23:50:00.429-0500 [DEBUG] [org.gradle.cache.internal.DefaultFileLockManager] Releasing lock on daemon addresses registry.
2026-01-06T23:50:04.468-0500 [DEBUG] [org.gradle.process.internal.health.memory.DefaultMemoryManager] 2769969561 virtual memory requested, 1684574208 free
2026-01-06T23:50:04.468-0500 [DEBUG] [org.gradle.workers.internal.WorkerDaemonExpiration] Will attempt to release 2641 of memory
2026-01-06T23:50:04.468-0500 [DEBUG] [org.gradle.process.internal.health.memory.DefaultMemoryManager] 2769969561 virtual memory requested, 0 released, 1684574208 free
2026-01-06T23:50:09.460-0500 [DEBUG] [org.gradle.process.internal.health.memory.DefaultMemoryManager] 2769969561 virtual memory requested, 1676275712 free
2026-01-06T23:50:09.460-0500 [DEBUG] [org.gradle.workers.internal.WorkerDaemonExpiration] Will attempt to release 2641 of memory
2026-01-06T23:50:09.460-0500 [DEBUG] [org.gradle.process.internal.health.memory.DefaultMemoryManager] 2769969561 virtual memory requested, 0 released, 1676275712 free
2026-01-06T23:50:10.430-0500 [DEBUG] [org.gradle.cache.internal.DefaultFileLockManager] Waiting to acquire shared lock on daemon addresses registry.
2026-01-06T23:50:10.430-0500 [DEBUG] [org.gradle.cache.internal.DefaultFileLockManager] Lock acquired on daemon addresses registry.
2026-01-06T23:50:10.431-0500 [DEBUG] [org.gradle.cache.internal.DefaultFileLockManager] Releasing lock on daemon addresses registry.
2026-01-06T23:50:10.432-0500 [DEBUG] [org.gradle.cache.internal.DefaultFileLockManager] Waiting to acquire shared lock on daemon addresses registry.
2026-01-06T23:50:10.432-0500 [DEBUG] [org.gradle.cache.internal.DefaultFileLockManager] Lock acquired on daemon addresses registry.
2026-01-06T23:50:10.432-0500 [DEBUG] [org.gradle.cache.internal.DefaultFileLockManager] Releasing lock on daemon addresses registry.
2026-01-06T23:50:10.432-0500 [DEBUG] [org.gradle.cache.internal.DefaultFileLockManager] Waiting to acquire shared lock on daemon addresses registry.
2026-01-06T23:50:10.432-0500 [DEBUG] [org.gradle.cache.internal.DefaultFileLockManager] Lock acquired on daemon addresses registry.
2026-01-06T23:50:10.432-0500 [DEBUG] [org.gradle.cache.internal.DefaultFileLockManager] Releasing lock on daemon addresses registry.
2026-01-06T23:50:14.462-0500 [DEBUG] [org.gradle.process.internal.health.memory.DefaultMemoryManager] 2769969561 virtual memory requested, 1490505728 free
2026-01-06T23:50:14.462-0500 [DEBUG] [org.gradle.workers.internal.WorkerDaemonExpiration] Will attempt to release 2641 of memory
2026-01-06T23:50:14.462-0500 [DEBUG] [org.gradle.process.internal.health.memory.DefaultMemoryManager] 2769969561 virtual memory requested, 0 released, 1490505728 free
2026-01-06T23:50:19.454-0500 [DEBUG] [org.gradle.process.internal.health.memory.DefaultMemoryManager] 2769969561 virtual memory requested, 1671774208 free
2026-01-06T23:50:19.454-0500 [DEBUG] [org.gradle.workers.internal.WorkerDaemonExpiration] Will attempt to release 2641 of memory
2026-01-06T23:50:19.454-0500 [DEBUG] [org.gradle.process.internal.health.memory.DefaultMemoryManager] 2769969561 virtual memory requested, 0 released, 1671774208 free
2026-01-06T23:50:20.422-0500 [DEBUG] [org.gradle.cache.internal.DefaultFileLockManager] Waiting to acquire shared lock on daemon addresses registry.
2026-01-06T23:50:20.422-0500 [DEBUG] [org.gradle.cache.internal.DefaultFileLockManager] Lock acquired on daemon addresses registry.
2026-01-06T23:50:20.422-0500 [DEBUG] [org.gradle.cache.internal.DefaultFileLockManager] Releasing lock on daemon addresses registry.
2026-01-06T23:50:20.423-0500 [DEBUG] [org.gradle.cache.internal.DefaultFileLockManager] Waiting to acquire shared lock on daemon addresses registry.
2026-01-06T23:50:20.423-0500 [DEBUG] [org.gradle.cache.internal.DefaultFileLockManager] Lock acquired on daemon addresses registry.
2026-01-06T23:50:20.423-0500 [DEBUG] [org.gradle.cache.internal.DefaultFileLockManager] Releasing lock on daemon addresses registry.
2026-01-06T23:50:20.424-0500 [DEBUG] [org.gradle.cache.internal.DefaultFileLockManager] Waiting to acquire shared lock on daemon addresses registry.
2026-01-06T23:50:20.424-0500 [DEBUG] [org.gradle.cache.internal.DefaultFileLockManager] Lock acquired on daemon addresses registry.
2026-01-06T23:50:20.424-0500 [DEBUG] [org.gradle.cache.internal.DefaultFileLockManager] Releasing lock on daemon addresses registry.
2026-01-06T23:50:24.463-0500 [DEBUG] [org.gradle.process.internal.health.memory.DefaultMemoryManager] 2769969561 virtual memory requested, 1662767104 free
2026-01-06T23:50:24.463-0500 [DEBUG] [org.gradle.workers.internal.WorkerDaemonExpiration] Will attempt to release 2641 of memory
2026-01-06T23:50:24.463-0500 [DEBUG] [org.gradle.process.internal.health.memory.DefaultMemoryManager] 2769969561 virtual memory requested, 0 released, 1662767104 free
2026-01-06T23:50:29.459-0500 [DEBUG] [org.gradle.process.internal.health.memory.DefaultMemoryManager] 2769969561 virtual memory requested, 1789747200 free
2026-01-06T23:50:29.459-0500 [DEBUG] [org.gradle.workers.internal.WorkerDaemonExpiration] Will attempt to release 2641 of memory
2026-01-06T23:50:29.459-0500 [DEBUG] [org.gradle.process.internal.health.memory.DefaultMemoryManager] 2769969561 virtual memory requested, 0 released, 1789747200 free
2026-01-06T23:50:30.427-0500 [DEBUG] [org.gradle.cache.internal.DefaultFileLockManager] Waiting to acquire shared lock on daemon addresses registry.
2026-01-06T23:50:30.427-0500 [DEBUG] [org.gradle.cache.internal.DefaultFileLockManager] Lock acquired on daemon addresses registry.
2026-01-06T23:50:30.427-0500 [DEBUG] [org.gradle.cache.internal.DefaultFileLockManager] Releasing lock on daemon addresses registry.
2026-01-06T23:50:30.428-0500 [DEBUG] [org.gradle.cache.internal.DefaultFileLockManager] Waiting to acquire shared lock on daemon addresses registry.
2026-01-06T23:50:30.428-0500 [DEBUG] [org.gradle.cache.internal.DefaultFileLockManager] Lock acquired on daemon addresses registry.
2026-01-06T23:50:30.428-0500 [DEBUG] [org.gradle.cache.internal.DefaultFileLockManager] Releasing lock on daemon addresses registry.
2026-01-06T23:50:30.429-0500 [DEBUG] [org.gradle.cache.internal.DefaultFileLockManager] Waiting to acquire shared lock on daemon addresses registry.
2026-01-06T23:50:30.429-0500 [DEBUG] [org.gradle.cache.internal.DefaultFileLockManager] Lock acquired on daemon addresses registry.
2026-01-06T23:50:30.429-0500 [DEBUG] [org.gradle.cache.internal.DefaultFileLockManager] Releasing lock on daemon addresses registry.
2026-01-06T23:50:34.468-0500 [DEBUG] [org.gradle.process.internal.health.memory.DefaultMemoryManager] 2769969561 virtual memory requested, 1782439936 free
2026-01-06T23:50:34.468-0500 [DEBUG] [org.gradle.workers.internal.WorkerDaemonExpiration] Will attempt to release 2641 of memory
2026-01-06T23:50:34.468-0500 [DEBUG] [org.gradle.process.internal.health.memory.DefaultMemoryManager] 2769969561 virtual memory requested, 0 released, 1782439936 free
2026-01-06T23:50:39.465-0500 [DEBUG] [org.gradle.process.internal.health.memory.DefaultMemoryManager] 2769969561 virtual memory requested, 1741848576 free
2026-01-06T23:50:39.465-0500 [DEBUG] [org.gradle.workers.internal.WorkerDaemonExpiration] Will attempt to release 2641 of memory
2026-01-06T23:50:39.465-0500 [DEBUG] [org.gradle.process.internal.health.memory.DefaultMemoryManager] 2769969561 virtual memory requested, 0 released, 1741848576 free
2026-01-06T23:50:40.432-0500 [DEBUG] [org.gradle.cache.internal.DefaultFileLockManager] Waiting to acquire shared lock on daemon addresses registry.
2026-01-06T23:50:40.432-0500 [DEBUG] [org.gradle.cache.internal.DefaultFileLockManager] Lock acquired on daemon addresses registry.
2026-01-06T23:50:40.432-0500 [DEBUG] [org.gradle.cache.internal.DefaultFileLockManager] Releasing lock on daemon addresses registry.
2026-01-06T23:50:40.433-0500 [DEBUG] [org.gradle.cache.internal.DefaultFileLockManager] Waiting to acquire shared lock on daemon addresses registry.
2026-01-06T23:50:40.433-0500 [DEBUG] [org.gradle.cache.internal.DefaultFileLockManager] Lock acquired on daemon addresses registry.
2026-01-06T23:50:40.433-0500 [DEBUG] [org.gradle.cache.internal.DefaultFileLockManager] Releasing lock on daemon addresses registry.
2026-01-06T23:50:40.434-0500 [DEBUG] [org.gradle.cache.internal.DefaultFileLockManager] Waiting to acquire shared lock on daemon addresses registry.
2026-01-06T23:50:40.434-0500 [DEBUG] [org.gradle.cache.internal.DefaultFileLockManager] Lock acquired on daemon addresses registry.
2026-01-06T23:50:40.434-0500 [DEBUG] [org.gradle.cache.internal.DefaultFileLockManager] Releasing lock on daemon addresses registry.
2026-01-06T23:50:44.458-0500 [DEBUG] [org.gradle.process.internal.health.memory.DefaultMemoryManager] 2769969561 virtual memory requested, 1737433088 free
2026-01-06T23:50:44.458-0500 [DEBUG] [org.gradle.workers.internal.WorkerDaemonExpiration] Will attempt to release 2641 of memory
2026-01-06T23:50:44.458-0500 [DEBUG] [org.gradle.process.internal.health.memory.DefaultMemoryManager] 2769969561 virtual memory requested, 0 released, 1737433088 free
2026-01-06T23:50:49.466-0500 [DEBUG] [org.gradle.process.internal.health.memory.DefaultMemoryManager] 2769969561 virtual memory requested, 1745715200 free
2026-01-06T23:50:49.466-0500 [DEBUG] [org.gradle.workers.internal.WorkerDaemonExpiration] Will attempt to release 2641 of memory
2026-01-06T23:50:49.466-0500 [DEBUG] [org.gradle.process.internal.health.memory.DefaultMemoryManager] 2769969561 virtual memory requested, 0 released, 1745715200 free
2026-01-06T23:50:50.436-0500 [DEBUG] [org.gradle.cache.internal.DefaultFileLockManager] Waiting to acquire shared lock on daemon addresses registry.
2026-01-06T23:50:50.436-0500 [DEBUG] [org.gradle.cache.internal.DefaultFileLockManager] Lock acquired on daemon addresses registry.
2026-01-06T23:50:50.437-0500 [DEBUG] [org.gradle.cache.internal.DefaultFileLockManager] Releasing lock on daemon addresses registry.
2026-01-06T23:50:50.437-0500 [DEBUG] [org.gradle.cache.internal.DefaultFileLockManager] Waiting to acquire shared lock on daemon addresses registry.
2026-01-06T23:50:50.437-0500 [DEBUG] [org.gradle.cache.internal.DefaultFileLockManager] Lock acquired on daemon addresses registry.
2026-01-06T23:50:50.438-0500 [DEBUG] [org.gradle.cache.internal.DefaultFileLockManager] Releasing lock on daemon addresses registry.
2026-01-06T23:50:50.438-0500 [DEBUG] [org.gradle.cache.internal.DefaultFileLockManager] Waiting to acquire shared lock on daemon addresses registry.
2026-01-06T23:50:50.438-0500 [DEBUG] [org.gradle.cache.internal.DefaultFileLockManager] Lock acquired on daemon addresses registry.
2026-01-06T23:50:50.439-0500 [DEBUG] [org.gradle.cache.internal.DefaultFileLockManager] Releasing lock on daemon addresses registry.
2026-01-06T23:50:54.459-0500 [DEBUG] [org.gradle.process.internal.health.memory.DefaultMemoryManager] 2769969561 virtual memory requested, 1777799168 free
2026-01-06T23:50:54.459-0500 [DEBUG] [org.gradle.workers.internal.WorkerDaemonExpiration] Will attempt to release 2641 of memory
2026-01-06T23:50:54.459-0500 [DEBUG] [org.gradle.process.internal.health.memory.DefaultMemoryManager] 2769969561 virtual memory requested, 0 released, 1777799168 free
2026-01-06T23:50:59.471-0500 [DEBUG] [org.gradle.process.internal.health.memory.DefaultMemoryManager] 2769969561 virtual memory requested, 1775583232 free
2026-01-06T23:50:59.472-0500 [DEBUG] [org.gradle.workers.internal.WorkerDaemonExpiration] Will attempt to release 2641 of memory
2026-01-06T23:50:59.472-0500 [DEBUG] [org.gradle.process.internal.health.memory.DefaultMemoryManager] 2769969561 virtual memory requested, 0 released, 1775583232 free
2026-01-06T23:51:00.425-0500 [DEBUG] [org.gradle.cache.internal.DefaultFileLockManager] Waiting to acquire shared lock on daemon addresses registry.
2026-01-06T23:51:00.426-0500 [DEBUG] [org.gradle.cache.internal.DefaultFileLockManager] Lock acquired on daemon addresses registry.
2026-01-06T23:51:00.426-0500 [DEBUG] [org.gradle.cache.internal.DefaultFileLockManager] Releasing lock on daemon addresses registry.
2026-01-06T23:51:00.427-0500 [DEBUG] [org.gradle.cache.internal.DefaultFileLockManager] Waiting to acquire shared lock on daemon addresses registry.
2026-01-06T23:51:00.427-0500 [DEBUG] [org.gradle.cache.internal.DefaultFileLockManager] Lock acquired on daemon addresses registry.
2026-01-06T23:51:00.427-0500 [DEBUG] [org.gradle.cache.internal.DefaultFileLockManager] Releasing lock on daemon addresses registry.
2026-01-06T23:51:00.428-0500 [DEBUG] [org.gradle.cache.internal.DefaultFileLockManager] Waiting to acquire shared lock on daemon addresses registry.
2026-01-06T23:51:00.428-0500 [DEBUG] [org.gradle.cache.internal.DefaultFileLockManager] Lock acquired on daemon addresses registry.
2026-01-06T23:51:00.428-0500 [DEBUG] [org.gradle.cache.internal.DefaultFileLockManager] Releasing lock on daemon addresses registry.
2026-01-06T23:51:04.462-0500 [DEBUG] [org.gradle.process.internal.health.memory.DefaultMemoryManager] 2769969561 virtual memory requested, 1777688576 free
2026-01-06T23:51:04.462-0500 [DEBUG] [org.gradle.workers.internal.WorkerDaemonExpiration] Will attempt to release 2641 of memory
2026-01-06T23:51:04.462-0500 [DEBUG] [org.gradle.process.internal.health.memory.DefaultMemoryManager] 2769969561 virtual memory requested, 0 released, 1777688576 free
2026-01-06T23:51:09.469-0500 [DEBUG] [org.gradle.process.internal.health.memory.DefaultMemoryManager] 2769969561 virtual memory requested, 1783926784 free
2026-01-06T23:51:09.469-0500 [DEBUG] [org.gradle.workers.internal.WorkerDaemonExpiration] Will attempt to release 2641 of memory
2026-01-06T23:51:09.469-0500 [DEBUG] [org.gradle.process.internal.health.memory.DefaultMemoryManager] 2769969561 virtual memory requested, 0 released, 1783926784 free
2026-01-06T23:51:10.429-0500 [DEBUG] [org.gradle.cache.internal.DefaultFileLockManager] Waiting to acquire shared lock on daemon addresses registry.
2026-01-06T23:51:10.429-0500 [DEBUG] [org.gradle.cache.internal.DefaultFileLockManager] Lock acquired on daemon addresses registry.
2026-01-06T23:51:10.429-0500 [DEBUG] [org.gradle.cache.internal.DefaultFileLockManager] Releasing lock on daemon addresses registry.
2026-01-06T23:51:10.430-0500 [DEBUG] [org.gradle.cache.internal.DefaultFileLockManager] Waiting to acquire shared lock on daemon addresses registry.
2026-01-06T23:51:10.430-0500 [DEBUG] [org.gradle.cache.internal.DefaultFileLockManager] Lock acquired on daemon addresses registry.
2026-01-06T23:51:10.430-0500 [DEBUG] [org.gradle.cache.internal.DefaultFileLockManager] Releasing lock on daemon addresses registry.
2026-01-06T23:51:10.431-0500 [DEBUG] [org.gradle.cache.internal.DefaultFileLockManager] Waiting to acquire shared lock on daemon addresses registry.
2026-01-06T23:51:10.431-0500 [DEBUG] [org.gradle.cache.internal.DefaultFileLockManager] Lock acquired on daemon addresses registry.
2026-01-06T23:51:10.431-0500 [DEBUG] [org.gradle.cache.internal.DefaultFileLockManager] Releasing lock on daemon addresses registry.
2026-01-06T23:51:14.462-0500 [DEBUG] [org.gradle.process.internal.health.memory.DefaultMemoryManager] 2769969561 virtual memory requested, 1780977664 free
2026-01-06T23:51:14.462-0500 [DEBUG] [org.gradle.workers.internal.WorkerDaemonExpiration] Will attempt to release 2641 of memory
2026-01-06T23:51:14.462-0500 [DEBUG] [org.gradle.process.internal.health.memory.DefaultMemoryManager] 2769969561 virtual memory requested, 0 released, 1780977664 free
2026-01-06T23:51:19.472-0500 [DEBUG] [org.gradle.process.internal.health.memory.DefaultMemoryManager] 2769969561 virtual memory requested, 1768898560 free
2026-01-06T23:51:19.472-0500 [DEBUG] [org.gradle.workers.internal.WorkerDaemonExpiration] Will attempt to release 2641 of memory
2026-01-06T23:51:19.472-0500 [DEBUG] [org.gradle.process.internal.health.memory.DefaultMemoryManager] 2769969561 virtual memory requested, 0 released, 1768898560 free
2026-01-06T23:51:20.439-0500 [DEBUG] [org.gradle.cache.internal.DefaultFileLockManager] Waiting to acquire shared lock on daemon addresses registry.
2026-01-06T23:51:20.439-0500 [DEBUG] [org.gradle.cache.internal.DefaultFileLockManager] Lock acquired on daemon addresses registry.
2026-01-06T23:51:20.439-0500 [DEBUG] [org.gradle.cache.internal.DefaultFileLockManager] Releasing lock on daemon addresses registry.
2026-01-06T23:51:20.440-0500 [DEBUG] [org.gradle.cache.internal.DefaultFileLockManager] Waiting to acquire shared lock on daemon addresses registry.
2026-01-06T23:51:20.440-0500 [DEBUG] [org.gradle.cache.internal.DefaultFileLockManager] Lock acquired on daemon addresses registry.
2026-01-06T23:51:20.440-0500 [DEBUG] [org.gradle.cache.internal.DefaultFileLockManager] Releasing lock on daemon addresses registry.
2026-01-06T23:51:20.441-0500 [DEBUG] [org.gradle.cache.internal.DefaultFileLockManager] Waiting to acquire shared lock on daemon addresses registry.
2026-01-06T23:51:20.441-0500 [DEBUG] [org.gradle.cache.internal.DefaultFileLockManager] Lock acquired on daemon addresses registry.
2026-01-06T23:51:20.441-0500 [DEBUG] [org.gradle.cache.internal.DefaultFileLockManager] Releasing lock on daemon addresses registry.
2026-01-06T23:51:24.465-0500 [DEBUG] [org.gradle.process.internal.health.memory.DefaultMemoryManager] 2769969561 virtual memory requested, 1730150400 free
2026-01-06T23:51:24.465-0500 [DEBUG] [org.gradle.workers.internal.WorkerDaemonExpiration] Will attempt to release 2641 of memory
2026-01-06T23:51:24.465-0500 [DEBUG] [org.gradle.process.internal.health.memory.DefaultMemoryManager] 2769969561 virtual memory requested, 0 released, 1730150400 free
2026-01-06T23:51:29.465-0500 [DEBUG] [org.gradle.process.internal.health.memory.DefaultMemoryManager] 2769969561 virtual memory requested, 1729740800 free
2026-01-06T23:51:29.465-0500 [DEBUG] [org.gradle.workers.internal.WorkerDaemonExpiration] Will attempt to release 2641 of memory
2026-01-06T23:51:29.465-0500 [DEBUG] [org.gradle.process.internal.health.memory.DefaultMemoryManager] 2769969561 virtual memory requested, 0 released, 1729740800 free
2026-01-06T23:51:30.438-0500 [DEBUG] [org.gradle.cache.internal.DefaultFileLockManager] Waiting to acquire shared lock on daemon addresses registry.
2026-01-06T23:51:30.438-0500 [DEBUG] [org.gradle.cache.internal.DefaultFileLockManager] Lock acquired on daemon addresses registry.
2026-01-06T23:51:30.438-0500 [DEBUG] [org.gradle.cache.internal.DefaultFileLockManager] Releasing lock on daemon addresses registry.
2026-01-06T23:51:30.439-0500 [DEBUG] [org.gradle.cache.internal.DefaultFileLockManager] Waiting to acquire shared lock on daemon addresses registry.
2026-01-06T23:51:30.439-0500 [DEBUG] [org.gradle.cache.internal.DefaultFileLockManager] Lock acquired on daemon addresses registry.
2026-01-06T23:51:30.439-0500 [DEBUG] [org.gradle.cache.internal.DefaultFileLockManager] Releasing lock on daemon addresses registry.
2026-01-06T23:51:30.441-0500 [DEBUG] [org.gradle.cache.internal.DefaultFileLockManager] Waiting to acquire shared lock on daemon addresses registry.
2026-01-06T23:51:30.441-0500 [DEBUG] [org.gradle.cache.internal.DefaultFileLockManager] Lock acquired on daemon addresses registry.
2026-01-06T23:51:30.441-0500 [DEBUG] [org.gradle.cache.internal.DefaultFileLockManager] Releasing lock on daemon addresses registry.
2026-01-06T23:51:34.472-0500 [DEBUG] [org.gradle.process.internal.health.memory.DefaultMemoryManager] 2769969561 virtual memory requested, 1754415104 free
2026-01-06T23:51:34.472-0500 [DEBUG] [org.gradle.workers.internal.WorkerDaemonExpiration] Will attempt to release 2641 of memory
2026-01-06T23:51:34.473-0500 [DEBUG] [org.gradle.process.internal.health.memory.DefaultMemoryManager] 2769969561 virtual memory requested, 0 released, 1754415104 free
2026-01-06T23:51:39.462-0500 [DEBUG] [org.gradle.process.internal.health.memory.DefaultMemoryManager] 2769969561 virtual memory requested, 1757741056 free
2026-01-06T23:51:39.462-0500 [DEBUG] [org.gradle.workers.internal.WorkerDaemonExpiration] Will attempt to release 2641 of memory
2026-01-06T23:51:39.462-0500 [DEBUG] [org.gradle.process.internal.health.memory.DefaultMemoryManager] 2769969561 virtual memory requested, 0 released, 1757741056 free
2026-01-06T23:51:40.441-0500 [DEBUG] [org.gradle.cache.internal.DefaultFileLockManager] Waiting to acquire shared lock on daemon addresses registry.
2026-01-06T23:51:40.441-0500 [DEBUG] [org.gradle.cache.internal.DefaultFileLockManager] Lock acquired on daemon addresses registry.
2026-01-06T23:51:40.441-0500 [DEBUG] [org.gradle.cache.internal.DefaultFileLockManager] Releasing lock on daemon addresses registry.
2026-01-06T23:51:40.442-0500 [DEBUG] [org.gradle.cache.internal.DefaultFileLockManager] Waiting to acquire shared lock on daemon addresses registry.
2026-01-06T23:51:40.442-0500 [DEBUG] [org.gradle.cache.internal.DefaultFileLockManager] Lock acquired on daemon addresses registry.
2026-01-06T23:51:40.442-0500 [DEBUG] [org.gradle.cache.internal.DefaultFileLockManager] Releasing lock on daemon addresses registry.
2026-01-06T23:51:40.443-0500 [DEBUG] [org.gradle.cache.internal.DefaultFileLockManager] Waiting to acquire shared lock on daemon addresses registry.
2026-01-06T23:51:40.443-0500 [DEBUG] [org.gradle.cache.internal.DefaultFileLockManager] Lock acquired on daemon addresses registry.
2026-01-06T23:51:40.443-0500 [DEBUG] [org.gradle.cache.internal.DefaultFileLockManager] Releasing lock on daemon addresses registry.
2026-01-06T23:51:44.473-0500 [DEBUG] [org.gradle.process.internal.health.memory.DefaultMemoryManager] 2769969561 virtual memory requested, 1733623808 free
2026-01-06T23:51:44.473-0500 [DEBUG] [org.gradle.workers.internal.WorkerDaemonExpiration] Will attempt to release 2641 of memory
2026-01-06T23:51:44.474-0500 [DEBUG] [org.gradle.process.internal.health.memory.DefaultMemoryManager] 2769969561 virtual memory requested, 0 released, 1733623808 free
2026-01-06T23:51:49.468-0500 [DEBUG] [org.gradle.process.internal.health.memory.DefaultMemoryManager] 2769969561 virtual memory requested, 1692491776 free
2026-01-06T23:51:49.468-0500 [DEBUG] [org.gradle.workers.internal.WorkerDaemonExpiration] Will attempt to release 2641 of memory
2026-01-06T23:51:49.468-0500 [DEBUG] [org.gradle.process.internal.health.memory.DefaultMemoryManager] 2769969561 virtual memory requested, 0 released, 1692491776 free
2026-01-06T23:51:50.433-0500 [DEBUG] [org.gradle.cache.internal.DefaultFileLockManager] Waiting to acquire shared lock on daemon addresses registry.
2026-01-06T23:51:50.433-0500 [DEBUG] [org.gradle.cache.internal.DefaultFileLockManager] Lock acquired on daemon addresses registry.
2026-01-06T23:51:50.433-0500 [DEBUG] [org.gradle.cache.internal.DefaultFileLockManager] Releasing lock on daemon addresses registry.
2026-01-06T23:51:50.434-0500 [DEBUG] [org.gradle.cache.internal.DefaultFileLockManager] Waiting to acquire shared lock on daemon addresses registry.
2026-01-06T23:51:50.434-0500 [DEBUG] [org.gradle.cache.internal.DefaultFileLockManager] Lock acquired on daemon addresses registry.
2026-01-06T23:51:50.435-0500 [DEBUG] [org.gradle.cache.internal.DefaultFileLockManager] Releasing lock on daemon addresses registry.
2026-01-06T23:51:50.435-0500 [DEBUG] [org.gradle.cache.internal.DefaultFileLockManager] Waiting to acquire shared lock on daemon addresses registry.
2026-01-06T23:51:50.435-0500 [DEBUG] [org.gradle.cache.internal.DefaultFileLockManager] Lock acquired on daemon addresses registry.
2026-01-06T23:51:50.435-0500 [DEBUG] [org.gradle.cache.internal.DefaultFileLockManager] Releasing lock on daemon addresses registry.
2026-01-06T23:51:54.473-0500 [DEBUG] [org.gradle.process.internal.health.memory.DefaultMemoryManager] 2769969561 virtual memory requested, 1706971136 free
2026-01-06T23:51:54.473-0500 [DEBUG] [org.gradle.workers.internal.WorkerDaemonExpiration] Will attempt to release 2641 of memory
2026-01-06T23:51:54.473-0500 [DEBUG] [org.gradle.process.internal.health.memory.DefaultMemoryManager] 2769969561 virtual memory requested, 0 released, 1706971136 free
2026-01-06T23:51:59.465-0500 [DEBUG] [org.gradle.process.internal.health.memory.DefaultMemoryManager] 2769969561 virtual memory requested, 1702858752 free
2026-01-06T23:51:59.465-0500 [DEBUG] [org.gradle.workers.internal.WorkerDaemonExpiration] Will attempt to release 2641 of memory
2026-01-06T23:51:59.465-0500 [DEBUG] [org.gradle.process.internal.health.memory.DefaultMemoryManager] 2769969561 virtual memory requested, 0 released, 1702858752 free
2026-01-06T23:52:00.432-0500 [DEBUG] [org.gradle.cache.internal.DefaultFileLockManager] Waiting to acquire shared lock on daemon addresses registry.
2026-01-06T23:52:00.432-0500 [DEBUG] [org.gradle.cache.internal.DefaultFileLockManager] Lock acquired on daemon addresses registry.
2026-01-06T23:52:00.433-0500 [DEBUG] [org.gradle.cache.internal.DefaultFileLockManager] Releasing lock on daemon addresses registry.
2026-01-06T23:52:00.433-0500 [DEBUG] [org.gradle.cache.internal.DefaultFileLockManager] Waiting to acquire shared lock on daemon addresses registry.
2026-01-06T23:52:00.433-0500 [DEBUG] [org.gradle.cache.internal.DefaultFileLockManager] Lock acquired on daemon addresses registry.
2026-01-06T23:52:00.434-0500 [DEBUG] [org.gradle.cache.internal.DefaultFileLockManager] Releasing lock on daemon addresses registry.
2026-01-06T23:52:00.434-0500 [DEBUG] [org.gradle.cache.internal.DefaultFileLockManager] Waiting to acquire shared lock on daemon addresses registry.
2026-01-06T23:52:00.435-0500 [DEBUG] [org.gradle.cache.internal.DefaultFileLockManager] Lock acquired on daemon addresses registry.
2026-01-06T23:52:00.435-0500 [DEBUG] [org.gradle.cache.internal.DefaultFileLockManager] Releasing lock on daemon addresses registry.
2026-01-06T23:52:04.466-0500 [DEBUG] [org.gradle.process.internal.health.memory.DefaultMemoryManager] 2769969561 virtual memory requested, 1719373824 free
2026-01-06T23:52:04.466-0500 [DEBUG] [org.gradle.workers.internal.WorkerDaemonExpiration] Will attempt to release 2641 of memory
2026-01-06T23:52:04.466-0500 [DEBUG] [org.gradle.process.internal.health.memory.DefaultMemoryManager] 2769969561 virtual memory requested, 0 released, 1719373824 free
2026-01-06T23:52:09.469-0500 [DEBUG] [org.gradle.process.internal.health.memory.DefaultMemoryManager] 2769969561 virtual memory requested, 1720328192 free
2026-01-06T23:52:09.469-0500 [DEBUG] [org.gradle.workers.internal.WorkerDaemonExpiration] Will attempt to release 2641 of memory
2026-01-06T23:52:09.469-0500 [DEBUG] [org.gradle.process.internal.health.memory.DefaultMemoryManager] 2769969561 virtual memory requested, 0 released, 1720328192 free
2026-01-06T23:52:10.430-0500 [DEBUG] [org.gradle.cache.internal.DefaultFileLockManager] Waiting to acquire shared lock on daemon addresses registry.
2026-01-06T23:52:10.430-0500 [DEBUG] [org.gradle.cache.internal.DefaultFileLockManager] Lock acquired on daemon addresses registry.
2026-01-06T23:52:10.430-0500 [DEBUG] [org.gradle.cache.internal.DefaultFileLockManager] Releasing lock on daemon addresses registry.
2026-01-06T23:52:10.431-0500 [DEBUG] [org.gradle.cache.internal.DefaultFileLockManager] Waiting to acquire shared lock on daemon addresses registry.
2026-01-06T23:52:10.431-0500 [DEBUG] [org.gradle.cache.internal.DefaultFileLockManager] Lock acquired on daemon addresses registry.
2026-01-06T23:52:10.431-0500 [DEBUG] [org.gradle.cache.internal.DefaultFileLockManager] Releasing lock on daemon addresses registry.
2026-01-06T23:52:10.432-0500 [DEBUG] [org.gradle.cache.internal.DefaultFileLockManager] Waiting to acquire shared lock on daemon addresses registry.
2026-01-06T23:52:10.432-0500 [DEBUG] [org.gradle.cache.internal.DefaultFileLockManager] Lock acquired on daemon addresses registry.
2026-01-06T23:52:10.433-0500 [DEBUG] [org.gradle.cache.internal.DefaultFileLockManager] Releasing lock on daemon addresses registry.
2026-01-06T23:52:14.468-0500 [DEBUG] [org.gradle.process.internal.health.memory.DefaultMemoryManager] 2769969561 virtual memory requested, 2061758464 free
2026-01-06T23:52:14.468-0500 [DEBUG] [org.gradle.workers.internal.WorkerDaemonExpiration] Will attempt to release 2641 of memory
2026-01-06T23:52:14.468-0500 [DEBUG] [org.gradle.process.internal.health.memory.DefaultMemoryManager] 2769969561 virtual memory requested, 0 released, 2061758464 free
2026-01-06T23:52:19.470-0500 [DEBUG] [org.gradle.process.internal.health.memory.DefaultMemoryManager] 2769969561 virtual memory requested, 2041815040 free
2026-01-06T23:52:19.470-0500 [DEBUG] [org.gradle.workers.internal.WorkerDaemonExpiration] Will attempt to release 2641 of memory
2026-01-06T23:52:19.470-0500 [DEBUG] [org.gradle.process.internal.health.memory.DefaultMemoryManager] 2769969561 virtual memory requested, 0 released, 2041815040 free
2026-01-06T23:52:20.433-0500 [DEBUG] [org.gradle.cache.internal.DefaultFileLockManager] Waiting to acquire shared lock on daemon addresses registry.
2026-01-06T23:52:20.433-0500 [DEBUG] [org.gradle.cache.internal.DefaultFileLockManager] Lock acquired on daemon addresses registry.
2026-01-06T23:52:20.433-0500 [DEBUG] [org.gradle.cache.internal.DefaultFileLockManager] Releasing lock on daemon addresses registry.
2026-01-06T23:52:20.434-0500 [DEBUG] [org.gradle.cache.internal.DefaultFileLockManager] Waiting to acquire shared lock on daemon addresses registry.
2026-01-06T23:52:20.434-0500 [DEBUG] [org.gradle.cache.internal.DefaultFileLockManager] Lock acquired on daemon addresses registry.
2026-01-06T23:52:20.434-0500 [DEBUG] [org.gradle.cache.internal.DefaultFileLockManager] Releasing lock on daemon addresses registry.
2026-01-06T23:52:20.435-0500 [DEBUG] [org.gradle.cache.internal.DefaultFileLockManager] Waiting to acquire shared lock on daemon addresses registry.
2026-01-06T23:52:20.435-0500 [DEBUG] [org.gradle.cache.internal.DefaultFileLockManager] Lock acquired on daemon addresses registry.
2026-01-06T23:52:20.435-0500 [DEBUG] [org.gradle.cache.internal.DefaultFileLockManager] Releasing lock on daemon addresses registry.
2026-01-06T23:52:24.472-0500 [DEBUG] [org.gradle.process.internal.health.memory.DefaultMemoryManager] 2769969561 virtual memory requested, 2018471936 free
2026-01-06T23:52:24.472-0500 [DEBUG] [org.gradle.workers.internal.WorkerDaemonExpiration] Will attempt to release 2641 of memory
2026-01-06T23:52:24.472-0500 [DEBUG] [org.gradle.process.internal.health.memory.DefaultMemoryManager] 2769969561 virtual memory requested, 0 released, 2018471936 free
2026-01-06T23:52:29.466-0500 [DEBUG] [org.gradle.process.internal.health.memory.DefaultMemoryManager] 2769969561 virtual memory requested, 2028167168 free
2026-01-06T23:52:29.466-0500 [DEBUG] [org.gradle.workers.internal.WorkerDaemonExpiration] Will attempt to release 2641 of memory
2026-01-06T23:52:29.466-0500 [DEBUG] [org.gradle.process.internal.health.memory.DefaultMemoryManager] 2769969561 virtual memory requested, 0 released, 2028167168 free
2026-01-06T23:52:30.433-0500 [DEBUG] [org.gradle.cache.internal.DefaultFileLockManager] Waiting to acquire shared lock on daemon addresses registry.
2026-01-06T23:52:30.433-0500 [DEBUG] [org.gradle.cache.internal.DefaultFileLockManager] Lock acquired on daemon addresses registry.
2026-01-06T23:52:30.433-0500 [DEBUG] [org.gradle.cache.internal.DefaultFileLockManager] Releasing lock on daemon addresses registry.
2026-01-06T23:52:30.434-0500 [DEBUG] [org.gradle.cache.internal.DefaultFileLockManager] Waiting to acquire shared lock on daemon addresses registry.
2026-01-06T23:52:30.434-0500 [DEBUG] [org.gradle.cache.internal.DefaultFileLockManager] Lock acquired on daemon addresses registry.
2026-01-06T23:52:30.434-0500 [DEBUG] [org.gradle.cache.internal.DefaultFileLockManager] Releasing lock on daemon addresses registry.
2026-01-06T23:52:30.435-0500 [DEBUG] [org.gradle.cache.internal.DefaultFileLockManager] Waiting to acquire shared lock on daemon addresses registry.
2026-01-06T23:52:30.435-0500 [DEBUG] [org.gradle.cache.internal.DefaultFileLockManager] Lock acquired on daemon addresses registry.
2026-01-06T23:52:30.435-0500 [DEBUG] [org.gradle.cache.internal.DefaultFileLockManager] Releasing lock on daemon addresses registry.
2026-01-06T23:52:34.476-0500 [DEBUG] [org.gradle.process.internal.health.memory.DefaultMemoryManager] 2769969561 virtual memory requested, 2038927360 free
2026-01-06T23:52:34.476-0500 [DEBUG] [org.gradle.workers.internal.WorkerDaemonExpiration] Will attempt to release 2641 of memory
2026-01-06T23:52:34.476-0500 [DEBUG] [org.gradle.process.internal.health.memory.DefaultMemoryManager] 2769969561 virtual memory requested, 0 released, 2038927360 free
2026-01-06T23:52:39.476-0500 [DEBUG] [org.gradle.process.internal.health.memory.DefaultMemoryManager] 2769969561 virtual memory requested, 2040614912 free
2026-01-06T23:52:39.476-0500 [DEBUG] [org.gradle.workers.internal.WorkerDaemonExpiration] Will attempt to release 2641 of memory
2026-01-06T23:52:39.476-0500 [DEBUG] [org.gradle.process.internal.health.memory.DefaultMemoryManager] 2769969561 virtual memory requested, 0 released, 2040614912 free
2026-01-06T23:52:40.442-0500 [DEBUG] [org.gradle.cache.internal.DefaultFileLockManager] Waiting to acquire shared lock on daemon addresses registry.
2026-01-06T23:52:40.442-0500 [DEBUG] [org.gradle.cache.internal.DefaultFileLockManager] Lock acquired on daemon addresses registry.
2026-01-06T23:52:40.442-0500 [DEBUG] [org.gradle.cache.internal.DefaultFileLockManager] Releasing lock on daemon addresses registry.
2026-01-06T23:52:40.443-0500 [DEBUG] [org.gradle.cache.internal.DefaultFileLockManager] Waiting to acquire shared lock on daemon addresses registry.
2026-01-06T23:52:40.443-0500 [DEBUG] [org.gradle.cache.internal.DefaultFileLockManager] Lock acquired on daemon addresses registry.
2026-01-06T23:52:40.443-0500 [DEBUG] [org.gradle.cache.internal.DefaultFileLockManager] Releasing lock on daemon addresses registry.
2026-01-06T23:52:40.444-0500 [DEBUG] [org.gradle.cache.internal.DefaultFileLockManager] Waiting to acquire shared lock on daemon addresses registry.
2026-01-06T23:52:40.444-0500 [DEBUG] [org.gradle.cache.internal.DefaultFileLockManager] Lock acquired on daemon addresses registry.
2026-01-06T23:52:40.444-0500 [DEBUG] [org.gradle.cache.internal.DefaultFileLockManager] Releasing lock on daemon addresses registry.
2026-01-06T23:52:44.468-0500 [DEBUG] [org.gradle.process.internal.health.memory.DefaultMemoryManager] 2769969561 virtual memory requested, 2060906496 free
2026-01-06T23:52:44.468-0500 [DEBUG] [org.gradle.workers.internal.WorkerDaemonExpiration] Will attempt to release 2641 of memory
2026-01-06T23:52:44.468-0500 [DEBUG] [org.gradle.process.internal.health.memory.DefaultMemoryManager] 2769969561 virtual memory requested, 0 released, 2060906496 free
2026-01-06T23:52:49.482-0500 [DEBUG] [org.gradle.process.internal.health.memory.DefaultMemoryManager] 2769969561 virtual memory requested, 2063253504 free
2026-01-06T23:52:49.482-0500 [DEBUG] [org.gradle.workers.internal.WorkerDaemonExpiration] Will attempt to release 2641 of memory
2026-01-06T23:52:49.482-0500 [DEBUG] [org.gradle.process.internal.health.memory.DefaultMemoryManager] 2769969561 virtual memory requested, 0 released, 2063253504 free
2026-01-06T23:52:50.434-0500 [DEBUG] [org.gradle.cache.internal.DefaultFileLockManager] Waiting to acquire shared lock on daemon addresses registry.
2026-01-06T23:52:50.434-0500 [DEBUG] [org.gradle.cache.internal.DefaultFileLockManager] Lock acquired on daemon addresses registry.
2026-01-06T23:52:50.434-0500 [DEBUG] [org.gradle.cache.internal.DefaultFileLockManager] Releasing lock on daemon addresses registry.
2026-01-06T23:52:50.435-0500 [DEBUG] [org.gradle.cache.internal.DefaultFileLockManager] Waiting to acquire shared lock on daemon addresses registry.
2026-01-06T23:52:50.435-0500 [DEBUG] [org.gradle.cache.internal.DefaultFileLockManager] Lock acquired on daemon addresses registry.
2026-01-06T23:52:50.435-0500 [DEBUG] [org.gradle.cache.internal.DefaultFileLockManager] Releasing lock on daemon addresses registry.
2026-01-06T23:52:50.435-0500 [DEBUG] [org.gradle.cache.internal.DefaultFileLockManager] Waiting to acquire shared lock on daemon addresses registry.
2026-01-06T23:52:50.436-0500 [DEBUG] [org.gradle.cache.internal.DefaultFileLockManager] Lock acquired on daemon addresses registry.
2026-01-06T23:52:50.436-0500 [DEBUG] [org.gradle.cache.internal.DefaultFileLockManager] Releasing lock on daemon addresses registry.
2026-01-06T23:52:54.477-0500 [DEBUG] [org.gradle.process.internal.health.memory.DefaultMemoryManager] 2769969561 virtual memory requested, 1976664064 free
2026-01-06T23:52:54.477-0500 [DEBUG] [org.gradle.workers.internal.WorkerDaemonExpiration] Will attempt to release 2641 of memory
2026-01-06T23:52:54.477-0500 [DEBUG] [org.gradle.process.internal.health.memory.DefaultMemoryManager] 2769969561 virtual memory requested, 0 released, 1976664064 free
2026-01-06T23:52:59.479-0500 [DEBUG] [org.gradle.process.internal.health.memory.DefaultMemoryManager] 2769969561 virtual memory requested, 2194993152 free
2026-01-06T23:52:59.479-0500 [DEBUG] [org.gradle.workers.internal.WorkerDaemonExpiration] Will attempt to release 2641 of memory
2026-01-06T23:52:59.479-0500 [DEBUG] [org.gradle.process.internal.health.memory.DefaultMemoryManager] 2769969561 virtual memory requested, 0 released, 2194993152 free
2026-01-06T23:53:00.433-0500 [DEBUG] [org.gradle.cache.internal.DefaultFileLockManager] Waiting to acquire shared lock on daemon addresses registry.
2026-01-06T23:53:00.434-0500 [DEBUG] [org.gradle.cache.internal.DefaultFileLockManager] Lock acquired on daemon addresses registry.
2026-01-06T23:53:00.434-0500 [DEBUG] [org.gradle.cache.internal.DefaultFileLockManager] Releasing lock on daemon addresses registry.
2026-01-06T23:53:00.435-0500 [DEBUG] [org.gradle.cache.internal.DefaultFileLockManager] Waiting to acquire shared lock on daemon addresses registry.
2026-01-06T23:53:00.435-0500 [DEBUG] [org.gradle.cache.internal.DefaultFileLockManager] Lock acquired on daemon addresses registry.
2026-01-06T23:53:00.435-0500 [DEBUG] [org.gradle.cache.internal.DefaultFileLockManager] Releasing lock on daemon addresses registry.
2026-01-06T23:53:00.436-0500 [DEBUG] [org.gradle.cache.internal.DefaultFileLockManager] Waiting to acquire shared lock on daemon addresses registry.
2026-01-06T23:53:00.436-0500 [DEBUG] [org.gradle.cache.internal.DefaultFileLockManager] Lock acquired on daemon addresses registry.
2026-01-06T23:53:00.436-0500 [DEBUG] [org.gradle.cache.internal.DefaultFileLockManager] Releasing lock on daemon addresses registry.
2026-01-06T23:53:04.478-0500 [DEBUG] [org.gradle.process.internal.health.memory.DefaultMemoryManager] 2769969561 virtual memory requested, 2220085248 free
2026-01-06T23:53:04.478-0500 [DEBUG] [org.gradle.workers.internal.WorkerDaemonExpiration] Will attempt to release 2641 of memory
2026-01-06T23:53:04.478-0500 [DEBUG] [org.gradle.process.internal.health.memory.DefaultMemoryManager] 2769969561 virtual memory requested, 0 released, 2220085248 free
2026-01-06T23:53:09.483-0500 [DEBUG] [org.gradle.process.internal.health.memory.DefaultMemoryManager] 2769969561 virtual memory requested, 2219679744 free
2026-01-06T23:53:09.483-0500 [DEBUG] [org.gradle.workers.internal.WorkerDaemonExpiration] Will attempt to release 2641 of memory
2026-01-06T23:53:09.483-0500 [DEBUG] [org.gradle.process.internal.health.memory.DefaultMemoryManager] 2769969561 virtual memory requested, 0 released, 2219679744 free
2026-01-06T23:53:10.445-0500 [DEBUG] [org.gradle.cache.internal.DefaultFileLockManager] Waiting to acquire shared lock on daemon addresses registry.
2026-01-06T23:53:10.445-0500 [DEBUG] [org.gradle.cache.internal.DefaultFileLockManager] Lock acquired on daemon addresses registry.
2026-01-06T23:53:10.445-0500 [DEBUG] [org.gradle.cache.internal.DefaultFileLockManager] Releasing lock on daemon addresses registry.
2026-01-06T23:53:10.446-0500 [DEBUG] [org.gradle.cache.internal.DefaultFileLockManager] Waiting to acquire shared lock on daemon addresses registry.
2026-01-06T23:53:10.447-0500 [DEBUG] [org.gradle.cache.internal.DefaultFileLockManager] Lock acquired on daemon addresses registry.
2026-01-06T23:53:10.447-0500 [DEBUG] [org.gradle.cache.internal.DefaultFileLockManager] Releasing lock on daemon addresses registry.
2026-01-06T23:53:10.448-0500 [DEBUG] [org.gradle.cache.internal.DefaultFileLockManager] Waiting to acquire shared lock on daemon addresses registry.
2026-01-06T23:53:10.448-0500 [DEBUG] [org.gradle.cache.internal.DefaultFileLockManager] Lock acquired on daemon addresses registry.
2026-01-06T23:53:10.448-0500 [DEBUG] [org.gradle.cache.internal.DefaultFileLockManager] Releasing lock on daemon addresses registry.
2026-01-06T23:53:14.482-0500 [DEBUG] [org.gradle.process.internal.health.memory.DefaultMemoryManager] 2769969561 virtual memory requested, 2197491712 free
2026-01-06T23:53:14.482-0500 [DEBUG] [org.gradle.workers.internal.WorkerDaemonExpiration] Will attempt to release 2641 of memory
2026-01-06T23:53:14.482-0500 [DEBUG] [org.gradle.process.internal.health.memory.DefaultMemoryManager] 2769969561 virtual memory requested, 0 released, 2197491712 free
2026-01-06T23:53:19.471-0500 [DEBUG] [org.gradle.process.internal.health.memory.DefaultMemoryManager] 2769969561 virtual memory requested, 2138427392 free
2026-01-06T23:53:19.471-0500 [DEBUG] [org.gradle.workers.internal.WorkerDaemonExpiration] Will attempt to release 2641 of memory
2026-01-06T23:53:19.471-0500 [DEBUG] [org.gradle.process.internal.health.memory.DefaultMemoryManager] 2769969561 virtual memory requested, 0 released, 2138427392 free
2026-01-06T23:53:20.437-0500 [DEBUG] [org.gradle.cache.internal.DefaultFileLockManager] Waiting to acquire shared lock on daemon addresses registry.
2026-01-06T23:53:20.437-0500 [DEBUG] [org.gradle.cache.internal.DefaultFileLockManager] Lock acquired on daemon addresses registry.
2026-01-06T23:53:20.437-0500 [DEBUG] [org.gradle.cache.internal.DefaultFileLockManager] Releasing lock on daemon addresses registry.
2026-01-06T23:53:20.438-0500 [DEBUG] [org.gradle.cache.internal.DefaultFileLockManager] Waiting to acquire shared lock on daemon addresses registry.
2026-01-06T23:53:20.438-0500 [DEBUG] [org.gradle.cache.internal.DefaultFileLockManager] Lock acquired on daemon addresses registry.
2026-01-06T23:53:20.438-0500 [DEBUG] [org.gradle.cache.internal.DefaultFileLockManager] Releasing lock on daemon addresses registry.
2026-01-06T23:53:20.439-0500 [DEBUG] [org.gradle.cache.internal.DefaultFileLockManager] Waiting to acquire shared lock on daemon addresses registry.
2026-01-06T23:53:20.439-0500 [DEBUG] [org.gradle.cache.internal.DefaultFileLockManager] Lock acquired on daemon addresses registry.
2026-01-06T23:53:20.439-0500 [DEBUG] [org.gradle.cache.internal.DefaultFileLockManager] Releasing lock on daemon addresses registry.
2026-01-06T23:53:24.476-0500 [DEBUG] [org.gradle.process.internal.health.memory.DefaultMemoryManager] 2769969561 virtual memory requested, 2122936320 free
2026-01-06T23:53:24.476-0500 [DEBUG] [org.gradle.workers.internal.WorkerDaemonExpiration] Will attempt to release 2641 of memory
2026-01-06T23:53:24.476-0500 [DEBUG] [org.gradle.process.internal.health.memory.DefaultMemoryManager] 2769969561 virtual memory requested, 0 released, 2122936320 free
2026-01-06T23:53:29.486-0500 [DEBUG] [org.gradle.process.internal.health.memory.DefaultMemoryManager] 2769969561 virtual memory requested, 2129977344 free
2026-01-06T23:53:29.486-0500 [DEBUG] [org.gradle.workers.internal.WorkerDaemonExpiration] Will attempt to release 2641 of memory
2026-01-06T23:53:29.486-0500 [DEBUG] [org.gradle.process.internal.health.memory.DefaultMemoryManager] 2769969561 virtual memory requested, 0 released, 2129977344 free
2026-01-06T23:53:30.449-0500 [DEBUG] [org.gradle.cache.internal.DefaultFileLockManager] Waiting to acquire shared lock on daemon addresses registry.
2026-01-06T23:53:30.450-0500 [DEBUG] [org.gradle.cache.internal.DefaultFileLockManager] Lock acquired on daemon addresses registry.
2026-01-06T23:53:30.450-0500 [DEBUG] [org.gradle.cache.internal.DefaultFileLockManager] Releasing lock on daemon addresses registry.
2026-01-06T23:53:30.451-0500 [DEBUG] [org.gradle.cache.internal.DefaultFileLockManager] Waiting to acquire shared lock on daemon addresses registry.
2026-01-06T23:53:30.451-0500 [DEBUG] [org.gradle.cache.internal.DefaultFileLockManager] Lock acquired on daemon addresses registry.
2026-01-06T23:53:30.451-0500 [DEBUG] [org.gradle.cache.internal.DefaultFileLockManager] Releasing lock on daemon addresses registry.
2026-01-06T23:53:30.451-0500 [DEBUG] [org.gradle.cache.internal.DefaultFileLockManager] Waiting to acquire shared lock on daemon addresses registry.
2026-01-06T23:53:30.451-0500 [DEBUG] [org.gradle.cache.internal.DefaultFileLockManager] Lock acquired on daemon addresses registry.
2026-01-06T23:53:30.451-0500 [DEBUG] [org.gradle.cache.internal.DefaultFileLockManager] Releasing lock on daemon addresses registry.
2026-01-06T23:53:34.474-0500 [DEBUG] [org.gradle.process.internal.health.memory.DefaultMemoryManager] 2769969561 virtual memory requested, 2077364224 free
2026-01-06T23:53:34.474-0500 [DEBUG] [org.gradle.workers.internal.WorkerDaemonExpiration] Will attempt to release 2641 of memory
2026-01-06T23:53:34.474-0500 [DEBUG] [org.gradle.process.internal.health.memory.DefaultMemoryManager] 2769969561 virtual memory requested, 0 released, 2077364224 free
2026-01-06T23:53:39.475-0500 [DEBUG] [org.gradle.process.internal.health.memory.DefaultMemoryManager] 2769969561 virtual memory requested, 2079965184 free
2026-01-06T23:53:39.475-0500 [DEBUG] [org.gradle.workers.internal.WorkerDaemonExpiration] Will attempt to release 2641 of memory
2026-01-06T23:53:39.475-0500 [DEBUG] [org.gradle.process.internal.health.memory.DefaultMemoryManager] 2769969561 virtual memory requested, 0 released, 2079965184 free
2026-01-06T23:53:40.445-0500 [DEBUG] [org.gradle.cache.internal.DefaultFileLockManager] Waiting to acquire shared lock on daemon addresses registry.
2026-01-06T23:53:40.445-0500 [DEBUG] [org.gradle.cache.internal.DefaultFileLockManager] Lock acquired on daemon addresses registry.
2026-01-06T23:53:40.446-0500 [DEBUG] [org.gradle.cache.internal.DefaultFileLockManager] Releasing lock on daemon addresses registry.
2026-01-06T23:53:40.446-0500 [DEBUG] [org.gradle.cache.internal.DefaultFileLockManager] Waiting to acquire shared lock on daemon addresses registry.
2026-01-06T23:53:40.446-0500 [DEBUG] [org.gradle.cache.internal.DefaultFileLockManager] Lock acquired on daemon addresses registry.
2026-01-06T23:53:40.447-0500 [DEBUG] [org.gradle.cache.internal.DefaultFileLockManager] Releasing lock on daemon addresses registry.
2026-01-06T23:53:40.447-0500 [DEBUG] [org.gradle.cache.internal.DefaultFileLockManager] Waiting to acquire shared lock on daemon addresses registry.
2026-01-06T23:53:40.447-0500 [DEBUG] [org.gradle.cache.internal.DefaultFileLockManager] Lock acquired on daemon addresses registry.
2026-01-06T23:53:40.447-0500 [DEBUG] [org.gradle.cache.internal.DefaultFileLockManager] Releasing lock on daemon addresses registry.
2026-01-06T23:53:44.482-0500 [DEBUG] [org.gradle.process.internal.health.memory.DefaultMemoryManager] 2769969561 virtual memory requested, 2083090432 free
2026-01-06T23:53:44.482-0500 [DEBUG] [org.gradle.workers.internal.WorkerDaemonExpiration] Will attempt to release 2641 of memory
2026-01-06T23:53:44.482-0500 [DEBUG] [org.gradle.process.internal.health.memory.DefaultMemoryManager] 2769969561 virtual memory requested, 0 released, 2083090432 free
2026-01-06T23:53:49.480-0500 [DEBUG] [org.gradle.process.internal.health.memory.DefaultMemoryManager] 2769969561 virtual memory requested, 2078531584 free
2026-01-06T23:53:49.480-0500 [DEBUG] [org.gradle.workers.internal.WorkerDaemonExpiration] Will attempt to release 2641 of memory
2026-01-06T23:53:49.480-0500 [DEBUG] [org.gradle.process.internal.health.memory.DefaultMemoryManager] 2769969561 virtual memory requested, 0 released, 2078531584 free
2026-01-06T23:53:50.447-0500 [DEBUG] [org.gradle.cache.internal.DefaultFileLockManager] Waiting to acquire shared lock on daemon addresses registry.
2026-01-06T23:53:50.447-0500 [DEBUG] [org.gradle.cache.internal.DefaultFileLockManager] Lock acquired on daemon addresses registry.
2026-01-06T23:53:50.447-0500 [DEBUG] [org.gradle.cache.internal.DefaultFileLockManager] Releasing lock on daemon addresses registry.
2026-01-06T23:53:50.448-0500 [DEBUG] [org.gradle.cache.internal.DefaultFileLockManager] Waiting to acquire shared lock on daemon addresses registry.
2026-01-06T23:53:50.448-0500 [DEBUG] [org.gradle.cache.internal.DefaultFileLockManager] Lock acquired on daemon addresses registry.
2026-01-06T23:53:50.448-0500 [DEBUG] [org.gradle.cache.internal.DefaultFileLockManager] Releasing lock on daemon addresses registry.
2026-01-06T23:53:50.449-0500 [DEBUG] [org.gradle.cache.internal.DefaultFileLockManager] Waiting to acquire shared lock on daemon addresses registry.
2026-01-06T23:53:50.449-0500 [DEBUG] [org.gradle.cache.internal.DefaultFileLockManager] Lock acquired on daemon addresses registry.
2026-01-06T23:53:50.449-0500 [DEBUG] [org.gradle.cache.internal.DefaultFileLockManager] Releasing lock on daemon addresses registry.
2026-01-06T23:53:54.476-0500 [DEBUG] [org.gradle.process.internal.health.memory.DefaultMemoryManager] 2769969561 virtual memory requested, 1982861312 free
2026-01-06T23:53:54.476-0500 [DEBUG] [org.gradle.workers.internal.WorkerDaemonExpiration] Will attempt to release 2641 of memory
2026-01-06T23:53:54.476-0500 [DEBUG] [org.gradle.process.internal.health.memory.DefaultMemoryManager] 2769969561 virtual memory requested, 0 released, 1982861312 free
2026-01-06T23:53:59.488-0500 [DEBUG] [org.gradle.process.internal.health.memory.DefaultMemoryManager] 2769969561 virtual memory requested, 1982500864 free
2026-01-06T23:53:59.489-0500 [DEBUG] [org.gradle.workers.internal.WorkerDaemonExpiration] Will attempt to release 2641 of memory
2026-01-06T23:53:59.489-0500 [DEBUG] [org.gradle.process.internal.health.memory.DefaultMemoryManager] 2769969561 virtual memory requested, 0 released, 1982500864 free
2026-01-06T23:54:00.453-0500 [DEBUG] [org.gradle.cache.internal.DefaultFileLockManager] Waiting to acquire shared lock on daemon addresses registry.
2026-01-06T23:54:00.453-0500 [DEBUG] [org.gradle.cache.internal.DefaultFileLockManager] Lock acquired on daemon addresses registry.
2026-01-06T23:54:00.453-0500 [DEBUG] [org.gradle.cache.internal.DefaultFileLockManager] Releasing lock on daemon addresses registry.
2026-01-06T23:54:00.454-0500 [DEBUG] [org.gradle.cache.internal.DefaultFileLockManager] Waiting to acquire shared lock on daemon addresses registry.
2026-01-06T23:54:00.454-0500 [DEBUG] [org.gradle.cache.internal.DefaultFileLockManager] Lock acquired on daemon addresses registry.
2026-01-06T23:54:00.454-0500 [DEBUG] [org.gradle.cache.internal.DefaultFileLockManager] Releasing lock on daemon addresses registry.
2026-01-06T23:54:00.454-0500 [DEBUG] [org.gradle.cache.internal.DefaultFileLockManager] Waiting to acquire shared lock on daemon addresses registry.
2026-01-06T23:54:00.454-0500 [DEBUG] [org.gradle.cache.internal.DefaultFileLockManager] Lock acquired on daemon addresses registry.
2026-01-06T23:54:00.455-0500 [DEBUG] [org.gradle.cache.internal.DefaultFileLockManager] Releasing lock on daemon addresses registry.
2026-01-06T23:54:04.481-0500 [DEBUG] [org.gradle.process.internal.health.memory.DefaultMemoryManager] 2769969561 virtual memory requested, 2027593728 free
2026-01-06T23:54:04.481-0500 [DEBUG] [org.gradle.workers.internal.WorkerDaemonExpiration] Will attempt to release 2641 of memory
2026-01-06T23:54:04.481-0500 [DEBUG] [org.gradle.process.internal.health.memory.DefaultMemoryManager] 2769969561 virtual memory requested, 0 released, 2027593728 free
2026-01-06T23:54:09.489-0500 [DEBUG] [org.gradle.process.internal.health.memory.DefaultMemoryManager] 2769969561 virtual memory requested, 2028318720 free
2026-01-06T23:54:09.489-0500 [DEBUG] [org.gradle.workers.internal.WorkerDaemonExpiration] Will attempt to release 2641 of memory
2026-01-06T23:54:09.489-0500 [DEBUG] [org.gradle.process.internal.health.memory.DefaultMemoryManager] 2769969561 virtual memory requested, 0 released, 2028318720 free
2026-01-06T23:54:10.445-0500 [DEBUG] [org.gradle.cache.internal.DefaultFileLockManager] Waiting to acquire shared lock on daemon addresses registry.
2026-01-06T23:54:10.445-0500 [DEBUG] [org.gradle.cache.internal.DefaultFileLockManager] Lock acquired on daemon addresses registry.
2026-01-06T23:54:10.446-0500 [DEBUG] [org.gradle.cache.internal.DefaultFileLockManager] Releasing lock on daemon addresses registry.
2026-01-06T23:54:10.447-0500 [DEBUG] [org.gradle.cache.internal.DefaultFileLockManager] Waiting to acquire shared lock on daemon addresses registry.
2026-01-06T23:54:10.447-0500 [DEBUG] [org.gradle.cache.internal.DefaultFileLockManager] Lock acquired on daemon addresses registry.
2026-01-06T23:54:10.447-0500 [DEBUG] [org.gradle.cache.internal.DefaultFileLockManager] Releasing lock on daemon addresses registry.
2026-01-06T23:54:10.448-0500 [DEBUG] [org.gradle.cache.internal.DefaultFileLockManager] Waiting to acquire shared lock on daemon addresses registry.
2026-01-06T23:54:10.448-0500 [DEBUG] [org.gradle.cache.internal.DefaultFileLockManager] Lock acquired on daemon addresses registry.
2026-01-06T23:54:10.448-0500 [DEBUG] [org.gradle.cache.internal.DefaultFileLockManager] Releasing lock on daemon addresses registry.
2026-01-06T23:54:14.479-0500 [DEBUG] [org.gradle.process.internal.health.memory.DefaultMemoryManager] 2769969561 virtual memory requested, 2018619392 free
2026-01-06T23:54:14.479-0500 [DEBUG] [org.gradle.workers.internal.WorkerDaemonExpiration] Will attempt to release 2641 of memory
2026-01-06T23:54:14.479-0500 [DEBUG] [org.gradle.process.internal.health.memory.DefaultMemoryManager] 2769969561 virtual memory requested, 0 released, 2018619392 free
2026-01-06T23:54:19.480-0500 [DEBUG] [org.gradle.process.internal.health.memory.DefaultMemoryManager] 2769969561 virtual memory requested, 2022985728 free
2026-01-06T23:54:19.480-0500 [DEBUG] [org.gradle.workers.internal.WorkerDaemonExpiration] Will attempt to release 2641 of memory
2026-01-06T23:54:19.481-0500 [DEBUG] [org.gradle.process.internal.health.memory.DefaultMemoryManager] 2769969561 virtual memory requested, 0 released, 2022985728 free
2026-01-06T23:54:20.441-0500 [DEBUG] [org.gradle.cache.internal.DefaultFileLockManager] Waiting to acquire shared lock on daemon addresses registry.
2026-01-06T23:54:20.441-0500 [DEBUG] [org.gradle.cache.internal.DefaultFileLockManager] Lock acquired on daemon addresses registry.
2026-01-06T23:54:20.441-0500 [DEBUG] [org.gradle.cache.internal.DefaultFileLockManager] Releasing lock on daemon addresses registry.
2026-01-06T23:54:20.442-0500 [DEBUG] [org.gradle.cache.internal.DefaultFileLockManager] Waiting to acquire shared lock on daemon addresses registry.
2026-01-06T23:54:20.442-0500 [DEBUG] [org.gradle.cache.internal.DefaultFileLockManager] Lock acquired on daemon addresses registry.
2026-01-06T23:54:20.442-0500 [DEBUG] [org.gradle.cache.internal.DefaultFileLockManager] Releasing lock on daemon addresses registry.
2026-01-06T23:54:20.442-0500 [DEBUG] [org.gradle.cache.internal.DefaultFileLockManager] Waiting to acquire shared lock on daemon addresses registry.
2026-01-06T23:54:20.442-0500 [DEBUG] [org.gradle.cache.internal.DefaultFileLockManager] Lock acquired on daemon addresses registry.
2026-01-06T23:54:20.443-0500 [DEBUG] [org.gradle.cache.internal.DefaultFileLockManager] Releasing lock on daemon addresses registry.
2026-01-06T23:54:24.483-0500 [DEBUG] [org.gradle.process.internal.health.memory.DefaultMemoryManager] 2769969561 virtual memory requested, 2020323328 free
2026-01-06T23:54:24.483-0500 [DEBUG] [org.gradle.workers.internal.WorkerDaemonExpiration] Will attempt to release 2641 of memory
2026-01-06T23:54:24.483-0500 [DEBUG] [org.gradle.process.internal.health.memory.DefaultMemoryManager] 2769969561 virtual memory requested, 0 released, 2020323328 free
2026-01-06T23:54:29.484-0500 [DEBUG] [org.gradle.process.internal.health.memory.DefaultMemoryManager] 2769969561 virtual memory requested, 1920643072 free
2026-01-06T23:54:29.484-0500 [DEBUG] [org.gradle.workers.internal.WorkerDaemonExpiration] Will attempt to release 2641 of memory
2026-01-06T23:54:29.484-0500 [DEBUG] [org.gradle.process.internal.health.memory.DefaultMemoryManager] 2769969561 virtual memory requested, 0 released, 1920643072 free
2026-01-06T23:54:30.453-0500 [DEBUG] [org.gradle.cache.internal.DefaultFileLockManager] Waiting to acquire shared lock on daemon addresses registry.
2026-01-06T23:54:30.453-0500 [DEBUG] [org.gradle.cache.internal.DefaultFileLockManager] Lock acquired on daemon addresses registry.
2026-01-06T23:54:30.453-0500 [DEBUG] [org.gradle.cache.internal.DefaultFileLockManager] Releasing lock on daemon addresses registry.
2026-01-06T23:54:30.454-0500 [DEBUG] [org.gradle.cache.internal.DefaultFileLockManager] Waiting to acquire shared lock on daemon addresses registry.
2026-01-06T23:54:30.454-0500 [DEBUG] [org.gradle.cache.internal.DefaultFileLockManager] Lock acquired on daemon addresses registry.
2026-01-06T23:54:30.454-0500 [DEBUG] [org.gradle.cache.internal.DefaultFileLockManager] Releasing lock on daemon addresses registry.
2026-01-06T23:54:30.455-0500 [DEBUG] [org.gradle.cache.internal.DefaultFileLockManager] Waiting to acquire shared lock on daemon addresses registry.
2026-01-06T23:54:30.455-0500 [DEBUG] [org.gradle.cache.internal.DefaultFileLockManager] Lock acquired on daemon addresses registry.
2026-01-06T23:54:30.455-0500 [DEBUG] [org.gradle.cache.internal.DefaultFileLockManager] Releasing lock on daemon addresses registry.
2026-01-06T23:54:34.478-0500 [DEBUG] [org.gradle.process.internal.health.memory.DefaultMemoryManager] 2769969561 virtual memory requested, 2116583424 free
2026-01-06T23:54:34.478-0500 [DEBUG] [org.gradle.workers.internal.WorkerDaemonExpiration] Will attempt to release 2641 of memory
2026-01-06T23:54:34.478-0500 [DEBUG] [org.gradle.process.internal.health.memory.DefaultMemoryManager] 2769969561 virtual memory requested, 0 released, 2116583424 free
2026-01-06T23:54:39.487-0500 [DEBUG] [org.gradle.process.internal.health.memory.DefaultMemoryManager] 2769969561 virtual memory requested, 2092093440 free
2026-01-06T23:54:39.487-0500 [DEBUG] [org.gradle.workers.internal.WorkerDaemonExpiration] Will attempt to release 2641 of memory
2026-01-06T23:54:39.487-0500 [DEBUG] [org.gradle.process.internal.health.memory.DefaultMemoryManager] 2769969561 virtual memory requested, 0 released, 2092093440 free
2026-01-06T23:54:40.451-0500 [DEBUG] [org.gradle.cache.internal.DefaultFileLockManager] Waiting to acquire shared lock on daemon addresses registry.
2026-01-06T23:54:40.452-0500 [DEBUG] [org.gradle.cache.internal.DefaultFileLockManager] Lock acquired on daemon addresses registry.
2026-01-06T23:54:40.452-0500 [DEBUG] [org.gradle.cache.internal.DefaultFileLockManager] Releasing lock on daemon addresses registry.
2026-01-06T23:54:40.453-0500 [DEBUG] [org.gradle.cache.internal.DefaultFileLockManager] Waiting to acquire shared lock on daemon addresses registry.
2026-01-06T23:54:40.453-0500 [DEBUG] [org.gradle.cache.internal.DefaultFileLockManager] Lock acquired on daemon addresses registry.
2026-01-06T23:54:40.453-0500 [DEBUG] [org.gradle.cache.internal.DefaultFileLockManager] Releasing lock on daemon addresses registry.
2026-01-06T23:54:40.454-0500 [DEBUG] [org.gradle.cache.internal.DefaultFileLockManager] Waiting to acquire shared lock on daemon addresses registry.
2026-01-06T23:54:40.454-0500 [DEBUG] [org.gradle.cache.internal.DefaultFileLockManager] Lock acquired on daemon addresses registry.
2026-01-06T23:54:40.454-0500 [DEBUG] [org.gradle.cache.internal.DefaultFileLockManager] Releasing lock on daemon addresses registry.
2026-01-06T23:54:44.491-0500 [DEBUG] [org.gradle.process.internal.health.memory.DefaultMemoryManager] 2769969561 virtual memory requested, 2119331840 free
2026-01-06T23:54:44.491-0500 [DEBUG] [org.gradle.workers.internal.WorkerDaemonExpiration] Will attempt to release 2641 of memory
2026-01-06T23:54:44.491-0500 [DEBUG] [org.gradle.process.internal.health.memory.DefaultMemoryManager] 2769969561 virtual memory requested, 0 released, 2119331840 free
2026-01-06T23:54:49.488-0500 [DEBUG] [org.gradle.process.internal.health.memory.DefaultMemoryManager] 2769969561 virtual memory requested, 2105901056 free
2026-01-06T23:54:49.488-0500 [DEBUG] [org.gradle.workers.internal.WorkerDaemonExpiration] Will attempt to release 2641 of memory
2026-01-06T23:54:49.488-0500 [DEBUG] [org.gradle.process.internal.health.memory.DefaultMemoryManager] 2769969561 virtual memory requested, 0 released, 2105901056 free
2026-01-06T23:54:50.458-0500 [DEBUG] [org.gradle.cache.internal.DefaultFileLockManager] Waiting to acquire shared lock on daemon addresses registry.
2026-01-06T23:54:50.458-0500 [DEBUG] [org.gradle.cache.internal.DefaultFileLockManager] Lock acquired on daemon addresses registry.
2026-01-06T23:54:50.459-0500 [DEBUG] [org.gradle.cache.internal.DefaultFileLockManager] Releasing lock on daemon addresses registry.
2026-01-06T23:54:50.460-0500 [DEBUG] [org.gradle.cache.internal.DefaultFileLockManager] Waiting to acquire shared lock on daemon addresses registry.
2026-01-06T23:54:50.460-0500 [DEBUG] [org.gradle.cache.internal.DefaultFileLockManager] Lock acquired on daemon addresses registry.
2026-01-06T23:54:50.460-0500 [DEBUG] [org.gradle.cache.internal.DefaultFileLockManager] Releasing lock on daemon addresses registry.
2026-01-06T23:54:50.460-0500 [DEBUG] [org.gradle.cache.internal.DefaultFileLockManager] Waiting to acquire shared lock on daemon addresses registry.
2026-01-06T23:54:50.461-0500 [DEBUG] [org.gradle.cache.internal.DefaultFileLockManager] Lock acquired on daemon addresses registry.
2026-01-06T23:54:50.461-0500 [DEBUG] [org.gradle.cache.internal.DefaultFileLockManager] Releasing lock on daemon addresses registry.
2026-01-06T23:54:54.482-0500 [DEBUG] [org.gradle.process.internal.health.memory.DefaultMemoryManager] 2769969561 virtual memory requested, 2074267648 free
2026-01-06T23:54:54.482-0500 [DEBUG] [org.gradle.workers.internal.WorkerDaemonExpiration] Will attempt to release 2641 of memory
2026-01-06T23:54:54.482-0500 [DEBUG] [org.gradle.process.internal.health.memory.DefaultMemoryManager] 2769969561 virtual memory requested, 0 released, 2074267648 free
2026-01-06T23:54:59.478-0500 [DEBUG] [org.gradle.process.internal.health.memory.DefaultMemoryManager] 2769969561 virtual memory requested, 2067304448 free
2026-01-06T23:54:59.478-0500 [DEBUG] [org.gradle.workers.internal.WorkerDaemonExpiration] Will attempt to release 2641 of memory
2026-01-06T23:54:59.478-0500 [DEBUG] [org.gradle.process.internal.health.memory.DefaultMemoryManager] 2769969561 virtual memory requested, 0 released, 2067304448 free
2026-01-06T23:55:00.450-0500 [DEBUG] [org.gradle.cache.internal.DefaultFileLockManager] Waiting to acquire shared lock on daemon addresses registry.
2026-01-06T23:55:00.450-0500 [DEBUG] [org.gradle.cache.internal.DefaultFileLockManager] Lock acquired on daemon addresses registry.
2026-01-06T23:55:00.450-0500 [DEBUG] [org.gradle.cache.internal.DefaultFileLockManager] Releasing lock on daemon addresses registry.
2026-01-06T23:55:00.451-0500 [DEBUG] [org.gradle.cache.internal.DefaultFileLockManager] Waiting to acquire shared lock on daemon addresses registry.
2026-01-06T23:55:00.451-0500 [DEBUG] [org.gradle.cache.internal.DefaultFileLockManager] Lock acquired on daemon addresses registry.
2026-01-06T23:55:00.451-0500 [DEBUG] [org.gradle.cache.internal.DefaultFileLockManager] Releasing lock on daemon addresses registry.
2026-01-06T23:55:00.452-0500 [DEBUG] [org.gradle.cache.internal.DefaultFileLockManager] Waiting to acquire shared lock on daemon addresses registry.
2026-01-06T23:55:00.452-0500 [DEBUG] [org.gradle.cache.internal.DefaultFileLockManager] Lock acquired on daemon addresses registry.
2026-01-06T23:55:00.453-0500 [DEBUG] [org.gradle.cache.internal.DefaultFileLockManager] Releasing lock on daemon addresses registry.
2026-01-06T23:55:04.479-0500 [DEBUG] [org.gradle.process.internal.health.memory.DefaultMemoryManager] 2769969561 virtual memory requested, 2088083456 free
2026-01-06T23:55:04.479-0500 [DEBUG] [org.gradle.workers.internal.WorkerDaemonExpiration] Will attempt to release 2641 of memory
2026-01-06T23:55:04.480-0500 [DEBUG] [org.gradle.process.internal.health.memory.DefaultMemoryManager] 2769969561 virtual memory requested, 0 released, 2088083456 free
2026-01-06T23:55:09.491-0500 [DEBUG] [org.gradle.process.internal.health.memory.DefaultMemoryManager] 2769969561 virtual memory requested, 2075025408 free
2026-01-06T23:55:09.492-0500 [DEBUG] [org.gradle.workers.internal.WorkerDaemonExpiration] Will attempt to release 2641 of memory
2026-01-06T23:55:09.492-0500 [DEBUG] [org.gradle.process.internal.health.memory.DefaultMemoryManager] 2769969561 virtual memory requested, 0 released, 2075025408 free
2026-01-06T23:55:10.462-0500 [DEBUG] [org.gradle.cache.internal.DefaultFileLockManager] Waiting to acquire shared lock on daemon addresses registry.
2026-01-06T23:55:10.462-0500 [DEBUG] [org.gradle.cache.internal.DefaultFileLockManager] Lock acquired on daemon addresses registry.
2026-01-06T23:55:10.462-0500 [DEBUG] [org.gradle.cache.internal.DefaultFileLockManager] Releasing lock on daemon addresses registry.
2026-01-06T23:55:10.462-0500 [DEBUG] [org.gradle.cache.internal.DefaultFileLockManager] Waiting to acquire shared lock on daemon addresses registry.
2026-01-06T23:55:10.462-0500 [DEBUG] [org.gradle.cache.internal.DefaultFileLockManager] Lock acquired on daemon addresses registry.
2026-01-06T23:55:10.463-0500 [DEBUG] [org.gradle.cache.internal.DefaultFileLockManager] Releasing lock on daemon addresses registry.
2026-01-06T23:55:10.463-0500 [DEBUG] [org.gradle.cache.internal.DefaultFileLockManager] Waiting to acquire shared lock on daemon addresses registry.
2026-01-06T23:55:10.463-0500 [DEBUG] [org.gradle.cache.internal.DefaultFileLockManager] Lock acquired on daemon addresses registry.
2026-01-06T23:55:10.463-0500 [DEBUG] [org.gradle.cache.internal.DefaultFileLockManager] Releasing lock on daemon addresses registry.
2026-01-06T23:55:14.483-0500 [DEBUG] [org.gradle.process.internal.health.memory.DefaultMemoryManager] 2769969561 virtual memory requested, 2168766464 free
2026-01-06T23:55:14.483-0500 [DEBUG] [org.gradle.workers.internal.WorkerDaemonExpiration] Will attempt to release 2641 of memory
2026-01-06T23:55:14.483-0500 [DEBUG] [org.gradle.process.internal.health.memory.DefaultMemoryManager] 2769969561 virtual memory requested, 0 released, 2168766464 free
2026-01-06T23:55:19.489-0500 [DEBUG] [org.gradle.process.internal.health.memory.DefaultMemoryManager] 2769969561 virtual memory requested, 2052878336 free
2026-01-06T23:55:19.489-0500 [DEBUG] [org.gradle.workers.internal.WorkerDaemonExpiration] Will attempt to release 2641 of memory
2026-01-06T23:55:19.489-0500 [DEBUG] [org.gradle.process.internal.health.memory.DefaultMemoryManager] 2769969561 virtual memory requested, 0 released, 2052878336 free
2026-01-06T23:55:20.455-0500 [DEBUG] [org.gradle.cache.internal.DefaultFileLockManager] Waiting to acquire shared lock on daemon addresses registry.
2026-01-06T23:55:20.455-0500 [DEBUG] [org.gradle.cache.internal.DefaultFileLockManager] Lock acquired on daemon addresses registry.
2026-01-06T23:55:20.456-0500 [DEBUG] [org.gradle.cache.internal.DefaultFileLockManager] Releasing lock on daemon addresses registry.
2026-01-06T23:55:20.456-0500 [DEBUG] [org.gradle.cache.internal.DefaultFileLockManager] Waiting to acquire shared lock on daemon addresses registry.
2026-01-06T23:55:20.456-0500 [DEBUG] [org.gradle.cache.internal.DefaultFileLockManager] Lock acquired on daemon addresses registry.
2026-01-06T23:55:20.457-0500 [DEBUG] [org.gradle.cache.internal.DefaultFileLockManager] Releasing lock on daemon addresses registry.
2026-01-06T23:55:20.458-0500 [DEBUG] [org.gradle.cache.internal.DefaultFileLockManager] Waiting to acquire shared lock on daemon addresses registry.
2026-01-06T23:55:20.458-0500 [DEBUG] [org.gradle.cache.internal.DefaultFileLockManager] Lock acquired on daemon addresses registry.
2026-01-06T23:55:20.458-0500 [DEBUG] [org.gradle.cache.internal.DefaultFileLockManager] Releasing lock on daemon addresses registry.
2026-01-06T23:55:24.487-0500 [DEBUG] [org.gradle.process.internal.health.memory.DefaultMemoryManager] 2769969561 virtual memory requested, 2045173760 free
2026-01-06T23:55:24.487-0500 [DEBUG] [org.gradle.workers.internal.WorkerDaemonExpiration] Will attempt to release 2641 of memory
2026-01-06T23:55:24.487-0500 [DEBUG] [org.gradle.process.internal.health.memory.DefaultMemoryManager] 2769969561 virtual memory requested, 0 released, 2045173760 free
2026-01-06T23:55:29.487-0500 [DEBUG] [org.gradle.process.internal.health.memory.DefaultMemoryManager] 2769969561 virtual memory requested, 2059341824 free
2026-01-06T23:55:29.487-0500 [DEBUG] [org.gradle.workers.internal.WorkerDaemonExpiration] Will attempt to release 2641 of memory
2026-01-06T23:55:29.487-0500 [DEBUG] [org.gradle.process.internal.health.memory.DefaultMemoryManager] 2769969561 virtual memory requested, 0 released, 2059341824 free
2026-01-06T23:55:30.452-0500 [DEBUG] [org.gradle.cache.internal.DefaultFileLockManager] Waiting to acquire shared lock on daemon addresses registry.
2026-01-06T23:55:30.452-0500 [DEBUG] [org.gradle.cache.internal.DefaultFileLockManager] Lock acquired on daemon addresses registry.
2026-01-06T23:55:30.452-0500 [DEBUG] [org.gradle.cache.internal.DefaultFileLockManager] Releasing lock on daemon addresses registry.
2026-01-06T23:55:30.453-0500 [DEBUG] [org.gradle.cache.internal.DefaultFileLockManager] Waiting to acquire shared lock on daemon addresses registry.
2026-01-06T23:55:30.453-0500 [DEBUG] [org.gradle.cache.internal.DefaultFileLockManager] Lock acquired on daemon addresses registry.
2026-01-06T23:55:30.453-0500 [DEBUG] [org.gradle.cache.internal.DefaultFileLockManager] Releasing lock on daemon addresses registry.
2026-01-06T23:55:30.453-0500 [DEBUG] [org.gradle.cache.internal.DefaultFileLockManager] Waiting to acquire shared lock on daemon addresses registry.
2026-01-06T23:55:30.454-0500 [DEBUG] [org.gradle.cache.internal.DefaultFileLockManager] Lock acquired on daemon addresses registry.
2026-01-06T23:55:30.454-0500 [DEBUG] [org.gradle.cache.internal.DefaultFileLockManager] Releasing lock on daemon addresses registry.
2026-01-06T23:55:34.489-0500 [DEBUG] [org.gradle.process.internal.health.memory.DefaultMemoryManager] 2769969561 virtual memory requested, 2068451328 free
2026-01-06T23:55:34.489-0500 [DEBUG] [org.gradle.workers.internal.WorkerDaemonExpiration] Will attempt to release 2641 of memory
2026-01-06T23:55:34.489-0500 [DEBUG] [org.gradle.process.internal.health.memory.DefaultMemoryManager] 2769969561 virtual memory requested, 0 released, 2068451328 free
2026-01-06T23:55:39.486-0500 [DEBUG] [org.gradle.process.internal.health.memory.DefaultMemoryManager] 2769969561 virtual memory requested, 2069413888 free
2026-01-06T23:55:39.486-0500 [DEBUG] [org.gradle.workers.internal.WorkerDaemonExpiration] Will attempt to release 2641 of memory
2026-01-06T23:55:39.486-0500 [DEBUG] [org.gradle.process.internal.health.memory.DefaultMemoryManager] 2769969561 virtual memory requested, 0 released, 2069413888 free
2026-01-06T23:55:40.449-0500 [DEBUG] [org.gradle.cache.internal.DefaultFileLockManager] Waiting to acquire shared lock on daemon addresses registry.
2026-01-06T23:55:40.450-0500 [DEBUG] [org.gradle.cache.internal.DefaultFileLockManager] Lock acquired on daemon addresses registry.
2026-01-06T23:55:40.450-0500 [DEBUG] [org.gradle.cache.internal.DefaultFileLockManager] Releasing lock on daemon addresses registry.
2026-01-06T23:55:40.450-0500 [DEBUG] [org.gradle.cache.internal.DefaultFileLockManager] Waiting to acquire shared lock on daemon addresses registry.
2026-01-06T23:55:40.450-0500 [DEBUG] [org.gradle.cache.internal.DefaultFileLockManager] Lock acquired on daemon addresses registry.
2026-01-06T23:55:40.450-0500 [DEBUG] [org.gradle.cache.internal.DefaultFileLockManager] Releasing lock on daemon addresses registry.
2026-01-06T23:55:40.451-0500 [DEBUG] [org.gradle.cache.internal.DefaultFileLockManager] Waiting to acquire shared lock on daemon addresses registry.
2026-01-06T23:55:40.451-0500 [DEBUG] [org.gradle.cache.internal.DefaultFileLockManager] Lock acquired on daemon addresses registry.
2026-01-06T23:55:40.451-0500 [DEBUG] [org.gradle.cache.internal.DefaultFileLockManager] Releasing lock on daemon addresses registry.
2026-01-06T23:55:44.491-0500 [DEBUG] [org.gradle.process.internal.health.memory.DefaultMemoryManager] 2769969561 virtual memory requested, 2005413888 free
2026-01-06T23:55:44.491-0500 [DEBUG] [org.gradle.workers.internal.WorkerDaemonExpiration] Will attempt to release 2641 of memory
2026-01-06T23:55:44.491-0500 [DEBUG] [org.gradle.process.internal.health.memory.DefaultMemoryManager] 2769969561 virtual memory requested, 0 released, 2005413888 free
2026-01-06T23:55:49.497-0500 [DEBUG] [org.gradle.process.internal.health.memory.DefaultMemoryManager] 2769969561 virtual memory requested, 2048147456 free
2026-01-06T23:55:49.497-0500 [DEBUG] [org.gradle.workers.internal.WorkerDaemonExpiration] Will attempt to release 2641 of memory
2026-01-06T23:55:49.498-0500 [DEBUG] [org.gradle.process.internal.health.memory.DefaultMemoryManager] 2769969561 virtual memory requested, 0 released, 2048147456 free
2026-01-06T23:55:50.451-0500 [DEBUG] [org.gradle.cache.internal.DefaultFileLockManager] Waiting to acquire shared lock on daemon addresses registry.
2026-01-06T23:55:50.451-0500 [DEBUG] [org.gradle.cache.internal.DefaultFileLockManager] Lock acquired on daemon addresses registry.
2026-01-06T23:55:50.452-0500 [DEBUG] [org.gradle.cache.internal.DefaultFileLockManager] Releasing lock on daemon addresses registry.
2026-01-06T23:55:50.453-0500 [DEBUG] [org.gradle.cache.internal.DefaultFileLockManager] Waiting to acquire shared lock on daemon addresses registry.
2026-01-06T23:55:50.453-0500 [DEBUG] [org.gradle.cache.internal.DefaultFileLockManager] Lock acquired on daemon addresses registry.
2026-01-06T23:55:50.453-0500 [DEBUG] [org.gradle.cache.internal.DefaultFileLockManager] Releasing lock on daemon addresses registry.
2026-01-06T23:55:50.454-0500 [DEBUG] [org.gradle.cache.internal.DefaultFileLockManager] Waiting to acquire shared lock on daemon addresses registry.
2026-01-06T23:55:50.454-0500 [DEBUG] [org.gradle.cache.internal.DefaultFileLockManager] Lock acquired on daemon addresses registry.
2026-01-06T23:55:50.454-0500 [DEBUG] [org.gradle.cache.internal.DefaultFileLockManager] Releasing lock on daemon addresses registry.
2026-01-06T23:55:54.487-0500 [DEBUG] [org.gradle.process.internal.health.memory.DefaultMemoryManager] 2769969561 virtual memory requested, 2049531904 free
2026-01-06T23:55:54.487-0500 [DEBUG] [org.gradle.workers.internal.WorkerDaemonExpiration] Will attempt to release 2641 of memory
2026-01-06T23:55:54.487-0500 [DEBUG] [org.gradle.process.internal.health.memory.DefaultMemoryManager] 2769969561 virtual memory requested, 0 released, 2049531904 free
2026-01-06T23:55:59.491-0500 [DEBUG] [org.gradle.process.internal.health.memory.DefaultMemoryManager] 2769969561 virtual memory requested, 2082537472 free
2026-01-06T23:55:59.491-0500 [DEBUG] [org.gradle.workers.internal.WorkerDaemonExpiration] Will attempt to release 2641 of memory
2026-01-06T23:55:59.491-0500 [DEBUG] [org.gradle.process.internal.health.memory.DefaultMemoryManager] 2769969561 virtual memory requested, 0 released, 2082537472 free
2026-01-06T23:56:00.462-0500 [DEBUG] [org.gradle.cache.internal.DefaultFileLockManager] Waiting to acquire shared lock on daemon addresses registry.
2026-01-06T23:56:00.462-0500 [DEBUG] [org.gradle.cache.internal.DefaultFileLockManager] Lock acquired on daemon addresses registry.
2026-01-06T23:56:00.462-0500 [DEBUG] [org.gradle.cache.internal.DefaultFileLockManager] Releasing lock on daemon addresses registry.
2026-01-06T23:56:00.463-0500 [DEBUG] [org.gradle.cache.internal.DefaultFileLockManager] Waiting to acquire shared lock on daemon addresses registry.
2026-01-06T23:56:00.463-0500 [DEBUG] [org.gradle.cache.internal.DefaultFileLockManager] Lock acquired on daemon addresses registry.
2026-01-06T23:56:00.463-0500 [DEBUG] [org.gradle.cache.internal.DefaultFileLockManager] Releasing lock on daemon addresses registry.
2026-01-06T23:56:00.464-0500 [DEBUG] [org.gradle.cache.internal.DefaultFileLockManager] Waiting to acquire shared lock on daemon addresses registry.
2026-01-06T23:56:00.464-0500 [DEBUG] [org.gradle.cache.internal.DefaultFileLockManager] Lock acquired on daemon addresses registry.
2026-01-06T23:56:00.464-0500 [DEBUG] [org.gradle.cache.internal.DefaultFileLockManager] Releasing lock on daemon addresses registry.
2026-01-06T23:56:04.495-0500 [DEBUG] [org.gradle.process.internal.health.memory.DefaultMemoryManager] 2769969561 virtual memory requested, 2070003712 free
2026-01-06T23:56:04.495-0500 [DEBUG] [org.gradle.workers.internal.WorkerDaemonExpiration] Will attempt to release 2641 of memory
2026-01-06T23:56:04.495-0500 [DEBUG] [org.gradle.process.internal.health.memory.DefaultMemoryManager] 2769969561 virtual memory requested, 0 released, 2070003712 free
2026-01-06T23:56:09.497-0500 [DEBUG] [org.gradle.process.internal.health.memory.DefaultMemoryManager] 2769969561 virtual memory requested, 2091073536 free
2026-01-06T23:56:09.497-0500 [DEBUG] [org.gradle.workers.internal.WorkerDaemonExpiration] Will attempt to release 2641 of memory
2026-01-06T23:56:09.497-0500 [DEBUG] [org.gradle.process.internal.health.memory.DefaultMemoryManager] 2769969561 virtual memory requested, 0 released, 2091073536 free
2026-01-06T23:56:10.453-0500 [DEBUG] [org.gradle.cache.internal.DefaultFileLockManager] Waiting to acquire shared lock on daemon addresses registry.
2026-01-06T23:56:10.453-0500 [DEBUG] [org.gradle.cache.internal.DefaultFileLockManager] Lock acquired on daemon addresses registry.
2026-01-06T23:56:10.453-0500 [DEBUG] [org.gradle.cache.internal.DefaultFileLockManager] Releasing lock on daemon addresses registry.
2026-01-06T23:56:10.454-0500 [DEBUG] [org.gradle.cache.internal.DefaultFileLockManager] Waiting to acquire shared lock on daemon addresses registry.
2026-01-06T23:56:10.454-0500 [DEBUG] [org.gradle.cache.internal.DefaultFileLockManager] Lock acquired on daemon addresses registry.
2026-01-06T23:56:10.454-0500 [DEBUG] [org.gradle.cache.internal.DefaultFileLockManager] Releasing lock on daemon addresses registry.
2026-01-06T23:56:10.455-0500 [DEBUG] [org.gradle.cache.internal.DefaultFileLockManager] Waiting to acquire shared lock on daemon addresses registry.
2026-01-06T23:56:10.455-0500 [DEBUG] [org.gradle.cache.internal.DefaultFileLockManager] Lock acquired on daemon addresses registry.
2026-01-06T23:56:10.455-0500 [DEBUG] [org.gradle.cache.internal.DefaultFileLockManager] Releasing lock on daemon addresses registry.
2026-01-06T23:56:14.493-0500 [DEBUG] [org.gradle.process.internal.health.memory.DefaultMemoryManager] 2769969561 virtual memory requested, 2067386368 free
2026-01-06T23:56:14.493-0500 [DEBUG] [org.gradle.workers.internal.WorkerDaemonExpiration] Will attempt to release 2641 of memory
2026-01-06T23:56:14.493-0500 [DEBUG] [org.gradle.process.internal.health.memory.DefaultMemoryManager] 2769969561 virtual memory requested, 0 released, 2067386368 free
2026-01-06T23:56:19.487-0500 [DEBUG] [org.gradle.process.internal.health.memory.DefaultMemoryManager] 2769969561 virtual memory requested, 2117672960 free
2026-01-06T23:56:19.487-0500 [DEBUG] [org.gradle.workers.internal.WorkerDaemonExpiration] Will attempt to release 2641 of memory
2026-01-06T23:56:19.487-0500 [DEBUG] [org.gradle.process.internal.health.memory.DefaultMemoryManager] 2769969561 virtual memory requested, 0 released, 2117672960 free
2026-01-06T23:56:20.452-0500 [DEBUG] [org.gradle.cache.internal.DefaultFileLockManager] Waiting to acquire shared lock on daemon addresses registry.
2026-01-06T23:56:20.452-0500 [DEBUG] [org.gradle.cache.internal.DefaultFileLockManager] Lock acquired on daemon addresses registry.
2026-01-06T23:56:20.453-0500 [DEBUG] [org.gradle.cache.internal.DefaultFileLockManager] Releasing lock on daemon addresses registry.
2026-01-06T23:56:20.454-0500 [DEBUG] [org.gradle.cache.internal.DefaultFileLockManager] Waiting to acquire shared lock on daemon addresses registry.
2026-01-06T23:56:20.454-0500 [DEBUG] [org.gradle.cache.internal.DefaultFileLockManager] Lock acquired on daemon addresses registry.
2026-01-06T23:56:20.454-0500 [DEBUG] [org.gradle.cache.internal.DefaultFileLockManager] Releasing lock on daemon addresses registry.
2026-01-06T23:56:20.455-0500 [DEBUG] [org.gradle.cache.internal.DefaultFileLockManager] Waiting to acquire shared lock on daemon addresses registry.
2026-01-06T23:56:20.455-0500 [DEBUG] [org.gradle.cache.internal.DefaultFileLockManager] Lock acquired on daemon addresses registry.
2026-01-06T23:56:20.455-0500 [DEBUG] [org.gradle.cache.internal.DefaultFileLockManager] Releasing lock on daemon addresses registry.
2026-01-06T23:56:24.501-0500 [DEBUG] [org.gradle.process.internal.health.memory.DefaultMemoryManager] 2769969561 virtual memory requested, 2139058176 free
2026-01-06T23:56:24.501-0500 [DEBUG] [org.gradle.workers.internal.WorkerDaemonExpiration] Will attempt to release 2641 of memory
2026-01-06T23:56:24.501-0500 [DEBUG] [org.gradle.process.internal.health.memory.DefaultMemoryManager] 2769969561 virtual memory requested, 0 released, 2139058176 free
2026-01-06T23:56:29.495-0500 [DEBUG] [org.gradle.process.internal.health.memory.DefaultMemoryManager] 2769969561 virtual memory requested, 2158530560 free
2026-01-06T23:56:29.495-0500 [DEBUG] [org.gradle.workers.internal.WorkerDaemonExpiration] Will attempt to release 2641 of memory
2026-01-06T23:56:29.495-0500 [DEBUG] [org.gradle.process.internal.health.memory.DefaultMemoryManager] 2769969561 virtual memory requested, 0 released, 2158530560 free
2026-01-06T23:56:30.465-0500 [DEBUG] [org.gradle.cache.internal.DefaultFileLockManager] Waiting to acquire shared lock on daemon addresses registry.
2026-01-06T23:56:30.465-0500 [DEBUG] [org.gradle.cache.internal.DefaultFileLockManager] Lock acquired on daemon addresses registry.
2026-01-06T23:56:30.466-0500 [DEBUG] [org.gradle.cache.internal.DefaultFileLockManager] Releasing lock on daemon addresses registry.
2026-01-06T23:56:30.467-0500 [DEBUG] [org.gradle.cache.internal.DefaultFileLockManager] Waiting to acquire shared lock on daemon addresses registry.
2026-01-06T23:56:30.467-0500 [DEBUG] [org.gradle.cache.internal.DefaultFileLockManager] Lock acquired on daemon addresses registry.
2026-01-06T23:56:30.467-0500 [DEBUG] [org.gradle.cache.internal.DefaultFileLockManager] Releasing lock on daemon addresses registry.
2026-01-06T23:56:30.468-0500 [DEBUG] [org.gradle.cache.internal.DefaultFileLockManager] Waiting to acquire shared lock on daemon addresses registry.
2026-01-06T23:56:30.468-0500 [DEBUG] [org.gradle.cache.internal.DefaultFileLockManager] Lock acquired on daemon addresses registry.
2026-01-06T23:56:30.468-0500 [DEBUG] [org.gradle.cache.internal.DefaultFileLockManager] Releasing lock on daemon addresses registry.
2026-01-06T23:56:34.501-0500 [DEBUG] [org.gradle.process.internal.health.memory.DefaultMemoryManager] 2769969561 virtual memory requested, 2138976256 free
2026-01-06T23:56:34.501-0500 [DEBUG] [org.gradle.workers.internal.WorkerDaemonExpiration] Will attempt to release 2641 of memory
2026-01-06T23:56:34.501-0500 [DEBUG] [org.gradle.process.internal.health.memory.DefaultMemoryManager] 2769969561 virtual memory requested, 0 released, 2138976256 free
2026-01-06T23:56:39.495-0500 [DEBUG] [org.gradle.process.internal.health.memory.DefaultMemoryManager] 2769969561 virtual memory requested, 2134491136 free
2026-01-06T23:56:39.495-0500 [DEBUG] [org.gradle.workers.internal.WorkerDaemonExpiration] Will attempt to release 2641 of memory
2026-01-06T23:56:39.495-0500 [DEBUG] [org.gradle.process.internal.health.memory.DefaultMemoryManager] 2769969561 virtual memory requested, 0 released, 2134491136 free
2026-01-06T23:56:40.462-0500 [DEBUG] [org.gradle.cache.internal.DefaultFileLockManager] Waiting to acquire shared lock on daemon addresses registry.
2026-01-06T23:56:40.462-0500 [DEBUG] [org.gradle.cache.internal.DefaultFileLockManager] Lock acquired on daemon addresses registry.
2026-01-06T23:56:40.462-0500 [DEBUG] [org.gradle.cache.internal.DefaultFileLockManager] Releasing lock on daemon addresses registry.
2026-01-06T23:56:40.463-0500 [DEBUG] [org.gradle.cache.internal.DefaultFileLockManager] Waiting to acquire shared lock on daemon addresses registry.
2026-01-06T23:56:40.463-0500 [DEBUG] [org.gradle.cache.internal.DefaultFileLockManager] Lock acquired on daemon addresses registry.
2026-01-06T23:56:40.463-0500 [DEBUG] [org.gradle.cache.internal.DefaultFileLockManager] Releasing lock on daemon addresses registry.
2026-01-06T23:56:40.464-0500 [DEBUG] [org.gradle.cache.internal.DefaultFileLockManager] Waiting to acquire shared lock on daemon addresses registry.
2026-01-06T23:56:40.464-0500 [DEBUG] [org.gradle.cache.internal.DefaultFileLockManager] Lock acquired on daemon addresses registry.
2026-01-06T23:56:40.464-0500 [DEBUG] [org.gradle.cache.internal.DefaultFileLockManager] Releasing lock on daemon addresses registry.
2026-01-06T23:56:44.492-0500 [DEBUG] [org.gradle.process.internal.health.memory.DefaultMemoryManager] 2769969561 virtual memory requested, 2077904896 free
2026-01-06T23:56:44.492-0500 [DEBUG] [org.gradle.workers.internal.WorkerDaemonExpiration] Will attempt to release 2641 of memory
2026-01-06T23:56:44.492-0500 [DEBUG] [org.gradle.process.internal.health.memory.DefaultMemoryManager] 2769969561 virtual memory requested, 0 released, 2077904896 free
2026-01-06T23:56:49.494-0500 [DEBUG] [org.gradle.process.internal.health.memory.DefaultMemoryManager] 2769969561 virtual memory requested, 2004996096 free
2026-01-06T23:56:49.494-0500 [DEBUG] [org.gradle.workers.internal.WorkerDaemonExpiration] Will attempt to release 2641 of memory
2026-01-06T23:56:49.494-0500 [DEBUG] [org.gradle.process.internal.health.memory.DefaultMemoryManager] 2769969561 virtual memory requested, 0 released, 2004996096 free
2026-01-06T23:56:50.466-0500 [DEBUG] [org.gradle.cache.internal.DefaultFileLockManager] Waiting to acquire shared lock on daemon addresses registry.
2026-01-06T23:56:50.467-0500 [DEBUG] [org.gradle.cache.internal.DefaultFileLockManager] Lock acquired on daemon addresses registry.
2026-01-06T23:56:50.467-0500 [DEBUG] [org.gradle.cache.internal.DefaultFileLockManager] Releasing lock on daemon addresses registry.
2026-01-06T23:56:50.468-0500 [DEBUG] [org.gradle.cache.internal.DefaultFileLockManager] Waiting to acquire shared lock on daemon addresses registry.
2026-01-06T23:56:50.468-0500 [DEBUG] [org.gradle.cache.internal.DefaultFileLockManager] Lock acquired on daemon addresses registry.
2026-01-06T23:56:50.468-0500 [DEBUG] [org.gradle.cache.internal.DefaultFileLockManager] Releasing lock on daemon addresses registry.
2026-01-06T23:56:50.469-0500 [DEBUG] [org.gradle.cache.internal.DefaultFileLockManager] Waiting to acquire shared lock on daemon addresses registry.
2026-01-06T23:56:50.469-0500 [DEBUG] [org.gradle.cache.internal.DefaultFileLockManager] Lock acquired on daemon addresses registry.
2026-01-06T23:56:50.469-0500 [DEBUG] [org.gradle.cache.internal.DefaultFileLockManager] Releasing lock on daemon addresses registry.
2026-01-06T23:56:54.492-0500 [DEBUG] [org.gradle.process.internal.health.memory.DefaultMemoryManager] 2769969561 virtual memory requested, 2163642368 free
2026-01-06T23:56:54.492-0500 [DEBUG] [org.gradle.workers.internal.WorkerDaemonExpiration] Will attempt to release 2641 of memory
2026-01-06T23:56:54.492-0500 [DEBUG] [org.gradle.process.internal.health.memory.DefaultMemoryManager] 2769969561 virtual memory requested, 0 released, 2163642368 free
2026-01-06T23:56:59.502-0500 [DEBUG] [org.gradle.process.internal.health.memory.DefaultMemoryManager] 2769969561 virtual memory requested, 2146115584 free
2026-01-06T23:56:59.502-0500 [DEBUG] [org.gradle.workers.internal.WorkerDaemonExpiration] Will attempt to release 2641 of memory
2026-01-06T23:56:59.502-0500 [DEBUG] [org.gradle.process.internal.health.memory.DefaultMemoryManager] 2769969561 virtual memory requested, 0 released, 2146115584 free
2026-01-06T23:57:00.455-0500 [DEBUG] [org.gradle.cache.internal.DefaultFileLockManager] Waiting to acquire shared lock on daemon addresses registry.
2026-01-06T23:57:00.456-0500 [DEBUG] [org.gradle.cache.internal.DefaultFileLockManager] Lock acquired on daemon addresses registry.
2026-01-06T23:57:00.456-0500 [DEBUG] [org.gradle.cache.internal.DefaultFileLockManager] Releasing lock on daemon addresses registry.
2026-01-06T23:57:00.457-0500 [DEBUG] [org.gradle.cache.internal.DefaultFileLockManager] Waiting to acquire shared lock on daemon addresses registry.
2026-01-06T23:57:00.457-0500 [DEBUG] [org.gradle.cache.internal.DefaultFileLockManager] Lock acquired on daemon addresses registry.
2026-01-06T23:57:00.457-0500 [DEBUG] [org.gradle.cache.internal.DefaultFileLockManager] Releasing lock on daemon addresses registry.
2026-01-06T23:57:00.458-0500 [DEBUG] [org.gradle.cache.internal.DefaultFileLockManager] Waiting to acquire shared lock on daemon addresses registry.
2026-01-06T23:57:00.458-0500 [DEBUG] [org.gradle.cache.internal.DefaultFileLockManager] Lock acquired on daemon addresses registry.
2026-01-06T23:57:00.458-0500 [DEBUG] [org.gradle.cache.internal.DefaultFileLockManager] Releasing lock on daemon addresses registry.
2026-01-06T23:57:04.499-0500 [DEBUG] [org.gradle.process.internal.health.memory.DefaultMemoryManager] 2769969561 virtual memory requested, 2164682752 free
2026-01-06T23:57:04.499-0500 [DEBUG] [org.gradle.workers.internal.WorkerDaemonExpiration] Will attempt to release 2641 of memory
2026-01-06T23:57:04.499-0500 [DEBUG] [org.gradle.process.internal.health.memory.DefaultMemoryManager] 2769969561 virtual memory requested, 0 released, 2164682752 free
2026-01-06T23:57:09.502-0500 [DEBUG] [org.gradle.process.internal.health.memory.DefaultMemoryManager] 2769969561 virtual memory requested, 2146590720 free
2026-01-06T23:57:09.502-0500 [DEBUG] [org.gradle.workers.internal.WorkerDaemonExpiration] Will attempt to release 2641 of memory
2026-01-06T23:57:09.502-0500 [DEBUG] [org.gradle.process.internal.health.memory.DefaultMemoryManager] 2769969561 virtual memory requested, 0 released, 2146590720 free
2026-01-06T23:57:10.462-0500 [DEBUG] [org.gradle.cache.internal.DefaultFileLockManager] Waiting to acquire shared lock on daemon addresses registry.
2026-01-06T23:57:10.462-0500 [DEBUG] [org.gradle.cache.internal.DefaultFileLockManager] Lock acquired on daemon addresses registry.
2026-01-06T23:57:10.462-0500 [DEBUG] [org.gradle.cache.internal.DefaultFileLockManager] Releasing lock on daemon addresses registry.
2026-01-06T23:57:10.463-0500 [DEBUG] [org.gradle.cache.internal.DefaultFileLockManager] Waiting to acquire shared lock on daemon addresses registry.
2026-01-06T23:57:10.463-0500 [DEBUG] [org.gradle.cache.internal.DefaultFileLockManager] Lock acquired on daemon addresses registry.
2026-01-06T23:57:10.463-0500 [DEBUG] [org.gradle.cache.internal.DefaultFileLockManager] Releasing lock on daemon addresses registry.
2026-01-06T23:57:10.464-0500 [DEBUG] [org.gradle.cache.internal.DefaultFileLockManager] Waiting to acquire shared lock on daemon addresses registry.
2026-01-06T23:57:10.464-0500 [DEBUG] [org.gradle.cache.internal.DefaultFileLockManager] Lock acquired on daemon addresses registry.
2026-01-06T23:57:10.464-0500 [DEBUG] [org.gradle.cache.internal.DefaultFileLockManager] Releasing lock on daemon addresses registry.
2026-01-06T23:57:14.504-0500 [DEBUG] [org.gradle.process.internal.health.memory.DefaultMemoryManager] 2769969561 virtual memory requested, 2012532736 free
2026-01-06T23:57:14.504-0500 [DEBUG] [org.gradle.workers.internal.WorkerDaemonExpiration] Will attempt to release 2641 of memory
2026-01-06T23:57:14.504-0500 [DEBUG] [org.gradle.process.internal.health.memory.DefaultMemoryManager] 2769969561 virtual memory requested, 0 released, 2012532736 free
2026-01-06T23:57:19.500-0500 [DEBUG] [org.gradle.process.internal.health.memory.DefaultMemoryManager] 2769969561 virtual memory requested, 2001907712 free
2026-01-06T23:57:19.500-0500 [DEBUG] [org.gradle.workers.internal.WorkerDaemonExpiration] Will attempt to release 2641 of memory
2026-01-06T23:57:19.500-0500 [DEBUG] [org.gradle.process.internal.health.memory.DefaultMemoryManager] 2769969561 virtual memory requested, 0 released, 2001907712 free
2026-01-06T23:57:20.458-0500 [DEBUG] [org.gradle.cache.internal.DefaultFileLockManager] Waiting to acquire shared lock on daemon addresses registry.
2026-01-06T23:57:20.458-0500 [DEBUG] [org.gradle.cache.internal.DefaultFileLockManager] Lock acquired on daemon addresses registry.
2026-01-06T23:57:20.459-0500 [DEBUG] [org.gradle.cache.internal.DefaultFileLockManager] Releasing lock on daemon addresses registry.
2026-01-06T23:57:20.459-0500 [DEBUG] [org.gradle.cache.internal.DefaultFileLockManager] Waiting to acquire shared lock on daemon addresses registry.
2026-01-06T23:57:20.460-0500 [DEBUG] [org.gradle.cache.internal.DefaultFileLockManager] Lock acquired on daemon addresses registry.
2026-01-06T23:57:20.460-0500 [DEBUG] [org.gradle.cache.internal.DefaultFileLockManager] Releasing lock on daemon addresses registry.
2026-01-06T23:57:20.460-0500 [DEBUG] [org.gradle.cache.internal.DefaultFileLockManager] Waiting to acquire shared lock on daemon addresses registry.
2026-01-06T23:57:20.460-0500 [DEBUG] [org.gradle.cache.internal.DefaultFileLockManager] Lock acquired on daemon addresses registry.
2026-01-06T23:57:20.460-0500 [DEBUG] [org.gradle.cache.internal.DefaultFileLockManager] Releasing lock on daemon addresses registry.
2026-01-06T23:57:24.503-0500 [DEBUG] [org.gradle.process.internal.health.memory.DefaultMemoryManager] 2769969561 virtual memory requested, 1539756032 free
2026-01-06T23:57:24.503-0500 [DEBUG] [org.gradle.workers.internal.WorkerDaemonExpiration] Will attempt to release 2641 of memory
2026-01-06T23:57:24.503-0500 [DEBUG] [org.gradle.process.internal.health.memory.DefaultMemoryManager] 2769969561 virtual memory requested, 0 released, 1539756032 free
2026-01-06T23:57:29.494-0500 [DEBUG] [org.gradle.process.internal.health.memory.DefaultMemoryManager] 2769969561 virtual memory requested, 1604780032 free
2026-01-06T23:57:29.494-0500 [DEBUG] [org.gradle.workers.internal.WorkerDaemonExpiration] Will attempt to release 2641 of memory
2026-01-06T23:57:29.494-0500 [DEBUG] [org.gradle.process.internal.health.memory.DefaultMemoryManager] 2769969561 virtual memory requested, 0 released, 1604780032 free
2026-01-06T23:57:30.458-0500 [DEBUG] [org.gradle.cache.internal.DefaultFileLockManager] Waiting to acquire shared lock on daemon addresses registry.
2026-01-06T23:57:30.458-0500 [DEBUG] [org.gradle.cache.internal.DefaultFileLockManager] Lock acquired on daemon addresses registry.
2026-01-06T23:57:30.459-0500 [DEBUG] [org.gradle.cache.internal.DefaultFileLockManager] Releasing lock on daemon addresses registry.
2026-01-06T23:57:30.459-0500 [DEBUG] [org.gradle.cache.internal.DefaultFileLockManager] Waiting to acquire shared lock on daemon addresses registry.
2026-01-06T23:57:30.459-0500 [DEBUG] [org.gradle.cache.internal.DefaultFileLockManager] Lock acquired on daemon addresses registry.
2026-01-06T23:57:30.459-0500 [DEBUG] [org.gradle.cache.internal.DefaultFileLockManager] Releasing lock on daemon addresses registry.
2026-01-06T23:57:30.460-0500 [DEBUG] [org.gradle.cache.internal.DefaultFileLockManager] Waiting to acquire shared lock on daemon addresses registry.
2026-01-06T23:57:30.460-0500 [DEBUG] [org.gradle.cache.internal.DefaultFileLockManager] Lock acquired on daemon addresses registry.
2026-01-06T23:57:30.460-0500 [DEBUG] [org.gradle.cache.internal.DefaultFileLockManager] Releasing lock on daemon addresses registry.
2026-01-06T23:57:34.500-0500 [DEBUG] [org.gradle.process.internal.health.memory.DefaultMemoryManager] 2769969561 virtual memory requested, 1604816896 free
2026-01-06T23:57:34.500-0500 [DEBUG] [org.gradle.workers.internal.WorkerDaemonExpiration] Will attempt to release 2641 of memory
2026-01-06T23:57:34.500-0500 [DEBUG] [org.gradle.process.internal.health.memory.DefaultMemoryManager] 2769969561 virtual memory requested, 0 released, 1604816896 free
2026-01-06T23:57:39.496-0500 [DEBUG] [org.gradle.process.internal.health.memory.DefaultMemoryManager] 2769969561 virtual memory requested, 1593602048 free
2026-01-06T23:57:39.496-0500 [DEBUG] [org.gradle.workers.internal.WorkerDaemonExpiration] Will attempt to release 2641 of memory
2026-01-06T23:57:39.496-0500 [DEBUG] [org.gradle.process.internal.health.memory.DefaultMemoryManager] 2769969561 virtual memory requested, 0 released, 1593602048 free
2026-01-06T23:57:40.468-0500 [DEBUG] [org.gradle.cache.internal.DefaultFileLockManager] Waiting to acquire shared lock on daemon addresses registry.
2026-01-06T23:57:40.468-0500 [DEBUG] [org.gradle.cache.internal.DefaultFileLockManager] Lock acquired on daemon addresses registry.
2026-01-06T23:57:40.468-0500 [DEBUG] [org.gradle.cache.internal.DefaultFileLockManager] Releasing lock on daemon addresses registry.
2026-01-06T23:57:40.470-0500 [DEBUG] [org.gradle.cache.internal.DefaultFileLockManager] Waiting to acquire shared lock on daemon addresses registry.
2026-01-06T23:57:40.470-0500 [DEBUG] [org.gradle.cache.internal.DefaultFileLockManager] Lock acquired on daemon addresses registry.
2026-01-06T23:57:40.470-0500 [DEBUG] [org.gradle.cache.internal.DefaultFileLockManager] Releasing lock on daemon addresses registry.
2026-01-06T23:57:40.471-0500 [DEBUG] [org.gradle.cache.internal.DefaultFileLockManager] Waiting to acquire shared lock on daemon addresses registry.
2026-01-06T23:57:40.471-0500 [DEBUG] [org.gradle.cache.internal.DefaultFileLockManager] Lock acquired on daemon addresses registry.
2026-01-06T23:57:40.471-0500 [DEBUG] [org.gradle.cache.internal.DefaultFileLockManager] Releasing lock on daemon addresses registry.
2026-01-06T23:57:44.499-0500 [DEBUG] [org.gradle.process.internal.health.memory.DefaultMemoryManager] 2769969561 virtual memory requested, 1613516800 free
2026-01-06T23:57:44.499-0500 [DEBUG] [org.gradle.workers.internal.WorkerDaemonExpiration] Will attempt to release 2641 of memory
2026-01-06T23:57:44.500-0500 [DEBUG] [org.gradle.process.internal.health.memory.DefaultMemoryManager] 2769969561 virtual memory requested, 0 released, 1613516800 free
2026-01-06T23:57:49.504-0500 [DEBUG] [org.gradle.process.internal.health.memory.DefaultMemoryManager] 2769969561 virtual memory requested, 1610903552 free
2026-01-06T23:57:49.504-0500 [DEBUG] [org.gradle.workers.internal.WorkerDaemonExpiration] Will attempt to release 2641 of memory
2026-01-06T23:57:49.504-0500 [DEBUG] [org.gradle.process.internal.health.memory.DefaultMemoryManager] 2769969561 virtual memory requested, 0 released, 1610903552 free
2026-01-06T23:57:50.461-0500 [DEBUG] [org.gradle.cache.internal.DefaultFileLockManager] Waiting to acquire shared lock on daemon addresses registry.
2026-01-06T23:57:50.461-0500 [DEBUG] [org.gradle.cache.internal.DefaultFileLockManager] Lock acquired on daemon addresses registry.
2026-01-06T23:57:50.461-0500 [DEBUG] [org.gradle.cache.internal.DefaultFileLockManager] Releasing lock on daemon addresses registry.
2026-01-06T23:57:50.462-0500 [DEBUG] [org.gradle.cache.internal.DefaultFileLockManager] Waiting to acquire shared lock on daemon addresses registry.
2026-01-06T23:57:50.462-0500 [DEBUG] [org.gradle.cache.internal.DefaultFileLockManager] Lock acquired on daemon addresses registry.
2026-01-06T23:57:50.462-0500 [DEBUG] [org.gradle.cache.internal.DefaultFileLockManager] Releasing lock on daemon addresses registry.
2026-01-06T23:57:50.463-0500 [DEBUG] [org.gradle.cache.internal.DefaultFileLockManager] Waiting to acquire shared lock on daemon addresses registry.
2026-01-06T23:57:50.463-0500 [DEBUG] [org.gradle.cache.internal.DefaultFileLockManager] Lock acquired on daemon addresses registry.
2026-01-06T23:57:50.463-0500 [DEBUG] [org.gradle.cache.internal.DefaultFileLockManager] Releasing lock on daemon addresses registry.
2026-01-06T23:57:54.497-0500 [DEBUG] [org.gradle.process.internal.health.memory.DefaultMemoryManager] 2769969561 virtual memory requested, 1617485824 free
2026-01-06T23:57:54.498-0500 [DEBUG] [org.gradle.workers.internal.WorkerDaemonExpiration] Will attempt to release 2641 of memory
2026-01-06T23:57:54.498-0500 [DEBUG] [org.gradle.process.internal.health.memory.DefaultMemoryManager] 2769969561 virtual memory requested, 0 released, 1617485824 free
2026-01-06T23:57:59.506-0500 [DEBUG] [org.gradle.process.internal.health.memory.DefaultMemoryManager] 2769969561 virtual memory requested, 1507803136 free
2026-01-06T23:57:59.506-0500 [DEBUG] [org.gradle.workers.internal.WorkerDaemonExpiration] Will attempt to release 2641 of memory
2026-01-06T23:57:59.506-0500 [DEBUG] [org.gradle.process.internal.health.memory.DefaultMemoryManager] 2769969561 virtual memory requested, 0 released, 1507803136 free
2026-01-06T23:58:00.475-0500 [DEBUG] [org.gradle.cache.internal.DefaultFileLockManager] Waiting to acquire shared lock on daemon addresses registry.
2026-01-06T23:58:00.475-0500 [DEBUG] [org.gradle.cache.internal.DefaultFileLockManager] Lock acquired on daemon addresses registry.
2026-01-06T23:58:00.475-0500 [DEBUG] [org.gradle.cache.internal.DefaultFileLockManager] Releasing lock on daemon addresses registry.
2026-01-06T23:58:00.477-0500 [DEBUG] [org.gradle.cache.internal.DefaultFileLockManager] Waiting to acquire shared lock on daemon addresses registry.
2026-01-06T23:58:00.477-0500 [DEBUG] [org.gradle.cache.internal.DefaultFileLockManager] Lock acquired on daemon addresses registry.
2026-01-06T23:58:00.477-0500 [DEBUG] [org.gradle.cache.internal.DefaultFileLockManager] Releasing lock on daemon addresses registry.
2026-01-06T23:58:00.478-0500 [DEBUG] [org.gradle.cache.internal.DefaultFileLockManager] Waiting to acquire shared lock on daemon addresses registry.
2026-01-06T23:58:00.478-0500 [DEBUG] [org.gradle.cache.internal.DefaultFileLockManager] Lock acquired on daemon addresses registry.
2026-01-06T23:58:00.478-0500 [DEBUG] [org.gradle.cache.internal.DefaultFileLockManager] Releasing lock on daemon addresses registry.
2026-01-06T23:58:04.510-0500 [DEBUG] [org.gradle.process.internal.health.memory.DefaultMemoryManager] 2769969561 virtual memory requested, 1513586688 free
2026-01-06T23:58:04.510-0500 [DEBUG] [org.gradle.workers.internal.WorkerDaemonExpiration] Will attempt to release 2641 of memory
2026-01-06T23:58:04.510-0500 [DEBUG] [org.gradle.process.internal.health.memory.DefaultMemoryManager] 2769969561 virtual memory requested, 0 released, 1513586688 free
2026-01-06T23:58:09.507-0500 [DEBUG] [org.gradle.process.internal.health.memory.DefaultMemoryManager] 2769969561 virtual memory requested, 1569153024 free
2026-01-06T23:58:09.507-0500 [DEBUG] [org.gradle.workers.internal.WorkerDaemonExpiration] Will attempt to release 2641 of memory
2026-01-06T23:58:09.507-0500 [DEBUG] [org.gradle.process.internal.health.memory.DefaultMemoryManager] 2769969561 virtual memory requested, 0 released, 1569153024 free
2026-01-06T23:58:10.474-0500 [DEBUG] [org.gradle.cache.internal.DefaultFileLockManager] Waiting to acquire shared lock on daemon addresses registry.
2026-01-06T23:58:10.474-0500 [DEBUG] [org.gradle.cache.internal.DefaultFileLockManager] Lock acquired on daemon addresses registry.
2026-01-06T23:58:10.474-0500 [DEBUG] [org.gradle.cache.internal.DefaultFileLockManager] Releasing lock on daemon addresses registry.
2026-01-06T23:58:10.475-0500 [DEBUG] [org.gradle.cache.internal.DefaultFileLockManager] Waiting to acquire shared lock on daemon addresses registry.
2026-01-06T23:58:10.475-0500 [DEBUG] [org.gradle.cache.internal.DefaultFileLockManager] Lock acquired on daemon addresses registry.
2026-01-06T23:58:10.475-0500 [DEBUG] [org.gradle.cache.internal.DefaultFileLockManager] Releasing lock on daemon addresses registry.
2026-01-06T23:58:10.476-0500 [DEBUG] [org.gradle.cache.internal.DefaultFileLockManager] Waiting to acquire shared lock on daemon addresses registry.
2026-01-06T23:58:10.476-0500 [DEBUG] [org.gradle.cache.internal.DefaultFileLockManager] Lock acquired on daemon addresses registry.
2026-01-06T23:58:10.476-0500 [DEBUG] [org.gradle.cache.internal.DefaultFileLockManager] Releasing lock on daemon addresses registry.
2026-01-06T23:58:14.509-0500 [DEBUG] [org.gradle.process.internal.health.memory.DefaultMemoryManager] 2769969561 virtual memory requested, 1577226240 free
2026-01-06T23:58:14.509-0500 [DEBUG] [org.gradle.workers.internal.WorkerDaemonExpiration] Will attempt to release 2641 of memory
2026-01-06T23:58:14.509-0500 [DEBUG] [org.gradle.process.internal.health.memory.DefaultMemoryManager] 2769969561 virtual memory requested, 0 released, 1577226240 free
2026-01-06T23:58:19.510-0500 [DEBUG] [org.gradle.process.internal.health.memory.DefaultMemoryManager] 2769969561 virtual memory requested, 1596006400 free
2026-01-06T23:58:19.510-0500 [DEBUG] [org.gradle.workers.internal.WorkerDaemonExpiration] Will attempt to release 2641 of memory
2026-01-06T23:58:19.510-0500 [DEBUG] [org.gradle.process.internal.health.memory.DefaultMemoryManager] 2769969561 virtual memory requested, 0 released, 1596006400 free
2026-01-06T23:58:20.476-0500 [DEBUG] [org.gradle.cache.internal.DefaultFileLockManager] Waiting to acquire shared lock on daemon addresses registry.
2026-01-06T23:58:20.477-0500 [DEBUG] [org.gradle.cache.internal.DefaultFileLockManager] Lock acquired on daemon addresses registry.
2026-01-06T23:58:20.477-0500 [DEBUG] [org.gradle.cache.internal.DefaultFileLockManager] Releasing lock on daemon addresses registry.
2026-01-06T23:58:20.477-0500 [DEBUG] [org.gradle.cache.internal.DefaultFileLockManager] Waiting to acquire shared lock on daemon addresses registry.
2026-01-06T23:58:20.477-0500 [DEBUG] [org.gradle.cache.internal.DefaultFileLockManager] Lock acquired on daemon addresses registry.
2026-01-06T23:58:20.478-0500 [DEBUG] [org.gradle.cache.internal.DefaultFileLockManager] Releasing lock on daemon addresses registry.
2026-01-06T23:58:20.478-0500 [DEBUG] [org.gradle.cache.internal.DefaultFileLockManager] Waiting to acquire shared lock on daemon addresses registry.
2026-01-06T23:58:20.478-0500 [DEBUG] [org.gradle.cache.internal.DefaultFileLockManager] Lock acquired on daemon addresses registry.
2026-01-06T23:58:20.478-0500 [DEBUG] [org.gradle.cache.internal.DefaultFileLockManager] Releasing lock on daemon addresses registry.
2026-01-06T23:58:24.505-0500 [DEBUG] [org.gradle.process.internal.health.memory.DefaultMemoryManager] 2769969561 virtual memory requested, 1949392896 free
2026-01-06T23:58:24.505-0500 [DEBUG] [org.gradle.workers.internal.WorkerDaemonExpiration] Will attempt to release 2641 of memory
2026-01-06T23:58:24.505-0500 [DEBUG] [org.gradle.process.internal.health.memory.DefaultMemoryManager] 2769969561 virtual memory requested, 0 released, 1949392896 free
2026-01-06T23:58:29.512-0500 [DEBUG] [org.gradle.process.internal.health.memory.DefaultMemoryManager] 2769969561 virtual memory requested, 1959690240 free
2026-01-06T23:58:29.512-0500 [DEBUG] [org.gradle.workers.internal.WorkerDaemonExpiration] Will attempt to release 2641 of memory
2026-01-06T23:58:29.512-0500 [DEBUG] [org.gradle.process.internal.health.memory.DefaultMemoryManager] 2769969561 virtual memory requested, 0 released, 1959690240 free
2026-01-06T23:58:30.467-0500 [DEBUG] [org.gradle.cache.internal.DefaultFileLockManager] Waiting to acquire shared lock on daemon addresses registry.
2026-01-06T23:58:30.468-0500 [DEBUG] [org.gradle.cache.internal.DefaultFileLockManager] Lock acquired on daemon addresses registry.
2026-01-06T23:58:30.468-0500 [DEBUG] [org.gradle.cache.internal.DefaultFileLockManager] Releasing lock on daemon addresses registry.
2026-01-06T23:58:30.469-0500 [DEBUG] [org.gradle.cache.internal.DefaultFileLockManager] Waiting to acquire shared lock on daemon addresses registry.
2026-01-06T23:58:30.469-0500 [DEBUG] [org.gradle.cache.internal.DefaultFileLockManager] Lock acquired on daemon addresses registry.
2026-01-06T23:58:30.469-0500 [DEBUG] [org.gradle.cache.internal.DefaultFileLockManager] Releasing lock on daemon addresses registry.
2026-01-06T23:58:30.470-0500 [DEBUG] [org.gradle.cache.internal.DefaultFileLockManager] Waiting to acquire shared lock on daemon addresses registry.
2026-01-06T23:58:30.470-0500 [DEBUG] [org.gradle.cache.internal.DefaultFileLockManager] Lock acquired on daemon addresses registry.
2026-01-06T23:58:30.470-0500 [DEBUG] [org.gradle.cache.internal.DefaultFileLockManager] Releasing lock on daemon addresses registry.
2026-01-06T23:58:34.497-0500 [DEBUG] [org.gradle.process.internal.health.memory.DefaultMemoryManager] 2769969561 virtual memory requested, 2003255296 free
2026-01-06T23:58:34.498-0500 [DEBUG] [org.gradle.workers.internal.WorkerDaemonExpiration] Will attempt to release 2641 of memory
2026-01-06T23:58:34.498-0500 [DEBUG] [org.gradle.process.internal.health.memory.DefaultMemoryManager] 2769969561 virtual memory requested, 0 released, 2003255296 free
2026-01-06T23:58:39.508-0500 [DEBUG] [org.gradle.process.internal.health.memory.DefaultMemoryManager] 2769969561 virtual memory requested, 1964007424 free
2026-01-06T23:58:39.508-0500 [DEBUG] [org.gradle.workers.internal.WorkerDaemonExpiration] Will attempt to release 2641 of memory
2026-01-06T23:58:39.508-0500 [DEBUG] [org.gradle.process.internal.health.memory.DefaultMemoryManager] 2769969561 virtual memory requested, 0 released, 1964007424 free
2026-01-06T23:58:40.469-0500 [DEBUG] [org.gradle.cache.internal.DefaultFileLockManager] Waiting to acquire shared lock on daemon addresses registry.
2026-01-06T23:58:40.469-0500 [DEBUG] [org.gradle.cache.internal.DefaultFileLockManager] Lock acquired on daemon addresses registry.
2026-01-06T23:58:40.469-0500 [DEBUG] [org.gradle.cache.internal.DefaultFileLockManager] Releasing lock on daemon addresses registry.
2026-01-06T23:58:40.470-0500 [DEBUG] [org.gradle.cache.internal.DefaultFileLockManager] Waiting to acquire shared lock on daemon addresses registry.
2026-01-06T23:58:40.470-0500 [DEBUG] [org.gradle.cache.internal.DefaultFileLockManager] Lock acquired on daemon addresses registry.
2026-01-06T23:58:40.470-0500 [DEBUG] [org.gradle.cache.internal.DefaultFileLockManager] Releasing lock on daemon addresses registry.
2026-01-06T23:58:40.470-0500 [DEBUG] [org.gradle.cache.internal.DefaultFileLockManager] Waiting to acquire shared lock on daemon addresses registry.
2026-01-06T23:58:40.471-0500 [DEBUG] [org.gradle.cache.internal.DefaultFileLockManager] Lock acquired on daemon addresses registry.
2026-01-06T23:58:40.471-0500 [DEBUG] [org.gradle.cache.internal.DefaultFileLockManager] Releasing lock on daemon addresses registry.
2026-01-06T23:58:44.503-0500 [DEBUG] [org.gradle.process.internal.health.memory.DefaultMemoryManager] 2769969561 virtual memory requested, 1985212416 free
2026-01-06T23:58:44.503-0500 [DEBUG] [org.gradle.workers.internal.WorkerDaemonExpiration] Will attempt to release 2641 of memory
2026-01-06T23:58:44.503-0500 [DEBUG] [org.gradle.process.internal.health.memory.DefaultMemoryManager] 2769969561 virtual memory requested, 0 released, 1985212416 free
2026-01-06T23:58:49.508-0500 [DEBUG] [org.gradle.process.internal.health.memory.DefaultMemoryManager] 2769969561 virtual memory requested, 2039709696 free
2026-01-06T23:58:49.508-0500 [DEBUG] [org.gradle.workers.internal.WorkerDaemonExpiration] Will attempt to release 2641 of memory
2026-01-06T23:58:49.508-0500 [DEBUG] [org.gradle.process.internal.health.memory.DefaultMemoryManager] 2769969561 virtual memory requested, 0 released, 2039709696 free
2026-01-06T23:58:50.477-0500 [DEBUG] [org.gradle.cache.internal.DefaultFileLockManager] Waiting to acquire shared lock on daemon addresses registry.
2026-01-06T23:58:50.477-0500 [DEBUG] [org.gradle.cache.internal.DefaultFileLockManager] Lock acquired on daemon addresses registry.
2026-01-06T23:58:50.478-0500 [DEBUG] [org.gradle.cache.internal.DefaultFileLockManager] Releasing lock on daemon addresses registry.
2026-01-06T23:58:50.478-0500 [DEBUG] [org.gradle.cache.internal.DefaultFileLockManager] Waiting to acquire shared lock on daemon addresses registry.
2026-01-06T23:58:50.478-0500 [DEBUG] [org.gradle.cache.internal.DefaultFileLockManager] Lock acquired on daemon addresses registry.
2026-01-06T23:58:50.479-0500 [DEBUG] [org.gradle.cache.internal.DefaultFileLockManager] Releasing lock on daemon addresses registry.
2026-01-06T23:58:50.479-0500 [DEBUG] [org.gradle.cache.internal.DefaultFileLockManager] Waiting to acquire shared lock on daemon addresses registry.
2026-01-06T23:58:50.479-0500 [DEBUG] [org.gradle.cache.internal.DefaultFileLockManager] Lock acquired on daemon addresses registry.
2026-01-06T23:58:50.480-0500 [DEBUG] [org.gradle.cache.internal.DefaultFileLockManager] Releasing lock on daemon addresses registry.
2026-01-06T23:58:54.505-0500 [DEBUG] [org.gradle.process.internal.health.memory.DefaultMemoryManager] 2769969561 virtual memory requested, 2099544064 free
2026-01-06T23:58:54.505-0500 [DEBUG] [org.gradle.workers.internal.WorkerDaemonExpiration] Will attempt to release 2641 of memory
2026-01-06T23:58:54.505-0500 [DEBUG] [org.gradle.process.internal.health.memory.DefaultMemoryManager] 2769969561 virtual memory requested, 0 released, 2099544064 free
2026-01-06T23:58:59.510-0500 [DEBUG] [org.gradle.process.internal.health.memory.DefaultMemoryManager] 2769969561 virtual memory requested, 2108534784 free
2026-01-06T23:58:59.510-0500 [DEBUG] [org.gradle.workers.internal.WorkerDaemonExpiration] Will attempt to release 2641 of memory
2026-01-06T23:58:59.510-0500 [DEBUG] [org.gradle.process.internal.health.memory.DefaultMemoryManager] 2769969561 virtual memory requested, 0 released, 2108534784 free
2026-01-06T23:59:00.479-0500 [DEBUG] [org.gradle.cache.internal.DefaultFileLockManager] Waiting to acquire shared lock on daemon addresses registry.
2026-01-06T23:59:00.480-0500 [DEBUG] [org.gradle.cache.internal.DefaultFileLockManager] Lock acquired on daemon addresses registry.
2026-01-06T23:59:00.480-0500 [DEBUG] [org.gradle.cache.internal.DefaultFileLockManager] Releasing lock on daemon addresses registry.
2026-01-06T23:59:00.481-0500 [DEBUG] [org.gradle.cache.internal.DefaultFileLockManager] Waiting to acquire shared lock on daemon addresses registry.
2026-01-06T23:59:00.481-0500 [DEBUG] [org.gradle.cache.internal.DefaultFileLockManager] Lock acquired on daemon addresses registry.
2026-01-06T23:59:00.481-0500 [DEBUG] [org.gradle.cache.internal.DefaultFileLockManager] Releasing lock on daemon addresses registry.
2026-01-06T23:59:00.482-0500 [DEBUG] [org.gradle.cache.internal.DefaultFileLockManager] Waiting to acquire shared lock on daemon addresses registry.
2026-01-06T23:59:00.482-0500 [DEBUG] [org.gradle.cache.internal.DefaultFileLockManager] Lock acquired on daemon addresses registry.
2026-01-06T23:59:00.482-0500 [DEBUG] [org.gradle.cache.internal.DefaultFileLockManager] Releasing lock on daemon addresses registry.
2026-01-06T23:59:04.502-0500 [DEBUG] [org.gradle.process.internal.health.memory.DefaultMemoryManager] 2769969561 virtual memory requested, 2099290112 free
2026-01-06T23:59:04.502-0500 [DEBUG] [org.gradle.workers.internal.WorkerDaemonExpiration] Will attempt to release 2641 of memory
2026-01-06T23:59:04.502-0500 [DEBUG] [org.gradle.process.internal.health.memory.DefaultMemoryManager] 2769969561 virtual memory requested, 0 released, 2099290112 free
2026-01-06T23:59:09.504-0500 [DEBUG] [org.gradle.process.internal.health.memory.DefaultMemoryManager] 2769969561 virtual memory requested, 2104008704 free
2026-01-06T23:59:09.504-0500 [DEBUG] [org.gradle.workers.internal.WorkerDaemonExpiration] Will attempt to release 2641 of memory
2026-01-06T23:59:09.504-0500 [DEBUG] [org.gradle.process.internal.health.memory.DefaultMemoryManager] 2769969561 virtual memory requested, 0 released, 2104008704 free
2026-01-06T23:59:10.475-0500 [DEBUG] [org.gradle.cache.internal.DefaultFileLockManager] Waiting to acquire shared lock on daemon addresses registry.
2026-01-06T23:59:10.475-0500 [DEBUG] [org.gradle.cache.internal.DefaultFileLockManager] Lock acquired on daemon addresses registry.
2026-01-06T23:59:10.475-0500 [DEBUG] [org.gradle.cache.internal.DefaultFileLockManager] Releasing lock on daemon addresses registry.
2026-01-06T23:59:10.476-0500 [DEBUG] [org.gradle.cache.internal.DefaultFileLockManager] Waiting to acquire shared lock on daemon addresses registry.
2026-01-06T23:59:10.477-0500 [DEBUG] [org.gradle.cache.internal.DefaultFileLockManager] Lock acquired on daemon addresses registry.
2026-01-06T23:59:10.477-0500 [DEBUG] [org.gradle.cache.internal.DefaultFileLockManager] Releasing lock on daemon addresses registry.
2026-01-06T23:59:10.477-0500 [DEBUG] [org.gradle.cache.internal.DefaultFileLockManager] Waiting to acquire shared lock on daemon addresses registry.
2026-01-06T23:59:10.477-0500 [DEBUG] [org.gradle.cache.internal.DefaultFileLockManager] Lock acquired on daemon addresses registry.
2026-01-06T23:59:10.478-0500 [DEBUG] [org.gradle.cache.internal.DefaultFileLockManager] Releasing lock on daemon addresses registry.
2026-01-06T23:59:14.506-0500 [DEBUG] [org.gradle.process.internal.health.memory.DefaultMemoryManager] 2769969561 virtual memory requested, 2106195968 free
2026-01-06T23:59:14.506-0500 [DEBUG] [org.gradle.workers.internal.WorkerDaemonExpiration] Will attempt to release 2641 of memory
2026-01-06T23:59:14.506-0500 [DEBUG] [org.gradle.process.internal.health.memory.DefaultMemoryManager] 2769969561 virtual memory requested, 0 released, 2106195968 free
2026-01-06T23:59:19.507-0500 [DEBUG] [org.gradle.process.internal.health.memory.DefaultMemoryManager] 2769969561 virtual memory requested, 2108911616 free
2026-01-06T23:59:19.507-0500 [DEBUG] [org.gradle.workers.internal.WorkerDaemonExpiration] Will attempt to release 2641 of memory
2026-01-06T23:59:19.507-0500 [DEBUG] [org.gradle.process.internal.health.memory.DefaultMemoryManager] 2769969561 virtual memory requested, 0 released, 2108911616 free
2026-01-06T23:59:20.475-0500 [DEBUG] [org.gradle.cache.internal.DefaultFileLockManager] Waiting to acquire shared lock on daemon addresses registry.
2026-01-06T23:59:20.475-0500 [DEBUG] [org.gradle.cache.internal.DefaultFileLockManager] Lock acquired on daemon addresses registry.
2026-01-06T23:59:20.475-0500 [DEBUG] [org.gradle.cache.internal.DefaultFileLockManager] Releasing lock on daemon addresses registry.
2026-01-06T23:59:20.476-0500 [DEBUG] [org.gradle.cache.internal.DefaultFileLockManager] Waiting to acquire shared lock on daemon addresses registry.
2026-01-06T23:59:20.476-0500 [DEBUG] [org.gradle.cache.internal.DefaultFileLockManager] Lock acquired on daemon addresses registry.
2026-01-06T23:59:20.476-0500 [DEBUG] [org.gradle.cache.internal.DefaultFileLockManager] Releasing lock on daemon addresses registry.
2026-01-06T23:59:20.477-0500 [DEBUG] [org.gradle.cache.internal.DefaultFileLockManager] Waiting to acquire shared lock on daemon addresses registry.
2026-01-06T23:59:20.477-0500 [DEBUG] [org.gradle.cache.internal.DefaultFileLockManager] Lock acquired on daemon addresses registry.
2026-01-06T23:59:20.477-0500 [DEBUG] [org.gradle.cache.internal.DefaultFileLockManager] Releasing lock on daemon addresses registry.
2026-01-06T23:59:24.505-0500 [DEBUG] [org.gradle.process.internal.health.memory.DefaultMemoryManager] 2769969561 virtual memory requested, 2107293696 free
2026-01-06T23:59:24.505-0500 [DEBUG] [org.gradle.workers.internal.WorkerDaemonExpiration] Will attempt to release 2641 of memory
2026-01-06T23:59:24.505-0500 [DEBUG] [org.gradle.process.internal.health.memory.DefaultMemoryManager] 2769969561 virtual memory requested, 0 released, 2107293696 free
2026-01-06T23:59:29.512-0500 [DEBUG] [org.gradle.process.internal.health.memory.DefaultMemoryManager] 2769969561 virtual memory requested, 2033217536 free
2026-01-06T23:59:29.512-0500 [DEBUG] [org.gradle.workers.internal.WorkerDaemonExpiration] Will attempt to release 2641 of memory
2026-01-06T23:59:29.512-0500 [DEBUG] [org.gradle.process.internal.health.memory.DefaultMemoryManager] 2769969561 virtual memory requested, 0 released, 2033217536 free
2026-01-06T23:59:30.481-0500 [DEBUG] [org.gradle.cache.internal.DefaultFileLockManager] Waiting to acquire shared lock on daemon addresses registry.
2026-01-06T23:59:30.481-0500 [DEBUG] [org.gradle.cache.internal.DefaultFileLockManager] Lock acquired on daemon addresses registry.
2026-01-06T23:59:30.481-0500 [DEBUG] [org.gradle.cache.internal.DefaultFileLockManager] Releasing lock on daemon addresses registry.
2026-01-06T23:59:30.482-0500 [DEBUG] [org.gradle.cache.internal.DefaultFileLockManager] Waiting to acquire shared lock on daemon addresses registry.
2026-01-06T23:59:30.482-0500 [DEBUG] [org.gradle.cache.internal.DefaultFileLockManager] Lock acquired on daemon addresses registry.
2026-01-06T23:59:30.482-0500 [DEBUG] [org.gradle.cache.internal.DefaultFileLockManager] Releasing lock on daemon addresses registry.
2026-01-06T23:59:30.483-0500 [DEBUG] [org.gradle.cache.internal.DefaultFileLockManager] Waiting to acquire shared lock on daemon addresses registry.
2026-01-06T23:59:30.483-0500 [DEBUG] [org.gradle.cache.internal.DefaultFileLockManager] Lock acquired on daemon addresses registry.
2026-01-06T23:59:30.483-0500 [DEBUG] [org.gradle.cache.internal.DefaultFileLockManager] Releasing lock on daemon addresses registry.
2026-01-06T23:59:34.506-0500 [DEBUG] [org.gradle.process.internal.health.memory.DefaultMemoryManager] 2769969561 virtual memory requested, 2040713216 free
2026-01-06T23:59:34.507-0500 [DEBUG] [org.gradle.workers.internal.WorkerDaemonExpiration] Will attempt to release 2641 of memory
2026-01-06T23:59:34.507-0500 [DEBUG] [org.gradle.process.internal.health.memory.DefaultMemoryManager] 2769969561 virtual memory requested, 0 released, 2040713216 free
2026-01-06T23:59:39.505-0500 [DEBUG] [org.gradle.process.internal.health.memory.DefaultMemoryManager] 2769969561 virtual memory requested, 2028519424 free
2026-01-06T23:59:39.505-0500 [DEBUG] [org.gradle.workers.internal.WorkerDaemonExpiration] Will attempt to release 2641 of memory
2026-01-06T23:59:39.505-0500 [DEBUG] [org.gradle.process.internal.health.memory.DefaultMemoryManager] 2769969561 virtual memory requested, 0 released, 2028519424 free
2026-01-06T23:59:40.470-0500 [DEBUG] [org.gradle.cache.internal.DefaultFileLockManager] Waiting to acquire shared lock on daemon addresses registry.
2026-01-06T23:59:40.471-0500 [DEBUG] [org.gradle.cache.internal.DefaultFileLockManager] Lock acquired on daemon addresses registry.
2026-01-06T23:59:40.471-0500 [DEBUG] [org.gradle.cache.internal.DefaultFileLockManager] Releasing lock on daemon addresses registry.
2026-01-06T23:59:40.472-0500 [DEBUG] [org.gradle.cache.internal.DefaultFileLockManager] Waiting to acquire shared lock on daemon addresses registry.
2026-01-06T23:59:40.472-0500 [DEBUG] [org.gradle.cache.internal.DefaultFileLockManager] Lock acquired on daemon addresses registry.
2026-01-06T23:59:40.472-0500 [DEBUG] [org.gradle.cache.internal.DefaultFileLockManager] Releasing lock on daemon addresses registry.
2026-01-06T23:59:40.473-0500 [DEBUG] [org.gradle.cache.internal.DefaultFileLockManager] Waiting to acquire shared lock on daemon addresses registry.
2026-01-06T23:59:40.473-0500 [DEBUG] [org.gradle.cache.internal.DefaultFileLockManager] Lock acquired on daemon addresses registry.
2026-01-06T23:59:40.473-0500 [DEBUG] [org.gradle.cache.internal.DefaultFileLockManager] Releasing lock on daemon addresses registry.
2026-01-06T23:59:44.506-0500 [DEBUG] [org.gradle.process.internal.health.memory.DefaultMemoryManager] 2769969561 virtual memory requested, 2012602368 free
2026-01-06T23:59:44.506-0500 [DEBUG] [org.gradle.workers.internal.WorkerDaemonExpiration] Will attempt to release 2641 of memory
2026-01-06T23:59:44.506-0500 [DEBUG] [org.gradle.process.internal.health.memory.DefaultMemoryManager] 2769969561 virtual memory requested, 0 released, 2012602368 free
2026-01-06T23:59:49.508-0500 [DEBUG] [org.gradle.process.internal.health.memory.DefaultMemoryManager] 2769969561 virtual memory requested, 1991602176 free
2026-01-06T23:59:49.509-0500 [DEBUG] [org.gradle.workers.internal.WorkerDaemonExpiration] Will attempt to release 2641 of memory
2026-01-06T23:59:49.509-0500 [DEBUG] [org.gradle.process.internal.health.memory.DefaultMemoryManager] 2769969561 virtual memory requested, 0 released, 1991602176 free
2026-01-06T23:59:50.476-0500 [DEBUG] [org.gradle.cache.internal.DefaultFileLockManager] Waiting to acquire shared lock on daemon addresses registry.
2026-01-06T23:59:50.476-0500 [DEBUG] [org.gradle.cache.internal.DefaultFileLockManager] Lock acquired on daemon addresses registry.
2026-01-06T23:59:50.476-0500 [DEBUG] [org.gradle.cache.internal.DefaultFileLockManager] Releasing lock on daemon addresses registry.
2026-01-06T23:59:50.477-0500 [DEBUG] [org.gradle.cache.internal.DefaultFileLockManager] Waiting to acquire shared lock on daemon addresses registry.
2026-01-06T23:59:50.477-0500 [DEBUG] [org.gradle.cache.internal.DefaultFileLockManager] Lock acquired on daemon addresses registry.
2026-01-06T23:59:50.477-0500 [DEBUG] [org.gradle.cache.internal.DefaultFileLockManager] Releasing lock on daemon addresses registry.
2026-01-06T23:59:50.478-0500 [DEBUG] [org.gradle.cache.internal.DefaultFileLockManager] Waiting to acquire shared lock on daemon addresses registry.
2026-01-06T23:59:50.478-0500 [DEBUG] [org.gradle.cache.internal.DefaultFileLockManager] Lock acquired on daemon addresses registry.
2026-01-06T23:59:50.478-0500 [DEBUG] [org.gradle.cache.internal.DefaultFileLockManager] Releasing lock on daemon addresses registry.
2026-01-06T23:59:54.517-0500 [DEBUG] [org.gradle.process.internal.health.memory.DefaultMemoryManager] 2769969561 virtual memory requested, 1959944192 free
2026-01-06T23:59:54.517-0500 [DEBUG] [org.gradle.workers.internal.WorkerDaemonExpiration] Will attempt to release 2641 of memory
2026-01-06T23:59:54.517-0500 [DEBUG] [org.gradle.process.internal.health.memory.DefaultMemoryManager] 2769969561 virtual memory requested, 0 released, 1959944192 free
2026-01-06T23:59:59.504-0500 [DEBUG] [org.gradle.process.internal.health.memory.DefaultMemoryManager] 2769969561 virtual memory requested, 1887440896 free
2026-01-06T23:59:59.504-0500 [DEBUG] [org.gradle.workers.internal.WorkerDaemonExpiration] Will attempt to release 2641 of memory
2026-01-06T23:59:59.504-0500 [DEBUG] [org.gradle.process.internal.health.memory.DefaultMemoryManager] 2769969561 virtual memory requested, 0 released, 1887440896 free
2026-01-07T00:00:00.478-0500 [DEBUG] [org.gradle.cache.internal.DefaultFileLockManager] Waiting to acquire shared lock on daemon addresses registry.
2026-01-07T00:00:00.478-0500 [DEBUG] [org.gradle.cache.internal.DefaultFileLockManager] Lock acquired on daemon addresses registry.
2026-01-07T00:00:00.479-0500 [DEBUG] [org.gradle.cache.internal.DefaultFileLockManager] Releasing lock on daemon addresses registry.
2026-01-07T00:00:00.480-0500 [DEBUG] [org.gradle.cache.internal.DefaultFileLockManager] Waiting to acquire shared lock on daemon addresses registry.
2026-01-07T00:00:00.480-0500 [DEBUG] [org.gradle.cache.internal.DefaultFileLockManager] Lock acquired on daemon addresses registry.
2026-01-07T00:00:00.480-0500 [DEBUG] [org.gradle.cache.internal.DefaultFileLockManager] Releasing lock on daemon addresses registry.
2026-01-07T00:00:00.481-0500 [DEBUG] [org.gradle.cache.internal.DefaultFileLockManager] Waiting to acquire shared lock on daemon addresses registry.
2026-01-07T00:00:00.481-0500 [DEBUG] [org.gradle.cache.internal.DefaultFileLockManager] Lock acquired on daemon addresses registry.
2026-01-07T00:00:00.481-0500 [DEBUG] [org.gradle.cache.internal.DefaultFileLockManager] Releasing lock on daemon addresses registry.
2026-01-07T00:00:04.508-0500 [DEBUG] [org.gradle.process.internal.health.memory.DefaultMemoryManager] 2769969561 virtual memory requested, 2041593856 free
2026-01-07T00:00:04.509-0500 [DEBUG] [org.gradle.workers.internal.WorkerDaemonExpiration] Will attempt to release 2641 of memory
2026-01-07T00:00:04.509-0500 [DEBUG] [org.gradle.process.internal.health.memory.DefaultMemoryManager] 2769969561 virtual memory requested, 0 released, 2041593856 free
2026-01-07T00:00:09.518-0500 [DEBUG] [org.gradle.process.internal.health.memory.DefaultMemoryManager] 2769969561 virtual memory requested, 2053316608 free
2026-01-07T00:00:09.518-0500 [DEBUG] [org.gradle.workers.internal.WorkerDaemonExpiration] Will attempt to release 2641 of memory
2026-01-07T00:00:09.518-0500 [DEBUG] [org.gradle.process.internal.health.memory.DefaultMemoryManager] 2769969561 virtual memory requested, 0 released, 2053316608 free
2026-01-07T00:00:10.471-0500 [DEBUG] [org.gradle.cache.internal.DefaultFileLockManager] Waiting to acquire shared lock on daemon addresses registry.
2026-01-07T00:00:10.472-0500 [DEBUG] [org.gradle.cache.internal.DefaultFileLockManager] Lock acquired on daemon addresses registry.
2026-01-07T00:00:10.472-0500 [DEBUG] [org.gradle.cache.internal.DefaultFileLockManager] Releasing lock on daemon addresses registry.
2026-01-07T00:00:10.473-0500 [DEBUG] [org.gradle.cache.internal.DefaultFileLockManager] Waiting to acquire shared lock on daemon addresses registry.
2026-01-07T00:00:10.473-0500 [DEBUG] [org.gradle.cache.internal.DefaultFileLockManager] Lock acquired on daemon addresses registry.
2026-01-07T00:00:10.473-0500 [DEBUG] [org.gradle.cache.internal.DefaultFileLockManager] Releasing lock on daemon addresses registry.
2026-01-07T00:00:10.474-0500 [DEBUG] [org.gradle.cache.internal.DefaultFileLockManager] Waiting to acquire shared lock on daemon addresses registry.
2026-01-07T00:00:10.474-0500 [DEBUG] [org.gradle.cache.internal.DefaultFileLockManager] Lock acquired on daemon addresses registry.
2026-01-07T00:00:10.474-0500 [DEBUG] [org.gradle.cache.internal.DefaultFileLockManager] Releasing lock on daemon addresses registry.
2026-01-07T00:00:14.508-0500 [DEBUG] [org.gradle.process.internal.health.memory.DefaultMemoryManager] 2769969561 virtual memory requested, 2026979328 free
2026-01-07T00:00:14.508-0500 [DEBUG] [org.gradle.workers.internal.WorkerDaemonExpiration] Will attempt to release 2641 of memory
2026-01-07T00:00:14.508-0500 [DEBUG] [org.gradle.process.internal.health.memory.DefaultMemoryManager] 2769969561 virtual memory requested, 0 released, 2026979328 free
2026-01-07T00:00:19.515-0500 [DEBUG] [org.gradle.process.internal.health.memory.DefaultMemoryManager] 2769969561 virtual memory requested, 2063036416 free
2026-01-07T00:00:19.515-0500 [DEBUG] [org.gradle.workers.internal.WorkerDaemonExpiration] Will attempt to release 2641 of memory
2026-01-07T00:00:19.515-0500 [DEBUG] [org.gradle.process.internal.health.memory.DefaultMemoryManager] 2769969561 virtual memory requested, 0 released, 2063036416 free
2026-01-07T00:00:20.475-0500 [DEBUG] [org.gradle.cache.internal.DefaultFileLockManager] Waiting to acquire shared lock on daemon addresses registry.
2026-01-07T00:00:20.475-0500 [DEBUG] [org.gradle.cache.internal.DefaultFileLockManager] Lock acquired on daemon addresses registry.
2026-01-07T00:00:20.475-0500 [DEBUG] [org.gradle.cache.internal.DefaultFileLockManager] Releasing lock on daemon addresses registry.
2026-01-07T00:00:20.476-0500 [DEBUG] [org.gradle.cache.internal.DefaultFileLockManager] Waiting to acquire shared lock on daemon addresses registry.
2026-01-07T00:00:20.476-0500 [DEBUG] [org.gradle.cache.internal.DefaultFileLockManager] Lock acquired on daemon addresses registry.
2026-01-07T00:00:20.476-0500 [DEBUG] [org.gradle.cache.internal.DefaultFileLockManager] Releasing lock on daemon addresses registry.
2026-01-07T00:00:20.477-0500 [DEBUG] [org.gradle.cache.internal.DefaultFileLockManager] Waiting to acquire shared lock on daemon addresses registry.
2026-01-07T00:00:20.477-0500 [DEBUG] [org.gradle.cache.internal.DefaultFileLockManager] Lock acquired on daemon addresses registry.
2026-01-07T00:00:20.477-0500 [DEBUG] [org.gradle.cache.internal.DefaultFileLockManager] Releasing lock on daemon addresses registry.
2026-01-07T00:00:24.518-0500 [DEBUG] [org.gradle.process.internal.health.memory.DefaultMemoryManager] 2769969561 virtual memory requested, 2015358976 free
2026-01-07T00:00:24.518-0500 [DEBUG] [org.gradle.workers.internal.WorkerDaemonExpiration] Will attempt to release 2641 of memory
2026-01-07T00:00:24.518-0500 [DEBUG] [org.gradle.process.internal.health.memory.DefaultMemoryManager] 2769969561 virtual memory requested, 0 released, 2015358976 free
2026-01-07T00:00:29.519-0500 [DEBUG] [org.gradle.process.internal.health.memory.DefaultMemoryManager] 2769969561 virtual memory requested, 2035769344 free
2026-01-07T00:00:29.519-0500 [DEBUG] [org.gradle.workers.internal.WorkerDaemonExpiration] Will attempt to release 2641 of memory
2026-01-07T00:00:29.519-0500 [DEBUG] [org.gradle.process.internal.health.memory.DefaultMemoryManager] 2769969561 virtual memory requested, 0 released, 2035769344 free
2026-01-07T00:00:30.486-0500 [DEBUG] [org.gradle.cache.internal.DefaultFileLockManager] Waiting to acquire shared lock on daemon addresses registry.
2026-01-07T00:00:30.486-0500 [DEBUG] [org.gradle.cache.internal.DefaultFileLockManager] Lock acquired on daemon addresses registry.
2026-01-07T00:00:30.486-0500 [DEBUG] [org.gradle.cache.internal.DefaultFileLockManager] Releasing lock on daemon addresses registry.
2026-01-07T00:00:30.487-0500 [DEBUG] [org.gradle.cache.internal.DefaultFileLockManager] Waiting to acquire shared lock on daemon addresses registry.
2026-01-07T00:00:30.487-0500 [DEBUG] [org.gradle.cache.internal.DefaultFileLockManager] Lock acquired on daemon addresses registry.
2026-01-07T00:00:30.488-0500 [DEBUG] [org.gradle.cache.internal.DefaultFileLockManager] Releasing lock on daemon addresses registry.
2026-01-07T00:00:30.488-0500 [DEBUG] [org.gradle.cache.internal.DefaultFileLockManager] Waiting to acquire shared lock on daemon addresses registry.
2026-01-07T00:00:30.488-0500 [DEBUG] [org.gradle.cache.internal.DefaultFileLockManager] Lock acquired on daemon addresses registry.
2026-01-07T00:00:30.488-0500 [DEBUG] [org.gradle.cache.internal.DefaultFileLockManager] Releasing lock on daemon addresses registry.
2026-01-07T00:00:34.513-0500 [DEBUG] [org.gradle.process.internal.health.memory.DefaultMemoryManager] 2769969561 virtual memory requested, 2042392576 free
2026-01-07T00:00:34.513-0500 [DEBUG] [org.gradle.workers.internal.WorkerDaemonExpiration] Will attempt to release 2641 of memory
2026-01-07T00:00:34.513-0500 [DEBUG] [org.gradle.process.internal.health.memory.DefaultMemoryManager] 2769969561 virtual memory requested, 0 released, 2042392576 free
2026-01-07T00:00:39.515-0500 [DEBUG] [org.gradle.process.internal.health.memory.DefaultMemoryManager] 2769969561 virtual memory requested, 2034229248 free
2026-01-07T00:00:39.515-0500 [DEBUG] [org.gradle.workers.internal.WorkerDaemonExpiration] Will attempt to release 2641 of memory
2026-01-07T00:00:39.515-0500 [DEBUG] [org.gradle.process.internal.health.memory.DefaultMemoryManager] 2769969561 virtual memory requested, 0 released, 2034229248 free
2026-01-07T00:00:40.476-0500 [DEBUG] [org.gradle.cache.internal.DefaultFileLockManager] Waiting to acquire shared lock on daemon addresses registry.
2026-01-07T00:00:40.477-0500 [DEBUG] [org.gradle.cache.internal.DefaultFileLockManager] Lock acquired on daemon addresses registry.
2026-01-07T00:00:40.477-0500 [DEBUG] [org.gradle.cache.internal.DefaultFileLockManager] Releasing lock on daemon addresses registry.
2026-01-07T00:00:40.478-0500 [DEBUG] [org.gradle.cache.internal.DefaultFileLockManager] Waiting to acquire shared lock on daemon addresses registry.
2026-01-07T00:00:40.478-0500 [DEBUG] [org.gradle.cache.internal.DefaultFileLockManager] Lock acquired on daemon addresses registry.
2026-01-07T00:00:40.478-0500 [DEBUG] [org.gradle.cache.internal.DefaultFileLockManager] Releasing lock on daemon addresses registry.
2026-01-07T00:00:40.478-0500 [DEBUG] [org.gradle.cache.internal.DefaultFileLockManager] Waiting to acquire shared lock on daemon addresses registry.
2026-01-07T00:00:40.478-0500 [DEBUG] [org.gradle.cache.internal.DefaultFileLockManager] Lock acquired on daemon addresses registry.
2026-01-07T00:00:40.478-0500 [DEBUG] [org.gradle.cache.internal.DefaultFileLockManager] Releasing lock on daemon addresses registry.
2026-01-07T00:00:44.517-0500 [DEBUG] [org.gradle.process.internal.health.memory.DefaultMemoryManager] 2769969561 virtual memory requested, 2044002304 free
2026-01-07T00:00:44.517-0500 [DEBUG] [org.gradle.workers.internal.WorkerDaemonExpiration] Will attempt to release 2641 of memory
2026-01-07T00:00:44.517-0500 [DEBUG] [org.gradle.process.internal.health.memory.DefaultMemoryManager] 2769969561 virtual memory requested, 0 released, 2044002304 free
2026-01-07T00:00:49.520-0500 [DEBUG] [org.gradle.process.internal.health.memory.DefaultMemoryManager] 2769969561 virtual memory requested, 1891459072 free
2026-01-07T00:00:49.520-0500 [DEBUG] [org.gradle.workers.internal.WorkerDaemonExpiration] Will attempt to release 2641 of memory
2026-01-07T00:00:49.521-0500 [DEBUG] [org.gradle.process.internal.health.memory.DefaultMemoryManager] 2769969561 virtual memory requested, 0 released, 1891459072 free
2026-01-07T00:00:50.485-0500 [DEBUG] [org.gradle.cache.internal.DefaultFileLockManager] Waiting to acquire shared lock on daemon addresses registry.
2026-01-07T00:00:50.486-0500 [DEBUG] [org.gradle.cache.internal.DefaultFileLockManager] Lock acquired on daemon addresses registry.
2026-01-07T00:00:50.486-0500 [DEBUG] [org.gradle.cache.internal.DefaultFileLockManager] Releasing lock on daemon addresses registry.
2026-01-07T00:00:50.487-0500 [DEBUG] [org.gradle.cache.internal.DefaultFileLockManager] Waiting to acquire shared lock on daemon addresses registry.
2026-01-07T00:00:50.487-0500 [DEBUG] [org.gradle.cache.internal.DefaultFileLockManager] Lock acquired on daemon addresses registry.
2026-01-07T00:00:50.487-0500 [DEBUG] [org.gradle.cache.internal.DefaultFileLockManager] Releasing lock on daemon addresses registry.
2026-01-07T00:00:50.488-0500 [DEBUG] [org.gradle.cache.internal.DefaultFileLockManager] Waiting to acquire shared lock on daemon addresses registry.
2026-01-07T00:00:50.488-0500 [DEBUG] [org.gradle.cache.internal.DefaultFileLockManager] Lock acquired on daemon addresses registry.
2026-01-07T00:00:50.488-0500 [DEBUG] [org.gradle.cache.internal.DefaultFileLockManager] Releasing lock on daemon addresses registry.
2026-01-07T00:00:54.511-0500 [DEBUG] [org.gradle.process.internal.health.memory.DefaultMemoryManager] 2769969561 virtual memory requested, 1803735040 free
2026-01-07T00:00:54.511-0500 [DEBUG] [org.gradle.workers.internal.WorkerDaemonExpiration] Will attempt to release 2641 of memory
2026-01-07T00:00:54.511-0500 [DEBUG] [org.gradle.process.internal.health.memory.DefaultMemoryManager] 2769969561 virtual memory requested, 0 released, 1803735040 free
2026-01-07T00:00:59.513-0500 [DEBUG] [org.gradle.process.internal.health.memory.DefaultMemoryManager] 2769969561 virtual memory requested, 1817337856 free
2026-01-07T00:00:59.513-0500 [DEBUG] [org.gradle.workers.internal.WorkerDaemonExpiration] Will attempt to release 2641 of memory
2026-01-07T00:00:59.513-0500 [DEBUG] [org.gradle.process.internal.health.memory.DefaultMemoryManager] 2769969561 virtual memory requested, 0 released, 1817337856 free
2026-01-07T00:01:00.488-0500 [DEBUG] [org.gradle.cache.internal.DefaultFileLockManager] Waiting to acquire shared lock on daemon addresses registry.
2026-01-07T00:01:00.488-0500 [DEBUG] [org.gradle.cache.internal.DefaultFileLockManager] Lock acquired on daemon addresses registry.
2026-01-07T00:01:00.488-0500 [DEBUG] [org.gradle.cache.internal.DefaultFileLockManager] Releasing lock on daemon addresses registry.
2026-01-07T00:01:00.488-0500 [DEBUG] [org.gradle.cache.internal.DefaultFileLockManager] Waiting to acquire shared lock on daemon addresses registry.
2026-01-07T00:01:00.488-0500 [DEBUG] [org.gradle.cache.internal.DefaultFileLockManager] Lock acquired on daemon addresses registry.
2026-01-07T00:01:00.489-0500 [DEBUG] [org.gradle.cache.internal.DefaultFileLockManager] Releasing lock on daemon addresses registry.
2026-01-07T00:01:00.489-0500 [DEBUG] [org.gradle.cache.internal.DefaultFileLockManager] Waiting to acquire shared lock on daemon addresses registry.
2026-01-07T00:01:00.489-0500 [DEBUG] [org.gradle.cache.internal.DefaultFileLockManager] Lock acquired on daemon addresses registry.
2026-01-07T00:01:00.489-0500 [DEBUG] [org.gradle.cache.internal.DefaultFileLockManager] Releasing lock on daemon addresses registry.
2026-01-07T00:01:04.519-0500 [DEBUG] [org.gradle.process.internal.health.memory.DefaultMemoryManager] 2769969561 virtual memory requested, 1902792704 free
2026-01-07T00:01:04.519-0500 [DEBUG] [org.gradle.workers.internal.WorkerDaemonExpiration] Will attempt to release 2641 of memory
2026-01-07T00:01:04.519-0500 [DEBUG] [org.gradle.process.internal.health.memory.DefaultMemoryManager] 2769969561 virtual memory requested, 0 released, 1902792704 free
2026-01-07T00:01:09.515-0500 [DEBUG] [org.gradle.process.internal.health.memory.DefaultMemoryManager] 2769969561 virtual memory requested, 1904349184 free
2026-01-07T00:01:09.515-0500 [DEBUG] [org.gradle.workers.internal.WorkerDaemonExpiration] Will attempt to release 2641 of memory
2026-01-07T00:01:09.515-0500 [DEBUG] [org.gradle.process.internal.health.memory.DefaultMemoryManager] 2769969561 virtual memory requested, 0 released, 1904349184 free
2026-01-07T00:01:10.483-0500 [DEBUG] [org.gradle.cache.internal.DefaultFileLockManager] Waiting to acquire shared lock on daemon addresses registry.
2026-01-07T00:01:10.483-0500 [DEBUG] [org.gradle.cache.internal.DefaultFileLockManager] Lock acquired on daemon addresses registry.
2026-01-07T00:01:10.483-0500 [DEBUG] [org.gradle.cache.internal.DefaultFileLockManager] Releasing lock on daemon addresses registry.
2026-01-07T00:01:10.484-0500 [DEBUG] [org.gradle.cache.internal.DefaultFileLockManager] Waiting to acquire shared lock on daemon addresses registry.
2026-01-07T00:01:10.484-0500 [DEBUG] [org.gradle.cache.internal.DefaultFileLockManager] Lock acquired on daemon addresses registry.
2026-01-07T00:01:10.484-0500 [DEBUG] [org.gradle.cache.internal.DefaultFileLockManager] Releasing lock on daemon addresses registry.
2026-01-07T00:01:10.485-0500 [DEBUG] [org.gradle.cache.internal.DefaultFileLockManager] Waiting to acquire shared lock on daemon addresses registry.
2026-01-07T00:01:10.485-0500 [DEBUG] [org.gradle.cache.internal.DefaultFileLockManager] Lock acquired on daemon addresses registry.
2026-01-07T00:01:10.485-0500 [DEBUG] [org.gradle.cache.internal.DefaultFileLockManager] Releasing lock on daemon addresses registry.
2026-01-07T00:01:14.515-0500 [DEBUG] [org.gradle.process.internal.health.memory.DefaultMemoryManager] 2769969561 virtual memory requested, 1907310592 free
2026-01-07T00:01:14.516-0500 [DEBUG] [org.gradle.workers.internal.WorkerDaemonExpiration] Will attempt to release 2641 of memory
2026-01-07T00:01:14.516-0500 [DEBUG] [org.gradle.process.internal.health.memory.DefaultMemoryManager] 2769969561 virtual memory requested, 0 released, 1907310592 free
2026-01-07T00:01:19.521-0500 [DEBUG] [org.gradle.process.internal.health.memory.DefaultMemoryManager] 2769969561 virtual memory requested, 1907482624 free
2026-01-07T00:01:19.521-0500 [DEBUG] [org.gradle.workers.internal.WorkerDaemonExpiration] Will attempt to release 2641 of memory
2026-01-07T00:01:19.521-0500 [DEBUG] [org.gradle.process.internal.health.memory.DefaultMemoryManager] 2769969561 virtual memory requested, 0 released, 1907482624 free
2026-01-07T00:01:20.484-0500 [DEBUG] [org.gradle.cache.internal.DefaultFileLockManager] Waiting to acquire shared lock on daemon addresses registry.
2026-01-07T00:01:20.484-0500 [DEBUG] [org.gradle.cache.internal.DefaultFileLockManager] Lock acquired on daemon addresses registry.
2026-01-07T00:01:20.484-0500 [DEBUG] [org.gradle.cache.internal.DefaultFileLockManager] Releasing lock on daemon addresses registry.
2026-01-07T00:01:20.485-0500 [DEBUG] [org.gradle.cache.internal.DefaultFileLockManager] Waiting to acquire shared lock on daemon addresses registry.
2026-01-07T00:01:20.485-0500 [DEBUG] [org.gradle.cache.internal.DefaultFileLockManager] Lock acquired on daemon addresses registry.
2026-01-07T00:01:20.485-0500 [DEBUG] [org.gradle.cache.internal.DefaultFileLockManager] Releasing lock on daemon addresses registry.
2026-01-07T00:01:20.485-0500 [DEBUG] [org.gradle.cache.internal.DefaultFileLockManager] Waiting to acquire shared lock on daemon addresses registry.
2026-01-07T00:01:20.485-0500 [DEBUG] [org.gradle.cache.internal.DefaultFileLockManager] Lock acquired on daemon addresses registry.
2026-01-07T00:01:20.485-0500 [DEBUG] [org.gradle.cache.internal.DefaultFileLockManager] Releasing lock on daemon addresses registry.
2026-01-07T00:01:24.523-0500 [DEBUG] [org.gradle.process.internal.health.memory.DefaultMemoryManager] 2769969561 virtual memory requested, 1894555648 free
2026-01-07T00:01:24.523-0500 [DEBUG] [org.gradle.workers.internal.WorkerDaemonExpiration] Will attempt to release 2641 of memory
2026-01-07T00:01:24.523-0500 [DEBUG] [org.gradle.process.internal.health.memory.DefaultMemoryManager] 2769969561 virtual memory requested, 0 released, 1894555648 free
2026-01-07T00:01:29.519-0500 [DEBUG] [org.gradle.process.internal.health.memory.DefaultMemoryManager] 2769969561 virtual memory requested, 1899765760 free
2026-01-07T00:01:29.519-0500 [DEBUG] [org.gradle.workers.internal.WorkerDaemonExpiration] Will attempt to release 2641 of memory
2026-01-07T00:01:29.519-0500 [DEBUG] [org.gradle.process.internal.health.memory.DefaultMemoryManager] 2769969561 virtual memory requested, 0 released, 1899765760 free
2026-01-07T00:01:30.486-0500 [DEBUG] [org.gradle.cache.internal.DefaultFileLockManager] Waiting to acquire shared lock on daemon addresses registry.
2026-01-07T00:01:30.486-0500 [DEBUG] [org.gradle.cache.internal.DefaultFileLockManager] Lock acquired on daemon addresses registry.
2026-01-07T00:01:30.486-0500 [DEBUG] [org.gradle.cache.internal.DefaultFileLockManager] Releasing lock on daemon addresses registry.
2026-01-07T00:01:30.487-0500 [DEBUG] [org.gradle.cache.internal.DefaultFileLockManager] Waiting to acquire shared lock on daemon addresses registry.
2026-01-07T00:01:30.487-0500 [DEBUG] [org.gradle.cache.internal.DefaultFileLockManager] Lock acquired on daemon addresses registry.
2026-01-07T00:01:30.487-0500 [DEBUG] [org.gradle.cache.internal.DefaultFileLockManager] Releasing lock on daemon addresses registry.
2026-01-07T00:01:30.487-0500 [DEBUG] [org.gradle.cache.internal.DefaultFileLockManager] Waiting to acquire shared lock on daemon addresses registry.
2026-01-07T00:01:30.488-0500 [DEBUG] [org.gradle.cache.internal.DefaultFileLockManager] Lock acquired on daemon addresses registry.
2026-01-07T00:01:30.488-0500 [DEBUG] [org.gradle.cache.internal.DefaultFileLockManager] Releasing lock on daemon addresses registry.
2026-01-07T00:01:34.520-0500 [DEBUG] [org.gradle.process.internal.health.memory.DefaultMemoryManager] 2769969561 virtual memory requested, 1896095744 free
2026-01-07T00:01:34.521-0500 [DEBUG] [org.gradle.workers.internal.WorkerDaemonExpiration] Will attempt to release 2641 of memory
2026-01-07T00:01:34.521-0500 [DEBUG] [org.gradle.process.internal.health.memory.DefaultMemoryManager] 2769969561 virtual memory requested, 0 released, 1896095744 free
2026-01-07T00:01:39.514-0500 [DEBUG] [org.gradle.process.internal.health.memory.DefaultMemoryManager] 2769969561 virtual memory requested, 1903087616 free
2026-01-07T00:01:39.515-0500 [DEBUG] [org.gradle.workers.internal.WorkerDaemonExpiration] Will attempt to release 2641 of memory
2026-01-07T00:01:39.515-0500 [DEBUG] [org.gradle.process.internal.health.memory.DefaultMemoryManager] 2769969561 virtual memory requested, 0 released, 1903087616 free
2026-01-07T00:01:40.478-0500 [DEBUG] [org.gradle.cache.internal.DefaultFileLockManager] Waiting to acquire shared lock on daemon addresses registry.
2026-01-07T00:01:40.478-0500 [DEBUG] [org.gradle.cache.internal.DefaultFileLockManager] Lock acquired on daemon addresses registry.
2026-01-07T00:01:40.479-0500 [DEBUG] [org.gradle.cache.internal.DefaultFileLockManager] Releasing lock on daemon addresses registry.
2026-01-07T00:01:40.479-0500 [DEBUG] [org.gradle.cache.internal.DefaultFileLockManager] Waiting to acquire shared lock on daemon addresses registry.
2026-01-07T00:01:40.479-0500 [DEBUG] [org.gradle.cache.internal.DefaultFileLockManager] Lock acquired on daemon addresses registry.
2026-01-07T00:01:40.480-0500 [DEBUG] [org.gradle.cache.internal.DefaultFileLockManager] Releasing lock on daemon addresses registry.
2026-01-07T00:01:40.480-0500 [DEBUG] [org.gradle.cache.internal.DefaultFileLockManager] Waiting to acquire shared lock on daemon addresses registry.
2026-01-07T00:01:40.480-0500 [DEBUG] [org.gradle.cache.internal.DefaultFileLockManager] Lock acquired on daemon addresses registry.
2026-01-07T00:01:40.480-0500 [DEBUG] [org.gradle.cache.internal.DefaultFileLockManager] Releasing lock on daemon addresses registry.
2026-01-07T00:01:44.513-0500 [DEBUG] [org.gradle.process.internal.health.memory.DefaultMemoryManager] 2769969561 virtual memory requested, 1900548096 free
2026-01-07T00:01:44.513-0500 [DEBUG] [org.gradle.workers.internal.WorkerDaemonExpiration] Will attempt to release 2641 of memory
2026-01-07T00:01:44.513-0500 [DEBUG] [org.gradle.process.internal.health.memory.DefaultMemoryManager] 2769969561 virtual memory requested, 0 released, 1900548096 free
2026-01-07T00:01:49.510-0500 [DEBUG] [org.gradle.process.internal.health.memory.DefaultMemoryManager] 2769969561 virtual memory requested, 1913356288 free
2026-01-07T00:01:49.510-0500 [DEBUG] [org.gradle.workers.internal.WorkerDaemonExpiration] Will attempt to release 2641 of memory
2026-01-07T00:01:49.510-0500 [DEBUG] [org.gradle.process.internal.health.memory.DefaultMemoryManager] 2769969561 virtual memory requested, 0 released, 1913356288 free
2026-01-07T00:01:50.491-0500 [DEBUG] [org.gradle.cache.internal.DefaultFileLockManager] Waiting to acquire shared lock on daemon addresses registry.
2026-01-07T00:01:50.491-0500 [DEBUG] [org.gradle.cache.internal.DefaultFileLockManager] Lock acquired on daemon addresses registry.
2026-01-07T00:01:50.491-0500 [DEBUG] [org.gradle.cache.internal.DefaultFileLockManager] Releasing lock on daemon addresses registry.
2026-01-07T00:01:50.492-0500 [DEBUG] [org.gradle.cache.internal.DefaultFileLockManager] Waiting to acquire shared lock on daemon addresses registry.
2026-01-07T00:01:50.492-0500 [DEBUG] [org.gradle.cache.internal.DefaultFileLockManager] Lock acquired on daemon addresses registry.
2026-01-07T00:01:50.492-0500 [DEBUG] [org.gradle.cache.internal.DefaultFileLockManager] Releasing lock on daemon addresses registry.
2026-01-07T00:01:50.493-0500 [DEBUG] [org.gradle.cache.internal.DefaultFileLockManager] Waiting to acquire shared lock on daemon addresses registry.
2026-01-07T00:01:50.493-0500 [DEBUG] [org.gradle.cache.internal.DefaultFileLockManager] Lock acquired on daemon addresses registry.
2026-01-07T00:01:50.493-0500 [DEBUG] [org.gradle.cache.internal.DefaultFileLockManager] Releasing lock on daemon addresses registry.
2026-01-07T00:01:54.519-0500 [DEBUG] [org.gradle.process.internal.health.memory.DefaultMemoryManager] 2769969561 virtual memory requested, 1912147968 free
2026-01-07T00:01:54.519-0500 [DEBUG] [org.gradle.workers.internal.WorkerDaemonExpiration] Will attempt to release 2641 of memory
2026-01-07T00:01:54.519-0500 [DEBUG] [org.gradle.process.internal.health.memory.DefaultMemoryManager] 2769969561 virtual memory requested, 0 released, 1912147968 free
2026-01-07T00:01:59.514-0500 [DEBUG] [org.gradle.process.internal.health.memory.DefaultMemoryManager] 2769969561 virtual memory requested, 1854808064 free
2026-01-07T00:01:59.514-0500 [DEBUG] [org.gradle.workers.internal.WorkerDaemonExpiration] Will attempt to release 2641 of memory
2026-01-07T00:01:59.514-0500 [DEBUG] [org.gradle.process.internal.health.memory.DefaultMemoryManager] 2769969561 virtual memory requested, 0 released, 1854808064 free
2026-01-07T00:02:00.492-0500 [DEBUG] [org.gradle.cache.internal.DefaultFileLockManager] Waiting to acquire shared lock on daemon addresses registry.
2026-01-07T00:02:00.492-0500 [DEBUG] [org.gradle.cache.internal.DefaultFileLockManager] Lock acquired on daemon addresses registry.
2026-01-07T00:02:00.492-0500 [DEBUG] [org.gradle.cache.internal.DefaultFileLockManager] Releasing lock on daemon addresses registry.
2026-01-07T00:02:00.493-0500 [DEBUG] [org.gradle.cache.internal.DefaultFileLockManager] Waiting to acquire shared lock on daemon addresses registry.
2026-01-07T00:02:00.493-0500 [DEBUG] [org.gradle.cache.internal.DefaultFileLockManager] Lock acquired on daemon addresses registry.
2026-01-07T00:02:00.493-0500 [DEBUG] [org.gradle.cache.internal.DefaultFileLockManager] Releasing lock on daemon addresses registry.
2026-01-07T00:02:00.494-0500 [DEBUG] [org.gradle.cache.internal.DefaultFileLockManager] Waiting to acquire shared lock on daemon addresses registry.
2026-01-07T00:02:00.494-0500 [DEBUG] [org.gradle.cache.internal.DefaultFileLockManager] Lock acquired on daemon addresses registry.
2026-01-07T00:02:00.494-0500 [DEBUG] [org.gradle.cache.internal.DefaultFileLockManager] Releasing lock on daemon addresses registry.
2026-01-07T00:02:04.520-0500 [DEBUG] [org.gradle.process.internal.health.memory.DefaultMemoryManager] 2769969561 virtual memory requested, 1965445120 free
2026-01-07T00:02:04.520-0500 [DEBUG] [org.gradle.workers.internal.WorkerDaemonExpiration] Will attempt to release 2641 of memory
2026-01-07T00:02:04.520-0500 [DEBUG] [org.gradle.process.internal.health.memory.DefaultMemoryManager] 2769969561 virtual memory requested, 0 released, 1965445120 free
2026-01-07T00:02:09.516-0500 [DEBUG] [org.gradle.process.internal.health.memory.DefaultMemoryManager] 2769969561 virtual memory requested, 1995370496 free
2026-01-07T00:02:09.516-0500 [DEBUG] [org.gradle.workers.internal.WorkerDaemonExpiration] Will attempt to release 2641 of memory
2026-01-07T00:02:09.516-0500 [DEBUG] [org.gradle.process.internal.health.memory.DefaultMemoryManager] 2769969561 virtual memory requested, 0 released, 1995370496 free
2026-01-07T00:02:10.487-0500 [DEBUG] [org.gradle.cache.internal.DefaultFileLockManager] Waiting to acquire shared lock on daemon addresses registry.
2026-01-07T00:02:10.487-0500 [DEBUG] [org.gradle.cache.internal.DefaultFileLockManager] Lock acquired on daemon addresses registry.
2026-01-07T00:02:10.487-0500 [DEBUG] [org.gradle.cache.internal.DefaultFileLockManager] Releasing lock on daemon addresses registry.
2026-01-07T00:02:10.488-0500 [DEBUG] [org.gradle.cache.internal.DefaultFileLockManager] Waiting to acquire shared lock on daemon addresses registry.
2026-01-07T00:02:10.488-0500 [DEBUG] [org.gradle.cache.internal.DefaultFileLockManager] Lock acquired on daemon addresses registry.
2026-01-07T00:02:10.488-0500 [DEBUG] [org.gradle.cache.internal.DefaultFileLockManager] Releasing lock on daemon addresses registry.
2026-01-07T00:02:10.489-0500 [DEBUG] [org.gradle.cache.internal.DefaultFileLockManager] Waiting to acquire shared lock on daemon addresses registry.
2026-01-07T00:02:10.489-0500 [DEBUG] [org.gradle.cache.internal.DefaultFileLockManager] Lock acquired on daemon addresses registry.
2026-01-07T00:02:10.489-0500 [DEBUG] [org.gradle.cache.internal.DefaultFileLockManager] Releasing lock on daemon addresses registry.
2026-01-07T00:02:14.525-0500 [DEBUG] [org.gradle.process.internal.health.memory.DefaultMemoryManager] 2769969561 virtual memory requested, 1985716224 free
2026-01-07T00:02:14.525-0500 [DEBUG] [org.gradle.workers.internal.WorkerDaemonExpiration] Will attempt to release 2641 of memory
2026-01-07T00:02:14.525-0500 [DEBUG] [org.gradle.process.internal.health.memory.DefaultMemoryManager] 2769969561 virtual memory requested, 0 released, 1985716224 free
2026-01-07T00:02:19.515-0500 [DEBUG] [org.gradle.process.internal.health.memory.DefaultMemoryManager] 2769969561 virtual memory requested, 1975209984 free
2026-01-07T00:02:19.516-0500 [DEBUG] [org.gradle.workers.internal.WorkerDaemonExpiration] Will attempt to release 2641 of memory
2026-01-07T00:02:19.516-0500 [DEBUG] [org.gradle.process.internal.health.memory.DefaultMemoryManager] 2769969561 virtual memory requested, 0 released, 1975209984 free
2026-01-07T00:02:20.485-0500 [DEBUG] [org.gradle.cache.internal.DefaultFileLockManager] Waiting to acquire shared lock on daemon addresses registry.
2026-01-07T00:02:20.485-0500 [DEBUG] [org.gradle.cache.internal.DefaultFileLockManager] Lock acquired on daemon addresses registry.
2026-01-07T00:02:20.486-0500 [DEBUG] [org.gradle.cache.internal.DefaultFileLockManager] Releasing lock on daemon addresses registry.
2026-01-07T00:02:20.486-0500 [DEBUG] [org.gradle.cache.internal.DefaultFileLockManager] Waiting to acquire shared lock on daemon addresses registry.
2026-01-07T00:02:20.486-0500 [DEBUG] [org.gradle.cache.internal.DefaultFileLockManager] Lock acquired on daemon addresses registry.
2026-01-07T00:02:20.487-0500 [DEBUG] [org.gradle.cache.internal.DefaultFileLockManager] Releasing lock on daemon addresses registry.
2026-01-07T00:02:20.487-0500 [DEBUG] [org.gradle.cache.internal.DefaultFileLockManager] Waiting to acquire shared lock on daemon addresses registry.
2026-01-07T00:02:20.487-0500 [DEBUG] [org.gradle.cache.internal.DefaultFileLockManager] Lock acquired on daemon addresses registry.
2026-01-07T00:02:20.487-0500 [DEBUG] [org.gradle.cache.internal.DefaultFileLockManager] Releasing lock on daemon addresses registry.
2026-01-07T00:02:24.520-0500 [DEBUG] [org.gradle.process.internal.health.memory.DefaultMemoryManager] 2769969561 virtual memory requested, 1929633792 free
2026-01-07T00:02:24.520-0500 [DEBUG] [org.gradle.workers.internal.WorkerDaemonExpiration] Will attempt to release 2641 of memory
2026-01-07T00:02:24.520-0500 [DEBUG] [org.gradle.process.internal.health.memory.DefaultMemoryManager] 2769969561 virtual memory requested, 0 released, 1929633792 free
2026-01-07T00:02:29.522-0500 [DEBUG] [org.gradle.process.internal.health.memory.DefaultMemoryManager] 2769969561 virtual memory requested, 1943535616 free
2026-01-07T00:02:29.522-0500 [DEBUG] [org.gradle.workers.internal.WorkerDaemonExpiration] Will attempt to release 2641 of memory
2026-01-07T00:02:29.522-0500 [DEBUG] [org.gradle.process.internal.health.memory.DefaultMemoryManager] 2769969561 virtual memory requested, 0 released, 1943535616 free
2026-01-07T00:02:30.488-0500 [DEBUG] [org.gradle.cache.internal.DefaultFileLockManager] Waiting to acquire shared lock on daemon addresses registry.
2026-01-07T00:02:30.488-0500 [DEBUG] [org.gradle.cache.internal.DefaultFileLockManager] Lock acquired on daemon addresses registry.
2026-01-07T00:02:30.488-0500 [DEBUG] [org.gradle.cache.internal.DefaultFileLockManager] Releasing lock on daemon addresses registry.
2026-01-07T00:02:30.488-0500 [DEBUG] [org.gradle.cache.internal.DefaultFileLockManager] Waiting to acquire shared lock on daemon addresses registry.
2026-01-07T00:02:30.488-0500 [DEBUG] [org.gradle.cache.internal.DefaultFileLockManager] Lock acquired on daemon addresses registry.
2026-01-07T00:02:30.489-0500 [DEBUG] [org.gradle.cache.internal.DefaultFileLockManager] Releasing lock on daemon addresses registry.
2026-01-07T00:02:30.489-0500 [DEBUG] [org.gradle.cache.internal.DefaultFileLockManager] Waiting to acquire shared lock on daemon addresses registry.
2026-01-07T00:02:30.489-0500 [DEBUG] [org.gradle.cache.internal.DefaultFileLockManager] Lock acquired on daemon addresses registry.
2026-01-07T00:02:30.489-0500 [DEBUG] [org.gradle.cache.internal.DefaultFileLockManager] Releasing lock on daemon addresses registry.
2026-01-07T00:02:34.526-0500 [DEBUG] [org.gradle.process.internal.health.memory.DefaultMemoryManager] 2769969561 virtual memory requested, 1940647936 free
2026-01-07T00:02:34.527-0500 [DEBUG] [org.gradle.workers.internal.WorkerDaemonExpiration] Will attempt to release 2641 of memory
2026-01-07T00:02:34.527-0500 [DEBUG] [org.gradle.process.internal.health.memory.DefaultMemoryManager] 2769969561 virtual memory requested, 0 released, 1940647936 free
2026-01-07T00:02:39.513-0500 [DEBUG] [org.gradle.process.internal.health.memory.DefaultMemoryManager] 2769969561 virtual memory requested, 1937039360 free
2026-01-07T00:02:39.513-0500 [DEBUG] [org.gradle.workers.internal.WorkerDaemonExpiration] Will attempt to release 2641 of memory
2026-01-07T00:02:39.513-0500 [DEBUG] [org.gradle.process.internal.health.memory.DefaultMemoryManager] 2769969561 virtual memory requested, 0 released, 1937039360 free
2026-01-07T00:02:40.486-0500 [DEBUG] [org.gradle.cache.internal.DefaultFileLockManager] Waiting to acquire shared lock on daemon addresses registry.
2026-01-07T00:02:40.487-0500 [DEBUG] [org.gradle.cache.internal.DefaultFileLockManager] Lock acquired on daemon addresses registry.
2026-01-07T00:02:40.487-0500 [DEBUG] [org.gradle.cache.internal.DefaultFileLockManager] Releasing lock on daemon addresses registry.
2026-01-07T00:02:40.487-0500 [DEBUG] [org.gradle.cache.internal.DefaultFileLockManager] Waiting to acquire shared lock on daemon addresses registry.
2026-01-07T00:02:40.487-0500 [DEBUG] [org.gradle.cache.internal.DefaultFileLockManager] Lock acquired on daemon addresses registry.
2026-01-07T00:02:40.487-0500 [DEBUG] [org.gradle.cache.internal.DefaultFileLockManager] Releasing lock on daemon addresses registry.
2026-01-07T00:02:40.488-0500 [DEBUG] [org.gradle.cache.internal.DefaultFileLockManager] Waiting to acquire shared lock on daemon addresses registry.
2026-01-07T00:02:40.488-0500 [DEBUG] [org.gradle.cache.internal.DefaultFileLockManager] Lock acquired on daemon addresses registry.
2026-01-07T00:02:40.488-0500 [DEBUG] [org.gradle.cache.internal.DefaultFileLockManager] Releasing lock on daemon addresses registry.
2026-01-07T00:02:44.515-0500 [DEBUG] [org.gradle.process.internal.health.memory.DefaultMemoryManager] 2769969561 virtual memory requested, 1942224896 free
2026-01-07T00:02:44.515-0500 [DEBUG] [org.gradle.workers.internal.WorkerDaemonExpiration] Will attempt to release 2641 of memory
2026-01-07T00:02:44.515-0500 [DEBUG] [org.gradle.process.internal.health.memory.DefaultMemoryManager] 2769969561 virtual memory requested, 0 released, 1942224896 free
2026-01-07T00:02:49.521-0500 [DEBUG] [org.gradle.process.internal.health.memory.DefaultMemoryManager] 2769969561 virtual memory requested, 1944158208 free
2026-01-07T00:02:49.521-0500 [DEBUG] [org.gradle.workers.internal.WorkerDaemonExpiration] Will attempt to release 2641 of memory
2026-01-07T00:02:49.521-0500 [DEBUG] [org.gradle.process.internal.health.memory.DefaultMemoryManager] 2769969561 virtual memory requested, 0 released, 1944158208 free
2026-01-07T00:02:50.487-0500 [DEBUG] [org.gradle.cache.internal.DefaultFileLockManager] Waiting to acquire shared lock on daemon addresses registry.
2026-01-07T00:02:50.487-0500 [DEBUG] [org.gradle.cache.internal.DefaultFileLockManager] Lock acquired on daemon addresses registry.
2026-01-07T00:02:50.488-0500 [DEBUG] [org.gradle.cache.internal.DefaultFileLockManager] Releasing lock on daemon addresses registry.
2026-01-07T00:02:50.488-0500 [DEBUG] [org.gradle.cache.internal.DefaultFileLockManager] Waiting to acquire shared lock on daemon addresses registry.
2026-01-07T00:02:50.488-0500 [DEBUG] [org.gradle.cache.internal.DefaultFileLockManager] Lock acquired on daemon addresses registry.
2026-01-07T00:02:50.488-0500 [DEBUG] [org.gradle.cache.internal.DefaultFileLockManager] Releasing lock on daemon addresses registry.
2026-01-07T00:02:50.489-0500 [DEBUG] [org.gradle.cache.internal.DefaultFileLockManager] Waiting to acquire shared lock on daemon addresses registry.
2026-01-07T00:02:50.489-0500 [DEBUG] [org.gradle.cache.internal.DefaultFileLockManager] Lock acquired on daemon addresses registry.
2026-01-07T00:02:50.489-0500 [DEBUG] [org.gradle.cache.internal.DefaultFileLockManager] Releasing lock on daemon addresses registry.
2026-01-07T00:02:54.519-0500 [DEBUG] [org.gradle.process.internal.health.memory.DefaultMemoryManager] 2769969561 virtual memory requested, 1927254016 free
2026-01-07T00:02:54.519-0500 [DEBUG] [org.gradle.workers.internal.WorkerDaemonExpiration] Will attempt to release 2641 of memory
2026-01-07T00:02:54.519-0500 [DEBUG] [org.gradle.process.internal.health.memory.DefaultMemoryManager] 2769969561 virtual memory requested, 0 released, 1927254016 free
2026-01-07T00:02:59.520-0500 [DEBUG] [org.gradle.process.internal.health.memory.DefaultMemoryManager] 2769969561 virtual memory requested, 1874452480 free
2026-01-07T00:02:59.520-0500 [DEBUG] [org.gradle.workers.internal.WorkerDaemonExpiration] Will attempt to release 2641 of memory
2026-01-07T00:02:59.520-0500 [DEBUG] [org.gradle.process.internal.health.memory.DefaultMemoryManager] 2769969561 virtual memory requested, 0 released, 1874452480 free
2026-01-07T00:03:00.494-0500 [DEBUG] [org.gradle.cache.internal.DefaultFileLockManager] Waiting to acquire shared lock on daemon addresses registry.
2026-01-07T00:03:00.494-0500 [DEBUG] [org.gradle.cache.internal.DefaultFileLockManager] Lock acquired on daemon addresses registry.
2026-01-07T00:03:00.494-0500 [DEBUG] [org.gradle.cache.internal.DefaultFileLockManager] Releasing lock on daemon addresses registry.
2026-01-07T00:03:00.495-0500 [DEBUG] [org.gradle.cache.internal.DefaultFileLockManager] Waiting to acquire shared lock on daemon addresses registry.
2026-01-07T00:03:00.495-0500 [DEBUG] [org.gradle.cache.internal.DefaultFileLockManager] Lock acquired on daemon addresses registry.
2026-01-07T00:03:00.495-0500 [DEBUG] [org.gradle.cache.internal.DefaultFileLockManager] Releasing lock on daemon addresses registry.
2026-01-07T00:03:00.496-0500 [DEBUG] [org.gradle.cache.internal.DefaultFileLockManager] Waiting to acquire shared lock on daemon addresses registry.
2026-01-07T00:03:00.496-0500 [DEBUG] [org.gradle.cache.internal.DefaultFileLockManager] Lock acquired on daemon addresses registry.
2026-01-07T00:03:00.496-0500 [DEBUG] [org.gradle.cache.internal.DefaultFileLockManager] Releasing lock on daemon addresses registry.
2026-01-07T00:03:04.525-0500 [DEBUG] [org.gradle.process.internal.health.memory.DefaultMemoryManager] 2769969561 virtual memory requested, 1892208640 free
2026-01-07T00:03:04.525-0500 [DEBUG] [org.gradle.workers.internal.WorkerDaemonExpiration] Will attempt to release 2641 of memory
2026-01-07T00:03:04.525-0500 [DEBUG] [org.gradle.process.internal.health.memory.DefaultMemoryManager] 2769969561 virtual memory requested, 0 released, 1892208640 free
2026-01-07T00:03:09.519-0500 [DEBUG] [org.gradle.process.internal.health.memory.DefaultMemoryManager] 2769969561 virtual memory requested, 1806438400 free
2026-01-07T00:03:09.519-0500 [DEBUG] [org.gradle.workers.internal.WorkerDaemonExpiration] Will attempt to release 2641 of memory
2026-01-07T00:03:09.519-0500 [DEBUG] [org.gradle.process.internal.health.memory.DefaultMemoryManager] 2769969561 virtual memory requested, 0 released, 1806438400 free
2026-01-07T00:03:10.486-0500 [DEBUG] [org.gradle.cache.internal.DefaultFileLockManager] Waiting to acquire shared lock on daemon addresses registry.
2026-01-07T00:03:10.486-0500 [DEBUG] [org.gradle.cache.internal.DefaultFileLockManager] Lock acquired on daemon addresses registry.
2026-01-07T00:03:10.487-0500 [DEBUG] [org.gradle.cache.internal.DefaultFileLockManager] Releasing lock on daemon addresses registry.
2026-01-07T00:03:10.488-0500 [DEBUG] [org.gradle.cache.internal.DefaultFileLockManager] Waiting to acquire shared lock on daemon addresses registry.
2026-01-07T00:03:10.488-0500 [DEBUG] [org.gradle.cache.internal.DefaultFileLockManager] Lock acquired on daemon addresses registry.
2026-01-07T00:03:10.488-0500 [DEBUG] [org.gradle.cache.internal.DefaultFileLockManager] Releasing lock on daemon addresses registry.
2026-01-07T00:03:10.489-0500 [DEBUG] [org.gradle.cache.internal.DefaultFileLockManager] Waiting to acquire shared lock on daemon addresses registry.
2026-01-07T00:03:10.489-0500 [DEBUG] [org.gradle.cache.internal.DefaultFileLockManager] Lock acquired on daemon addresses registry.
2026-01-07T00:03:10.489-0500 [DEBUG] [org.gradle.cache.internal.DefaultFileLockManager] Releasing lock on daemon addresses registry.
2026-01-07T00:03:14.525-0500 [DEBUG] [org.gradle.process.internal.health.memory.DefaultMemoryManager] 2769969561 virtual memory requested, 1883619328 free
2026-01-07T00:03:14.525-0500 [DEBUG] [org.gradle.workers.internal.WorkerDaemonExpiration] Will attempt to release 2641 of memory
2026-01-07T00:03:14.525-0500 [DEBUG] [org.gradle.process.internal.health.memory.DefaultMemoryManager] 2769969561 virtual memory requested, 0 released, 1883619328 free
2026-01-07T00:03:19.520-0500 [DEBUG] [org.gradle.process.internal.health.memory.DefaultMemoryManager] 2769969561 virtual memory requested, 1836179456 free
2026-01-07T00:03:19.520-0500 [DEBUG] [org.gradle.workers.internal.WorkerDaemonExpiration] Will attempt to release 2641 of memory
2026-01-07T00:03:19.521-0500 [DEBUG] [org.gradle.process.internal.health.memory.DefaultMemoryManager] 2769969561 virtual memory requested, 0 released, 1836179456 free
2026-01-07T00:03:20.495-0500 [DEBUG] [org.gradle.cache.internal.DefaultFileLockManager] Waiting to acquire shared lock on daemon addresses registry.
2026-01-07T00:03:20.495-0500 [DEBUG] [org.gradle.cache.internal.DefaultFileLockManager] Lock acquired on daemon addresses registry.
2026-01-07T00:03:20.495-0500 [DEBUG] [org.gradle.cache.internal.DefaultFileLockManager] Releasing lock on daemon addresses registry.
2026-01-07T00:03:20.496-0500 [DEBUG] [org.gradle.cache.internal.DefaultFileLockManager] Waiting to acquire shared lock on daemon addresses registry.
2026-01-07T00:03:20.496-0500 [DEBUG] [org.gradle.cache.internal.DefaultFileLockManager] Lock acquired on daemon addresses registry.
2026-01-07T00:03:20.496-0500 [DEBUG] [org.gradle.cache.internal.DefaultFileLockManager] Releasing lock on daemon addresses registry.
2026-01-07T00:03:20.497-0500 [DEBUG] [org.gradle.cache.internal.DefaultFileLockManager] Waiting to acquire shared lock on daemon addresses registry.
2026-01-07T00:03:20.497-0500 [DEBUG] [org.gradle.cache.internal.DefaultFileLockManager] Lock acquired on daemon addresses registry.
2026-01-07T00:03:20.497-0500 [DEBUG] [org.gradle.cache.internal.DefaultFileLockManager] Releasing lock on daemon addresses registry.
2026-01-07T00:03:24.523-0500 [DEBUG] [org.gradle.process.internal.health.memory.DefaultMemoryManager] 2769969561 virtual memory requested, 1854738432 free
2026-01-07T00:03:24.523-0500 [DEBUG] [org.gradle.workers.internal.WorkerDaemonExpiration] Will attempt to release 2641 of memory
2026-01-07T00:03:24.523-0500 [DEBUG] [org.gradle.process.internal.health.memory.DefaultMemoryManager] 2769969561 virtual memory requested, 0 released, 1854738432 free
2026-01-07T00:03:29.530-0500 [DEBUG] [org.gradle.process.internal.health.memory.DefaultMemoryManager] 2769969561 virtual memory requested, 1825853440 free
2026-01-07T00:03:29.530-0500 [DEBUG] [org.gradle.workers.internal.WorkerDaemonExpiration] Will attempt to release 2641 of memory
2026-01-07T00:03:29.531-0500 [DEBUG] [org.gradle.process.internal.health.memory.DefaultMemoryManager] 2769969561 virtual memory requested, 0 released, 1825853440 free
2026-01-07T00:03:30.495-0500 [DEBUG] [org.gradle.cache.internal.DefaultFileLockManager] Waiting to acquire shared lock on daemon addresses registry.
2026-01-07T00:03:30.495-0500 [DEBUG] [org.gradle.cache.internal.DefaultFileLockManager] Lock acquired on daemon addresses registry.
2026-01-07T00:03:30.495-0500 [DEBUG] [org.gradle.cache.internal.DefaultFileLockManager] Releasing lock on daemon addresses registry.
2026-01-07T00:03:30.495-0500 [DEBUG] [org.gradle.cache.internal.DefaultFileLockManager] Waiting to acquire shared lock on daemon addresses registry.
2026-01-07T00:03:30.495-0500 [DEBUG] [org.gradle.cache.internal.DefaultFileLockManager] Lock acquired on daemon addresses registry.
2026-01-07T00:03:30.496-0500 [DEBUG] [org.gradle.cache.internal.DefaultFileLockManager] Releasing lock on daemon addresses registry.
2026-01-07T00:03:30.496-0500 [DEBUG] [org.gradle.cache.internal.DefaultFileLockManager] Waiting to acquire shared lock on daemon addresses registry.
2026-01-07T00:03:30.496-0500 [DEBUG] [org.gradle.cache.internal.DefaultFileLockManager] Lock acquired on daemon addresses registry.
2026-01-07T00:03:30.497-0500 [DEBUG] [org.gradle.cache.internal.DefaultFileLockManager] Releasing lock on daemon addresses registry.
2026-01-07T00:03:34.518-0500 [DEBUG] [org.gradle.process.internal.health.memory.DefaultMemoryManager] 2769969561 virtual memory requested, 1826750464 free
2026-01-07T00:03:34.519-0500 [DEBUG] [org.gradle.workers.internal.WorkerDaemonExpiration] Will attempt to release 2641 of memory
2026-01-07T00:03:34.519-0500 [DEBUG] [org.gradle.process.internal.health.memory.DefaultMemoryManager] 2769969561 virtual memory requested, 0 released, 1826750464 free
2026-01-07T00:03:39.531-0500 [DEBUG] [org.gradle.process.internal.health.memory.DefaultMemoryManager] 2769969561 virtual memory requested, 1868013568 free
2026-01-07T00:03:39.531-0500 [DEBUG] [org.gradle.workers.internal.WorkerDaemonExpiration] Will attempt to release 2641 of memory
2026-01-07T00:03:39.531-0500 [DEBUG] [org.gradle.process.internal.health.memory.DefaultMemoryManager] 2769969561 virtual memory requested, 0 released, 1868013568 free
2026-01-07T00:03:40.485-0500 [DEBUG] [org.gradle.cache.internal.DefaultFileLockManager] Waiting to acquire shared lock on daemon addresses registry.
2026-01-07T00:03:40.485-0500 [DEBUG] [org.gradle.cache.internal.DefaultFileLockManager] Lock acquired on daemon addresses registry.
2026-01-07T00:03:40.485-0500 [DEBUG] [org.gradle.cache.internal.DefaultFileLockManager] Releasing lock on daemon addresses registry.
2026-01-07T00:03:40.485-0500 [DEBUG] [org.gradle.cache.internal.DefaultFileLockManager] Waiting to acquire shared lock on daemon addresses registry.
2026-01-07T00:03:40.485-0500 [DEBUG] [org.gradle.cache.internal.DefaultFileLockManager] Lock acquired on daemon addresses registry.
2026-01-07T00:03:40.485-0500 [DEBUG] [org.gradle.cache.internal.DefaultFileLockManager] Releasing lock on daemon addresses registry.
2026-01-07T00:03:40.486-0500 [DEBUG] [org.gradle.cache.internal.DefaultFileLockManager] Waiting to acquire shared lock on daemon addresses registry.
2026-01-07T00:03:40.486-0500 [DEBUG] [org.gradle.cache.internal.DefaultFileLockManager] Lock acquired on daemon addresses registry.
2026-01-07T00:03:40.486-0500 [DEBUG] [org.gradle.cache.internal.DefaultFileLockManager] Releasing lock on daemon addresses registry.
2026-01-07T00:03:44.525-0500 [DEBUG] [org.gradle.process.internal.health.memory.DefaultMemoryManager] 2769969561 virtual memory requested, 1871523840 free
2026-01-07T00:03:44.525-0500 [DEBUG] [org.gradle.workers.internal.WorkerDaemonExpiration] Will attempt to release 2641 of memory
2026-01-07T00:03:44.525-0500 [DEBUG] [org.gradle.process.internal.health.memory.DefaultMemoryManager] 2769969561 virtual memory requested, 0 released, 1871523840 free
2026-01-07T00:03:49.525-0500 [DEBUG] [org.gradle.process.internal.health.memory.DefaultMemoryManager] 2769969561 virtual memory requested, 1831931904 free
2026-01-07T00:03:49.525-0500 [DEBUG] [org.gradle.workers.internal.WorkerDaemonExpiration] Will attempt to release 2641 of memory
2026-01-07T00:03:49.525-0500 [DEBUG] [org.gradle.process.internal.health.memory.DefaultMemoryManager] 2769969561 virtual memory requested, 0 released, 1831931904 free
2026-01-07T00:03:50.491-0500 [DEBUG] [org.gradle.cache.internal.DefaultFileLockManager] Waiting to acquire shared lock on daemon addresses registry.
2026-01-07T00:03:50.491-0500 [DEBUG] [org.gradle.cache.internal.DefaultFileLockManager] Lock acquired on daemon addresses registry.
2026-01-07T00:03:50.491-0500 [DEBUG] [org.gradle.cache.internal.DefaultFileLockManager] Releasing lock on daemon addresses registry.
2026-01-07T00:03:50.492-0500 [DEBUG] [org.gradle.cache.internal.DefaultFileLockManager] Waiting to acquire shared lock on daemon addresses registry.
2026-01-07T00:03:50.492-0500 [DEBUG] [org.gradle.cache.internal.DefaultFileLockManager] Lock acquired on daemon addresses registry.
2026-01-07T00:03:50.492-0500 [DEBUG] [org.gradle.cache.internal.DefaultFileLockManager] Releasing lock on daemon addresses registry.
2026-01-07T00:03:50.492-0500 [DEBUG] [org.gradle.cache.internal.DefaultFileLockManager] Waiting to acquire shared lock on daemon addresses registry.
2026-01-07T00:03:50.492-0500 [DEBUG] [org.gradle.cache.internal.DefaultFileLockManager] Lock acquired on daemon addresses registry.
2026-01-07T00:03:50.493-0500 [DEBUG] [org.gradle.cache.internal.DefaultFileLockManager] Releasing lock on daemon addresses registry.
2026-01-07T00:03:54.534-0500 [DEBUG] [org.gradle.process.internal.health.memory.DefaultMemoryManager] 2769969561 virtual memory requested, 1828683776 free
2026-01-07T00:03:54.534-0500 [DEBUG] [org.gradle.workers.internal.WorkerDaemonExpiration] Will attempt to release 2641 of memory
2026-01-07T00:03:54.534-0500 [DEBUG] [org.gradle.process.internal.health.memory.DefaultMemoryManager] 2769969561 virtual memory requested, 0 released, 1828683776 free
2026-01-07T00:03:59.521-0500 [DEBUG] [org.gradle.process.internal.health.memory.DefaultMemoryManager] 2769969561 virtual memory requested, 1788092416 free
2026-01-07T00:03:59.521-0500 [DEBUG] [org.gradle.workers.internal.WorkerDaemonExpiration] Will attempt to release 2641 of memory
2026-01-07T00:03:59.521-0500 [DEBUG] [org.gradle.process.internal.health.memory.DefaultMemoryManager] 2769969561 virtual memory requested, 0 released, 1788092416 free
2026-01-07T00:04:00.491-0500 [DEBUG] [org.gradle.cache.internal.DefaultFileLockManager] Waiting to acquire shared lock on daemon addresses registry.
2026-01-07T00:04:00.491-0500 [DEBUG] [org.gradle.cache.internal.DefaultFileLockManager] Lock acquired on daemon addresses registry.
2026-01-07T00:04:00.492-0500 [DEBUG] [org.gradle.cache.internal.DefaultFileLockManager] Releasing lock on daemon addresses registry.
2026-01-07T00:04:00.492-0500 [DEBUG] [org.gradle.cache.internal.DefaultFileLockManager] Waiting to acquire shared lock on daemon addresses registry.
2026-01-07T00:04:00.492-0500 [DEBUG] [org.gradle.cache.internal.DefaultFileLockManager] Lock acquired on daemon addresses registry.
2026-01-07T00:04:00.492-0500 [DEBUG] [org.gradle.cache.internal.DefaultFileLockManager] Releasing lock on daemon addresses registry.
2026-01-07T00:04:00.493-0500 [DEBUG] [org.gradle.cache.internal.DefaultFileLockManager] Waiting to acquire shared lock on daemon addresses registry.
2026-01-07T00:04:00.493-0500 [DEBUG] [org.gradle.cache.internal.DefaultFileLockManager] Lock acquired on daemon addresses registry.
2026-01-07T00:04:00.493-0500 [DEBUG] [org.gradle.cache.internal.DefaultFileLockManager] Releasing lock on daemon addresses registry.
2026-01-07T00:04:04.521-0500 [DEBUG] [org.gradle.process.internal.health.memory.DefaultMemoryManager] 2769969561 virtual memory requested, 1747111936 free
2026-01-07T00:04:04.521-0500 [DEBUG] [org.gradle.workers.internal.WorkerDaemonExpiration] Will attempt to release 2641 of memory
2026-01-07T00:04:04.521-0500 [DEBUG] [org.gradle.process.internal.health.memory.DefaultMemoryManager] 2769969561 virtual memory requested, 0 released, 1747111936 free
2026-01-07T00:04:09.523-0500 [DEBUG] [org.gradle.process.internal.health.memory.DefaultMemoryManager] 2769969561 virtual memory requested, 1941266432 free
2026-01-07T00:04:09.523-0500 [DEBUG] [org.gradle.workers.internal.WorkerDaemonExpiration] Will attempt to release 2641 of memory
2026-01-07T00:04:09.523-0500 [DEBUG] [org.gradle.process.internal.health.memory.DefaultMemoryManager] 2769969561 virtual memory requested, 0 released, 1941266432 free
2026-01-07T00:04:10.489-0500 [DEBUG] [org.gradle.cache.internal.DefaultFileLockManager] Waiting to acquire shared lock on daemon addresses registry.
2026-01-07T00:04:10.489-0500 [DEBUG] [org.gradle.cache.internal.DefaultFileLockManager] Lock acquired on daemon addresses registry.
2026-01-07T00:04:10.489-0500 [DEBUG] [org.gradle.cache.internal.DefaultFileLockManager] Releasing lock on daemon addresses registry.
2026-01-07T00:04:10.490-0500 [DEBUG] [org.gradle.cache.internal.DefaultFileLockManager] Waiting to acquire shared lock on daemon addresses registry.
2026-01-07T00:04:10.490-0500 [DEBUG] [org.gradle.cache.internal.DefaultFileLockManager] Lock acquired on daemon addresses registry.
2026-01-07T00:04:10.490-0500 [DEBUG] [org.gradle.cache.internal.DefaultFileLockManager] Releasing lock on daemon addresses registry.
2026-01-07T00:04:10.491-0500 [DEBUG] [org.gradle.cache.internal.DefaultFileLockManager] Waiting to acquire shared lock on daemon addresses registry.
2026-01-07T00:04:10.491-0500 [DEBUG] [org.gradle.cache.internal.DefaultFileLockManager] Lock acquired on daemon addresses registry.
2026-01-07T00:04:10.491-0500 [DEBUG] [org.gradle.cache.internal.DefaultFileLockManager] Releasing lock on daemon addresses registry.
2026-01-07T00:04:14.527-0500 [DEBUG] [org.gradle.process.internal.health.memory.DefaultMemoryManager] 2769969561 virtual memory requested, 1937080320 free
2026-01-07T00:04:14.527-0500 [DEBUG] [org.gradle.workers.internal.WorkerDaemonExpiration] Will attempt to release 2641 of memory
2026-01-07T00:04:14.527-0500 [DEBUG] [org.gradle.process.internal.health.memory.DefaultMemoryManager] 2769969561 virtual memory requested, 0 released, 1937080320 free
2026-01-07T00:04:19.525-0500 [DEBUG] [org.gradle.process.internal.health.memory.DefaultMemoryManager] 2769969561 virtual memory requested, 1922605056 free
2026-01-07T00:04:19.525-0500 [DEBUG] [org.gradle.workers.internal.WorkerDaemonExpiration] Will attempt to release 2641 of memory
2026-01-07T00:04:19.525-0500 [DEBUG] [org.gradle.process.internal.health.memory.DefaultMemoryManager] 2769969561 virtual memory requested, 0 released, 1922605056 free
2026-01-07T00:04:20.495-0500 [DEBUG] [org.gradle.cache.internal.DefaultFileLockManager] Waiting to acquire shared lock on daemon addresses registry.
2026-01-07T00:04:20.495-0500 [DEBUG] [org.gradle.cache.internal.DefaultFileLockManager] Lock acquired on daemon addresses registry.
2026-01-07T00:04:20.495-0500 [DEBUG] [org.gradle.cache.internal.DefaultFileLockManager] Releasing lock on daemon addresses registry.
2026-01-07T00:04:20.496-0500 [DEBUG] [org.gradle.cache.internal.DefaultFileLockManager] Waiting to acquire shared lock on daemon addresses registry.
2026-01-07T00:04:20.497-0500 [DEBUG] [org.gradle.cache.internal.DefaultFileLockManager] Lock acquired on daemon addresses registry.
2026-01-07T00:04:20.497-0500 [DEBUG] [org.gradle.cache.internal.DefaultFileLockManager] Releasing lock on daemon addresses registry.
2026-01-07T00:04:20.498-0500 [DEBUG] [org.gradle.cache.internal.DefaultFileLockManager] Waiting to acquire shared lock on daemon addresses registry.
2026-01-07T00:04:20.498-0500 [DEBUG] [org.gradle.cache.internal.DefaultFileLockManager] Lock acquired on daemon addresses registry.
2026-01-07T00:04:20.498-0500 [DEBUG] [org.gradle.cache.internal.DefaultFileLockManager] Releasing lock on daemon addresses registry.
2026-01-07T00:04:24.527-0500 [DEBUG] [org.gradle.process.internal.health.memory.DefaultMemoryManager] 2769969561 virtual memory requested, 1929519104 free
2026-01-07T00:04:24.527-0500 [DEBUG] [org.gradle.workers.internal.WorkerDaemonExpiration] Will attempt to release 2641 of memory
2026-01-07T00:04:24.527-0500 [DEBUG] [org.gradle.process.internal.health.memory.DefaultMemoryManager] 2769969561 virtual memory requested, 0 released, 1929519104 free
2026-01-07T00:04:29.526-0500 [DEBUG] [org.gradle.process.internal.health.memory.DefaultMemoryManager] 2769969561 virtual memory requested, 1923100672 free
2026-01-07T00:04:29.526-0500 [DEBUG] [org.gradle.workers.internal.WorkerDaemonExpiration] Will attempt to release 2641 of memory
2026-01-07T00:04:29.526-0500 [DEBUG] [org.gradle.process.internal.health.memory.DefaultMemoryManager] 2769969561 virtual memory requested, 0 released, 1923100672 free
2026-01-07T00:04:30.495-0500 [DEBUG] [org.gradle.cache.internal.DefaultFileLockManager] Waiting to acquire shared lock on daemon addresses registry.
2026-01-07T00:04:30.495-0500 [DEBUG] [org.gradle.cache.internal.DefaultFileLockManager] Lock acquired on daemon addresses registry.
2026-01-07T00:04:30.495-0500 [DEBUG] [org.gradle.cache.internal.DefaultFileLockManager] Releasing lock on daemon addresses registry.
2026-01-07T00:04:30.496-0500 [DEBUG] [org.gradle.cache.internal.DefaultFileLockManager] Waiting to acquire shared lock on daemon addresses registry.
2026-01-07T00:04:30.496-0500 [DEBUG] [org.gradle.cache.internal.DefaultFileLockManager] Lock acquired on daemon addresses registry.
2026-01-07T00:04:30.497-0500 [DEBUG] [org.gradle.cache.internal.DefaultFileLockManager] Releasing lock on daemon addresses registry.
2026-01-07T00:04:30.497-0500 [DEBUG] [org.gradle.cache.internal.DefaultFileLockManager] Waiting to acquire shared lock on daemon addresses registry.
2026-01-07T00:04:30.497-0500 [DEBUG] [org.gradle.cache.internal.DefaultFileLockManager] Lock acquired on daemon addresses registry.
2026-01-07T00:04:30.497-0500 [DEBUG] [org.gradle.cache.internal.DefaultFileLockManager] Releasing lock on daemon addresses registry.
2026-01-07T00:04:34.527-0500 [DEBUG] [org.gradle.process.internal.health.memory.DefaultMemoryManager] 2769969561 virtual memory requested, 1943293952 free
2026-01-07T00:04:34.527-0500 [DEBUG] [org.gradle.workers.internal.WorkerDaemonExpiration] Will attempt to release 2641 of memory
2026-01-07T00:04:34.527-0500 [DEBUG] [org.gradle.process.internal.health.memory.DefaultMemoryManager] 2769969561 virtual memory requested, 0 released, 1943293952 free
2026-01-07T00:04:39.522-0500 [DEBUG] [org.gradle.process.internal.health.memory.DefaultMemoryManager] 2769969561 virtual memory requested, 1946238976 free
2026-01-07T00:04:39.522-0500 [DEBUG] [org.gradle.workers.internal.WorkerDaemonExpiration] Will attempt to release 2641 of memory
2026-01-07T00:04:39.522-0500 [DEBUG] [org.gradle.process.internal.health.memory.DefaultMemoryManager] 2769969561 virtual memory requested, 0 released, 1946238976 free
2026-01-07T00:04:40.490-0500 [DEBUG] [org.gradle.cache.internal.DefaultFileLockManager] Waiting to acquire shared lock on daemon addresses registry.
2026-01-07T00:04:40.490-0500 [DEBUG] [org.gradle.cache.internal.DefaultFileLockManager] Lock acquired on daemon addresses registry.
2026-01-07T00:04:40.490-0500 [DEBUG] [org.gradle.cache.internal.DefaultFileLockManager] Releasing lock on daemon addresses registry.
2026-01-07T00:04:40.490-0500 [DEBUG] [org.gradle.cache.internal.DefaultFileLockManager] Waiting to acquire shared lock on daemon addresses registry.
2026-01-07T00:04:40.491-0500 [DEBUG] [org.gradle.cache.internal.DefaultFileLockManager] Lock acquired on daemon addresses registry.
2026-01-07T00:04:40.491-0500 [DEBUG] [org.gradle.cache.internal.DefaultFileLockManager] Releasing lock on daemon addresses registry.
2026-01-07T00:04:40.491-0500 [DEBUG] [org.gradle.cache.internal.DefaultFileLockManager] Waiting to acquire shared lock on daemon addresses registry.
2026-01-07T00:04:40.491-0500 [DEBUG] [org.gradle.cache.internal.DefaultFileLockManager] Lock acquired on daemon addresses registry.
2026-01-07T00:04:40.491-0500 [DEBUG] [org.gradle.cache.internal.DefaultFileLockManager] Releasing lock on daemon addresses registry.
2026-01-07T00:04:44.535-0500 [DEBUG] [org.gradle.process.internal.health.memory.DefaultMemoryManager] 2769969561 virtual memory requested, 1958719488 free
2026-01-07T00:04:44.535-0500 [DEBUG] [org.gradle.workers.internal.WorkerDaemonExpiration] Will attempt to release 2641 of memory
2026-01-07T00:04:44.535-0500 [DEBUG] [org.gradle.process.internal.health.memory.DefaultMemoryManager] 2769969561 virtual memory requested, 0 released, 1958719488 free
2026-01-07T00:04:49.525-0500 [DEBUG] [org.gradle.process.internal.health.memory.DefaultMemoryManager] 2769969561 virtual memory requested, 1872211968 free
2026-01-07T00:04:49.525-0500 [DEBUG] [org.gradle.workers.internal.WorkerDaemonExpiration] Will attempt to release 2641 of memory
2026-01-07T00:04:49.525-0500 [DEBUG] [org.gradle.process.internal.health.memory.DefaultMemoryManager] 2769969561 virtual memory requested, 0 released, 1872211968 free
2026-01-07T00:04:50.503-0500 [DEBUG] [org.gradle.cache.internal.DefaultFileLockManager] Waiting to acquire shared lock on daemon addresses registry.
2026-01-07T00:04:50.503-0500 [DEBUG] [org.gradle.cache.internal.DefaultFileLockManager] Lock acquired on daemon addresses registry.
2026-01-07T00:04:50.503-0500 [DEBUG] [org.gradle.cache.internal.DefaultFileLockManager] Releasing lock on daemon addresses registry.
2026-01-07T00:04:50.503-0500 [DEBUG] [org.gradle.cache.internal.DefaultFileLockManager] Waiting to acquire shared lock on daemon addresses registry.
2026-01-07T00:04:50.504-0500 [DEBUG] [org.gradle.cache.internal.DefaultFileLockManager] Lock acquired on daemon addresses registry.
2026-01-07T00:04:50.504-0500 [DEBUG] [org.gradle.cache.internal.DefaultFileLockManager] Releasing lock on daemon addresses registry.
2026-01-07T00:04:50.504-0500 [DEBUG] [org.gradle.cache.internal.DefaultFileLockManager] Waiting to acquire shared lock on daemon addresses registry.
2026-01-07T00:04:50.504-0500 [DEBUG] [org.gradle.cache.internal.DefaultFileLockManager] Lock acquired on daemon addresses registry.
2026-01-07T00:04:50.504-0500 [DEBUG] [org.gradle.cache.internal.DefaultFileLockManager] Releasing lock on daemon addresses registry.
2026-01-07T00:04:54.525-0500 [DEBUG] [org.gradle.process.internal.health.memory.DefaultMemoryManager] 2769969561 virtual memory requested, 1844908032 free
2026-01-07T00:04:54.526-0500 [DEBUG] [org.gradle.workers.internal.WorkerDaemonExpiration] Will attempt to release 2641 of memory
2026-01-07T00:04:54.526-0500 [DEBUG] [org.gradle.process.internal.health.memory.DefaultMemoryManager] 2769969561 virtual memory requested, 0 released, 1844908032 free
2026-01-07T00:04:59.526-0500 [DEBUG] [org.gradle.process.internal.health.memory.DefaultMemoryManager] 2769969561 virtual memory requested, 1855606784 free
2026-01-07T00:04:59.526-0500 [DEBUG] [org.gradle.workers.internal.WorkerDaemonExpiration] Will attempt to release 2641 of memory
2026-01-07T00:04:59.526-0500 [DEBUG] [org.gradle.process.internal.health.memory.DefaultMemoryManager] 2769969561 virtual memory requested, 0 released, 1855606784 free
2026-01-07T00:05:00.495-0500 [DEBUG] [org.gradle.cache.internal.DefaultFileLockManager] Waiting to acquire shared lock on daemon addresses registry.
2026-01-07T00:05:00.495-0500 [DEBUG] [org.gradle.cache.internal.DefaultFileLockManager] Lock acquired on daemon addresses registry.
2026-01-07T00:05:00.495-0500 [DEBUG] [org.gradle.cache.internal.DefaultFileLockManager] Releasing lock on daemon addresses registry.
2026-01-07T00:05:00.496-0500 [DEBUG] [org.gradle.cache.internal.DefaultFileLockManager] Waiting to acquire shared lock on daemon addresses registry.
2026-01-07T00:05:00.496-0500 [DEBUG] [org.gradle.cache.internal.DefaultFileLockManager] Lock acquired on daemon addresses registry.
2026-01-07T00:05:00.496-0500 [DEBUG] [org.gradle.cache.internal.DefaultFileLockManager] Releasing lock on daemon addresses registry.
2026-01-07T00:05:00.497-0500 [DEBUG] [org.gradle.cache.internal.DefaultFileLockManager] Waiting to acquire shared lock on daemon addresses registry.
2026-01-07T00:05:00.497-0500 [DEBUG] [org.gradle.cache.internal.DefaultFileLockManager] Lock acquired on daemon addresses registry.
2026-01-07T00:05:00.497-0500 [DEBUG] [org.gradle.cache.internal.DefaultFileLockManager] Releasing lock on daemon addresses registry.
2026-01-07T00:05:04.527-0500 [DEBUG] [org.gradle.process.internal.health.memory.DefaultMemoryManager] 2769969561 virtual memory requested, 1844977664 free
2026-01-07T00:05:04.527-0500 [DEBUG] [org.gradle.workers.internal.WorkerDaemonExpiration] Will attempt to release 2641 of memory
2026-01-07T00:05:04.527-0500 [DEBUG] [org.gradle.process.internal.health.memory.DefaultMemoryManager] 2769969561 virtual memory requested, 0 released, 1844977664 free
2026-01-07T00:05:09.536-0500 [DEBUG] [org.gradle.process.internal.health.memory.DefaultMemoryManager] 2769969561 virtual memory requested, 1863335936 free
2026-01-07T00:05:09.536-0500 [DEBUG] [org.gradle.workers.internal.WorkerDaemonExpiration] Will attempt to release 2641 of memory
2026-01-07T00:05:09.536-0500 [DEBUG] [org.gradle.process.internal.health.memory.DefaultMemoryManager] 2769969561 virtual memory requested, 0 released, 1863335936 free
2026-01-07T00:05:10.505-0500 [DEBUG] [org.gradle.cache.internal.DefaultFileLockManager] Waiting to acquire shared lock on daemon addresses registry.
2026-01-07T00:05:10.505-0500 [DEBUG] [org.gradle.cache.internal.DefaultFileLockManager] Lock acquired on daemon addresses registry.
2026-01-07T00:05:10.505-0500 [DEBUG] [org.gradle.cache.internal.DefaultFileLockManager] Releasing lock on daemon addresses registry.
2026-01-07T00:05:10.506-0500 [DEBUG] [org.gradle.cache.internal.DefaultFileLockManager] Waiting to acquire shared lock on daemon addresses registry.
2026-01-07T00:05:10.506-0500 [DEBUG] [org.gradle.cache.internal.DefaultFileLockManager] Lock acquired on daemon addresses registry.
2026-01-07T00:05:10.506-0500 [DEBUG] [org.gradle.cache.internal.DefaultFileLockManager] Releasing lock on daemon addresses registry.
2026-01-07T00:05:10.507-0500 [DEBUG] [org.gradle.cache.internal.DefaultFileLockManager] Waiting to acquire shared lock on daemon addresses registry.
2026-01-07T00:05:10.507-0500 [DEBUG] [org.gradle.cache.internal.DefaultFileLockManager] Lock acquired on daemon addresses registry.
2026-01-07T00:05:10.507-0500 [DEBUG] [org.gradle.cache.internal.DefaultFileLockManager] Releasing lock on daemon addresses registry.
2026-01-07T00:05:14.528-0500 [DEBUG] [org.gradle.process.internal.health.memory.DefaultMemoryManager] 2769969561 virtual memory requested, 1848569856 free
2026-01-07T00:05:14.529-0500 [DEBUG] [org.gradle.workers.internal.WorkerDaemonExpiration] Will attempt to release 2641 of memory
2026-01-07T00:05:14.529-0500 [DEBUG] [org.gradle.process.internal.health.memory.DefaultMemoryManager] 2769969561 virtual memory requested, 0 released, 1848569856 free
2026-01-07T00:05:19.536-0500 [DEBUG] [org.gradle.process.internal.health.memory.DefaultMemoryManager] 2769969561 virtual memory requested, 1914241024 free
2026-01-07T00:05:19.536-0500 [DEBUG] [org.gradle.workers.internal.WorkerDaemonExpiration] Will attempt to release 2641 of memory
2026-01-07T00:05:19.536-0500 [DEBUG] [org.gradle.process.internal.health.memory.DefaultMemoryManager] 2769969561 virtual memory requested, 0 released, 1914241024 free
2026-01-07T00:05:20.502-0500 [DEBUG] [org.gradle.cache.internal.DefaultFileLockManager] Waiting to acquire shared lock on daemon addresses registry.
2026-01-07T00:05:20.502-0500 [DEBUG] [org.gradle.cache.internal.DefaultFileLockManager] Lock acquired on daemon addresses registry.
2026-01-07T00:05:20.503-0500 [DEBUG] [org.gradle.cache.internal.DefaultFileLockManager] Releasing lock on daemon addresses registry.
2026-01-07T00:05:20.503-0500 [DEBUG] [org.gradle.cache.internal.DefaultFileLockManager] Waiting to acquire shared lock on daemon addresses registry.
2026-01-07T00:05:20.504-0500 [DEBUG] [org.gradle.cache.internal.DefaultFileLockManager] Lock acquired on daemon addresses registry.
2026-01-07T00:05:20.504-0500 [DEBUG] [org.gradle.cache.internal.DefaultFileLockManager] Releasing lock on daemon addresses registry.
2026-01-07T00:05:20.504-0500 [DEBUG] [org.gradle.cache.internal.DefaultFileLockManager] Waiting to acquire shared lock on daemon addresses registry.
2026-01-07T00:05:20.504-0500 [DEBUG] [org.gradle.cache.internal.DefaultFileLockManager] Lock acquired on daemon addresses registry.
2026-01-07T00:05:20.505-0500 [DEBUG] [org.gradle.cache.internal.DefaultFileLockManager] Releasing lock on daemon addresses registry.
2026-01-07T00:05:24.537-0500 [DEBUG] [org.gradle.process.internal.health.memory.DefaultMemoryManager] 2769969561 virtual memory requested, 1935044608 free
2026-01-07T00:05:24.537-0500 [DEBUG] [org.gradle.workers.internal.WorkerDaemonExpiration] Will attempt to release 2641 of memory
2026-01-07T00:05:24.537-0500 [DEBUG] [org.gradle.process.internal.health.memory.DefaultMemoryManager] 2769969561 virtual memory requested, 0 released, 1935044608 free
2026-01-07T00:05:29.527-0500 [DEBUG] [org.gradle.process.internal.health.memory.DefaultMemoryManager] 2769969561 virtual memory requested, 1944899584 free
2026-01-07T00:05:29.527-0500 [DEBUG] [org.gradle.workers.internal.WorkerDaemonExpiration] Will attempt to release 2641 of memory
2026-01-07T00:05:29.527-0500 [DEBUG] [org.gradle.process.internal.health.memory.DefaultMemoryManager] 2769969561 virtual memory requested, 0 released, 1944899584 free
2026-01-07T00:05:30.498-0500 [DEBUG] [org.gradle.cache.internal.DefaultFileLockManager] Waiting to acquire shared lock on daemon addresses registry.
2026-01-07T00:05:30.499-0500 [DEBUG] [org.gradle.cache.internal.DefaultFileLockManager] Lock acquired on daemon addresses registry.
2026-01-07T00:05:30.499-0500 [DEBUG] [org.gradle.cache.internal.DefaultFileLockManager] Releasing lock on daemon addresses registry.
2026-01-07T00:05:30.500-0500 [DEBUG] [org.gradle.cache.internal.DefaultFileLockManager] Waiting to acquire shared lock on daemon addresses registry.
2026-01-07T00:05:30.500-0500 [DEBUG] [org.gradle.cache.internal.DefaultFileLockManager] Lock acquired on daemon addresses registry.
2026-01-07T00:05:30.500-0500 [DEBUG] [org.gradle.cache.internal.DefaultFileLockManager] Releasing lock on daemon addresses registry.
2026-01-07T00:05:30.501-0500 [DEBUG] [org.gradle.cache.internal.DefaultFileLockManager] Waiting to acquire shared lock on daemon addresses registry.
2026-01-07T00:05:30.501-0500 [DEBUG] [org.gradle.cache.internal.DefaultFileLockManager] Lock acquired on daemon addresses registry.
2026-01-07T00:05:30.501-0500 [DEBUG] [org.gradle.cache.internal.DefaultFileLockManager] Releasing lock on daemon addresses registry.
2026-01-07T00:05:34.535-0500 [DEBUG] [org.gradle.process.internal.health.memory.DefaultMemoryManager] 2769969561 virtual memory requested, 1969598464 free
2026-01-07T00:05:34.535-0500 [DEBUG] [org.gradle.workers.internal.WorkerDaemonExpiration] Will attempt to release 2641 of memory
2026-01-07T00:05:34.535-0500 [DEBUG] [org.gradle.process.internal.health.memory.DefaultMemoryManager] 2769969561 virtual memory requested, 0 released, 1969598464 free
2026-01-07T00:05:39.526-0500 [DEBUG] [org.gradle.process.internal.health.memory.DefaultMemoryManager] 2769969561 virtual memory requested, 1955446784 free
2026-01-07T00:05:39.527-0500 [DEBUG] [org.gradle.workers.internal.WorkerDaemonExpiration] Will attempt to release 2641 of memory
2026-01-07T00:05:39.527-0500 [DEBUG] [org.gradle.process.internal.health.memory.DefaultMemoryManager] 2769969561 virtual memory requested, 0 released, 1955446784 free
2026-01-07T00:05:40.493-0500 [DEBUG] [org.gradle.cache.internal.DefaultFileLockManager] Waiting to acquire shared lock on daemon addresses registry.
2026-01-07T00:05:40.493-0500 [DEBUG] [org.gradle.cache.internal.DefaultFileLockManager] Lock acquired on daemon addresses registry.
2026-01-07T00:05:40.493-0500 [DEBUG] [org.gradle.cache.internal.DefaultFileLockManager] Releasing lock on daemon addresses registry.
2026-01-07T00:05:40.495-0500 [DEBUG] [org.gradle.cache.internal.DefaultFileLockManager] Waiting to acquire shared lock on daemon addresses registry.
2026-01-07T00:05:40.495-0500 [DEBUG] [org.gradle.cache.internal.DefaultFileLockManager] Lock acquired on daemon addresses registry.
2026-01-07T00:05:40.496-0500 [DEBUG] [org.gradle.cache.internal.DefaultFileLockManager] Releasing lock on daemon addresses registry.
2026-01-07T00:05:40.497-0500 [DEBUG] [org.gradle.cache.internal.DefaultFileLockManager] Waiting to acquire shared lock on daemon addresses registry.
2026-01-07T00:05:40.497-0500 [DEBUG] [org.gradle.cache.internal.DefaultFileLockManager] Lock acquired on daemon addresses registry.
2026-01-07T00:05:40.497-0500 [DEBUG] [org.gradle.cache.internal.DefaultFileLockManager] Releasing lock on daemon addresses registry.
2026-01-07T00:05:44.529-0500 [DEBUG] [org.gradle.process.internal.health.memory.DefaultMemoryManager] 2769969561 virtual memory requested, 1955274752 free
2026-01-07T00:05:44.529-0500 [DEBUG] [org.gradle.workers.internal.WorkerDaemonExpiration] Will attempt to release 2641 of memory
2026-01-07T00:05:44.529-0500 [DEBUG] [org.gradle.process.internal.health.memory.DefaultMemoryManager] 2769969561 virtual memory requested, 0 released, 1955274752 free
2026-01-07T00:05:49.541-0500 [DEBUG] [org.gradle.process.internal.health.memory.DefaultMemoryManager] 2769969561 virtual memory requested, 1901871104 free
2026-01-07T00:05:49.541-0500 [DEBUG] [org.gradle.workers.internal.WorkerDaemonExpiration] Will attempt to release 2641 of memory
2026-01-07T00:05:49.541-0500 [DEBUG] [org.gradle.process.internal.health.memory.DefaultMemoryManager] 2769969561 virtual memory requested, 0 released, 1901871104 free
2026-01-07T00:05:50.492-0500 [DEBUG] [org.gradle.cache.internal.DefaultFileLockManager] Waiting to acquire shared lock on daemon addresses registry.
2026-01-07T00:05:50.492-0500 [DEBUG] [org.gradle.cache.internal.DefaultFileLockManager] Lock acquired on daemon addresses registry.
2026-01-07T00:05:50.493-0500 [DEBUG] [org.gradle.cache.internal.DefaultFileLockManager] Releasing lock on daemon addresses registry.
2026-01-07T00:05:50.494-0500 [DEBUG] [org.gradle.cache.internal.DefaultFileLockManager] Waiting to acquire shared lock on daemon addresses registry.
2026-01-07T00:05:50.494-0500 [DEBUG] [org.gradle.cache.internal.DefaultFileLockManager] Lock acquired on daemon addresses registry.
2026-01-07T00:05:50.494-0500 [DEBUG] [org.gradle.cache.internal.DefaultFileLockManager] Releasing lock on daemon addresses registry.
2026-01-07T00:05:50.495-0500 [DEBUG] [org.gradle.cache.internal.DefaultFileLockManager] Waiting to acquire shared lock on daemon addresses registry.
2026-01-07T00:05:50.495-0500 [DEBUG] [org.gradle.cache.internal.DefaultFileLockManager] Lock acquired on daemon addresses registry.
2026-01-07T00:05:50.495-0500 [DEBUG] [org.gradle.cache.internal.DefaultFileLockManager] Releasing lock on daemon addresses registry.
2026-01-07T00:05:54.537-0500 [DEBUG] [org.gradle.process.internal.health.memory.DefaultMemoryManager] 2769969561 virtual memory requested, 1866735616 free
2026-01-07T00:05:54.537-0500 [DEBUG] [org.gradle.workers.internal.WorkerDaemonExpiration] Will attempt to release 2641 of memory
2026-01-07T00:05:54.537-0500 [DEBUG] [org.gradle.process.internal.health.memory.DefaultMemoryManager] 2769969561 virtual memory requested, 0 released, 1866735616 free
2026-01-07T00:05:59.540-0500 [DEBUG] [org.gradle.process.internal.health.memory.DefaultMemoryManager] 2769969561 virtual memory requested, 1869479936 free
2026-01-07T00:05:59.540-0500 [DEBUG] [org.gradle.workers.internal.WorkerDaemonExpiration] Will attempt to release 2641 of memory
2026-01-07T00:05:59.540-0500 [DEBUG] [org.gradle.process.internal.health.memory.DefaultMemoryManager] 2769969561 virtual memory requested, 0 released, 1869479936 free
2026-01-07T00:06:00.494-0500 [DEBUG] [org.gradle.cache.internal.DefaultFileLockManager] Waiting to acquire shared lock on daemon addresses registry.
2026-01-07T00:06:00.494-0500 [DEBUG] [org.gradle.cache.internal.DefaultFileLockManager] Lock acquired on daemon addresses registry.
2026-01-07T00:06:00.494-0500 [DEBUG] [org.gradle.cache.internal.DefaultFileLockManager] Releasing lock on daemon addresses registry.
2026-01-07T00:06:00.495-0500 [DEBUG] [org.gradle.cache.internal.DefaultFileLockManager] Waiting to acquire shared lock on daemon addresses registry.
2026-01-07T00:06:00.495-0500 [DEBUG] [org.gradle.cache.internal.DefaultFileLockManager] Lock acquired on daemon addresses registry.
2026-01-07T00:06:00.495-0500 [DEBUG] [org.gradle.cache.internal.DefaultFileLockManager] Releasing lock on daemon addresses registry.
2026-01-07T00:06:00.496-0500 [DEBUG] [org.gradle.cache.internal.DefaultFileLockManager] Waiting to acquire shared lock on daemon addresses registry.
2026-01-07T00:06:00.496-0500 [DEBUG] [org.gradle.cache.internal.DefaultFileLockManager] Lock acquired on daemon addresses registry.
2026-01-07T00:06:00.496-0500 [DEBUG] [org.gradle.cache.internal.DefaultFileLockManager] Releasing lock on daemon addresses registry.
2026-01-07T00:06:04.539-0500 [DEBUG] [org.gradle.process.internal.health.memory.DefaultMemoryManager] 2769969561 virtual memory requested, 1802248192 free
2026-01-07T00:06:04.539-0500 [DEBUG] [org.gradle.workers.internal.WorkerDaemonExpiration] Will attempt to release 2641 of memory
2026-01-07T00:06:04.539-0500 [DEBUG] [org.gradle.process.internal.health.memory.DefaultMemoryManager] 2769969561 virtual memory requested, 0 released, 1802248192 free
2026-01-07T00:06:09.543-0500 [DEBUG] [org.gradle.process.internal.health.memory.DefaultMemoryManager] 2769969561 virtual memory requested, 1706807296 free
2026-01-07T00:06:09.543-0500 [DEBUG] [org.gradle.workers.internal.WorkerDaemonExpiration] Will attempt to release 2641 of memory
2026-01-07T00:06:09.543-0500 [DEBUG] [org.gradle.process.internal.health.memory.DefaultMemoryManager] 2769969561 virtual memory requested, 0 released, 1706807296 free
2026-01-07T00:06:10.500-0500 [DEBUG] [org.gradle.cache.internal.DefaultFileLockManager] Waiting to acquire shared lock on daemon addresses registry.
2026-01-07T00:06:10.500-0500 [DEBUG] [org.gradle.cache.internal.DefaultFileLockManager] Lock acquired on daemon addresses registry.
2026-01-07T00:06:10.501-0500 [DEBUG] [org.gradle.cache.internal.DefaultFileLockManager] Releasing lock on daemon addresses registry.
2026-01-07T00:06:10.502-0500 [DEBUG] [org.gradle.cache.internal.DefaultFileLockManager] Waiting to acquire shared lock on daemon addresses registry.
2026-01-07T00:06:10.502-0500 [DEBUG] [org.gradle.cache.internal.DefaultFileLockManager] Lock acquired on daemon addresses registry.
2026-01-07T00:06:10.502-0500 [DEBUG] [org.gradle.cache.internal.DefaultFileLockManager] Releasing lock on daemon addresses registry.
2026-01-07T00:06:10.503-0500 [DEBUG] [org.gradle.cache.internal.DefaultFileLockManager] Waiting to acquire shared lock on daemon addresses registry.
2026-01-07T00:06:10.503-0500 [DEBUG] [org.gradle.cache.internal.DefaultFileLockManager] Lock acquired on daemon addresses registry.
2026-01-07T00:06:10.503-0500 [DEBUG] [org.gradle.cache.internal.DefaultFileLockManager] Releasing lock on daemon addresses registry.
2026-01-07T00:06:14.539-0500 [DEBUG] [org.gradle.process.internal.health.memory.DefaultMemoryManager] 2769969561 virtual memory requested, 1794793472 free
2026-01-07T00:06:14.539-0500 [DEBUG] [org.gradle.workers.internal.WorkerDaemonExpiration] Will attempt to release 2641 of memory
2026-01-07T00:06:14.539-0500 [DEBUG] [org.gradle.process.internal.health.memory.DefaultMemoryManager] 2769969561 virtual memory requested, 0 released, 1794793472 free
2026-01-07T00:06:19.529-0500 [DEBUG] [org.gradle.process.internal.health.memory.DefaultMemoryManager] 2769969561 virtual memory requested, 1894076416 free
2026-01-07T00:06:19.529-0500 [DEBUG] [org.gradle.workers.internal.WorkerDaemonExpiration] Will attempt to release 2641 of memory
2026-01-07T00:06:19.529-0500 [DEBUG] [org.gradle.process.internal.health.memory.DefaultMemoryManager] 2769969561 virtual memory requested, 0 released, 1894076416 free
2026-01-07T00:06:20.499-0500 [DEBUG] [org.gradle.cache.internal.DefaultFileLockManager] Waiting to acquire shared lock on daemon addresses registry.
2026-01-07T00:06:20.499-0500 [DEBUG] [org.gradle.cache.internal.DefaultFileLockManager] Lock acquired on daemon addresses registry.
2026-01-07T00:06:20.499-0500 [DEBUG] [org.gradle.cache.internal.DefaultFileLockManager] Releasing lock on daemon addresses registry.
2026-01-07T00:06:20.500-0500 [DEBUG] [org.gradle.cache.internal.DefaultFileLockManager] Waiting to acquire shared lock on daemon addresses registry.
2026-01-07T00:06:20.500-0500 [DEBUG] [org.gradle.cache.internal.DefaultFileLockManager] Lock acquired on daemon addresses registry.
2026-01-07T00:06:20.500-0500 [DEBUG] [org.gradle.cache.internal.DefaultFileLockManager] Releasing lock on daemon addresses registry.
2026-01-07T00:06:20.501-0500 [DEBUG] [org.gradle.cache.internal.DefaultFileLockManager] Waiting to acquire shared lock on daemon addresses registry.
2026-01-07T00:06:20.501-0500 [DEBUG] [org.gradle.cache.internal.DefaultFileLockManager] Lock acquired on daemon addresses registry.
2026-01-07T00:06:20.501-0500 [DEBUG] [org.gradle.cache.internal.DefaultFileLockManager] Releasing lock on daemon addresses registry.
2026-01-07T00:06:24.536-0500 [DEBUG] [org.gradle.process.internal.health.memory.DefaultMemoryManager] 2769969561 virtual memory requested, 1923915776 free
2026-01-07T00:06:24.536-0500 [DEBUG] [org.gradle.workers.internal.WorkerDaemonExpiration] Will attempt to release 2641 of memory
2026-01-07T00:06:24.536-0500 [DEBUG] [org.gradle.process.internal.health.memory.DefaultMemoryManager] 2769969561 virtual memory requested, 0 released, 1923915776 free
2026-01-07T00:06:29.537-0500 [DEBUG] [org.gradle.process.internal.health.memory.DefaultMemoryManager] 2769969561 virtual memory requested, 1802420224 free
2026-01-07T00:06:29.537-0500 [DEBUG] [org.gradle.workers.internal.WorkerDaemonExpiration] Will attempt to release 2641 of memory
2026-01-07T00:06:29.537-0500 [DEBUG] [org.gradle.process.internal.health.memory.DefaultMemoryManager] 2769969561 virtual memory requested, 0 released, 1802420224 free
2026-01-07T00:06:30.497-0500 [DEBUG] [org.gradle.cache.internal.DefaultFileLockManager] Waiting to acquire shared lock on daemon addresses registry.
2026-01-07T00:06:30.497-0500 [DEBUG] [org.gradle.cache.internal.DefaultFileLockManager] Lock acquired on daemon addresses registry.
2026-01-07T00:06:30.497-0500 [DEBUG] [org.gradle.cache.internal.DefaultFileLockManager] Releasing lock on daemon addresses registry.
2026-01-07T00:06:30.498-0500 [DEBUG] [org.gradle.cache.internal.DefaultFileLockManager] Waiting to acquire shared lock on daemon addresses registry.
2026-01-07T00:06:30.498-0500 [DEBUG] [org.gradle.cache.internal.DefaultFileLockManager] Lock acquired on daemon addresses registry.
2026-01-07T00:06:30.498-0500 [DEBUG] [org.gradle.cache.internal.DefaultFileLockManager] Releasing lock on daemon addresses registry.
2026-01-07T00:06:30.498-0500 [DEBUG] [org.gradle.cache.internal.DefaultFileLockManager] Waiting to acquire shared lock on daemon addresses registry.
2026-01-07T00:06:30.498-0500 [DEBUG] [org.gradle.cache.internal.DefaultFileLockManager] Lock acquired on daemon addresses registry.
2026-01-07T00:06:30.498-0500 [DEBUG] [org.gradle.cache.internal.DefaultFileLockManager] Releasing lock on daemon addresses registry.
2026-01-07T00:06:34.531-0500 [DEBUG] [org.gradle.process.internal.health.memory.DefaultMemoryManager] 2769969561 virtual memory requested, 1899905024 free
2026-01-07T00:06:34.532-0500 [DEBUG] [org.gradle.workers.internal.WorkerDaemonExpiration] Will attempt to release 2641 of memory
2026-01-07T00:06:34.532-0500 [DEBUG] [org.gradle.process.internal.health.memory.DefaultMemoryManager] 2769969561 virtual memory requested, 0 released, 1899905024 free
2026-01-07T00:06:39.533-0500 [DEBUG] [org.gradle.process.internal.health.memory.DefaultMemoryManager] 2769969561 virtual memory requested, 1904545792 free
2026-01-07T00:06:39.533-0500 [DEBUG] [org.gradle.workers.internal.WorkerDaemonExpiration] Will attempt to release 2641 of memory
2026-01-07T00:06:39.533-0500 [DEBUG] [org.gradle.process.internal.health.memory.DefaultMemoryManager] 2769969561 virtual memory requested, 0 released, 1904545792 free
2026-01-07T00:06:40.498-0500 [DEBUG] [org.gradle.cache.internal.DefaultFileLockManager] Waiting to acquire shared lock on daemon addresses registry.
2026-01-07T00:06:40.498-0500 [DEBUG] [org.gradle.cache.internal.DefaultFileLockManager] Lock acquired on daemon addresses registry.
2026-01-07T00:06:40.498-0500 [DEBUG] [org.gradle.cache.internal.DefaultFileLockManager] Releasing lock on daemon addresses registry.
2026-01-07T00:06:40.499-0500 [DEBUG] [org.gradle.cache.internal.DefaultFileLockManager] Waiting to acquire shared lock on daemon addresses registry.
2026-01-07T00:06:40.499-0500 [DEBUG] [org.gradle.cache.internal.DefaultFileLockManager] Lock acquired on daemon addresses registry.
2026-01-07T00:06:40.499-0500 [DEBUG] [org.gradle.cache.internal.DefaultFileLockManager] Releasing lock on daemon addresses registry.
2026-01-07T00:06:40.500-0500 [DEBUG] [org.gradle.cache.internal.DefaultFileLockManager] Waiting to acquire shared lock on daemon addresses registry.
2026-01-07T00:06:40.500-0500 [DEBUG] [org.gradle.cache.internal.DefaultFileLockManager] Lock acquired on daemon addresses registry.
2026-01-07T00:06:40.500-0500 [DEBUG] [org.gradle.cache.internal.DefaultFileLockManager] Releasing lock on daemon addresses registry.
2026-01-07T00:06:44.532-0500 [DEBUG] [org.gradle.process.internal.health.memory.DefaultMemoryManager] 2769969561 virtual memory requested, 1898217472 free
2026-01-07T00:06:44.533-0500 [DEBUG] [org.gradle.workers.internal.WorkerDaemonExpiration] Will attempt to release 2641 of memory
2026-01-07T00:06:44.533-0500 [DEBUG] [org.gradle.process.internal.health.memory.DefaultMemoryManager] 2769969561 virtual memory requested, 0 released, 1898217472 free
2026-01-07T00:06:49.532-0500 [DEBUG] [org.gradle.process.internal.health.memory.DefaultMemoryManager] 2769969561 virtual memory requested, 1866485760 free
2026-01-07T00:06:49.532-0500 [DEBUG] [org.gradle.workers.internal.WorkerDaemonExpiration] Will attempt to release 2641 of memory
2026-01-07T00:06:49.533-0500 [DEBUG] [org.gradle.process.internal.health.memory.DefaultMemoryManager] 2769969561 virtual memory requested, 0 released, 1866485760 free
2026-01-07T00:06:50.510-0500 [DEBUG] [org.gradle.cache.internal.DefaultFileLockManager] Waiting to acquire shared lock on daemon addresses registry.
2026-01-07T00:06:50.510-0500 [DEBUG] [org.gradle.cache.internal.DefaultFileLockManager] Lock acquired on daemon addresses registry.
2026-01-07T00:06:50.511-0500 [DEBUG] [org.gradle.cache.internal.DefaultFileLockManager] Releasing lock on daemon addresses registry.
2026-01-07T00:06:50.512-0500 [DEBUG] [org.gradle.cache.internal.DefaultFileLockManager] Waiting to acquire shared lock on daemon addresses registry.
2026-01-07T00:06:50.512-0500 [DEBUG] [org.gradle.cache.internal.DefaultFileLockManager] Lock acquired on daemon addresses registry.
2026-01-07T00:06:50.512-0500 [DEBUG] [org.gradle.cache.internal.DefaultFileLockManager] Releasing lock on daemon addresses registry.
2026-01-07T00:06:50.513-0500 [DEBUG] [org.gradle.cache.internal.DefaultFileLockManager] Waiting to acquire shared lock on daemon addresses registry.
2026-01-07T00:06:50.513-0500 [DEBUG] [org.gradle.cache.internal.DefaultFileLockManager] Lock acquired on daemon addresses registry.
2026-01-07T00:06:50.513-0500 [DEBUG] [org.gradle.cache.internal.DefaultFileLockManager] Releasing lock on daemon addresses registry.
2026-01-07T00:06:54.545-0500 [DEBUG] [org.gradle.process.internal.health.memory.DefaultMemoryManager] 2769969561 virtual memory requested, 1682812928 free
2026-01-07T00:06:54.545-0500 [DEBUG] [org.gradle.workers.internal.WorkerDaemonExpiration] Will attempt to release 2641 of memory
2026-01-07T00:06:54.545-0500 [DEBUG] [org.gradle.process.internal.health.memory.DefaultMemoryManager] 2769969561 virtual memory requested, 0 released, 1682812928 free
2026-01-07T00:06:59.543-0500 [DEBUG] [org.gradle.process.internal.health.memory.DefaultMemoryManager] 2769969561 virtual memory requested, 1920225280 free
2026-01-07T00:06:59.543-0500 [DEBUG] [org.gradle.workers.internal.WorkerDaemonExpiration] Will attempt to release 2641 of memory
2026-01-07T00:06:59.543-0500 [DEBUG] [org.gradle.process.internal.health.memory.DefaultMemoryManager] 2769969561 virtual memory requested, 0 released, 1920225280 free
2026-01-07T00:07:00.499-0500 [DEBUG] [org.gradle.cache.internal.DefaultFileLockManager] Waiting to acquire shared lock on daemon addresses registry.
2026-01-07T00:07:00.499-0500 [DEBUG] [org.gradle.cache.internal.DefaultFileLockManager] Lock acquired on daemon addresses registry.
2026-01-07T00:07:00.499-0500 [DEBUG] [org.gradle.cache.internal.DefaultFileLockManager] Releasing lock on daemon addresses registry.
2026-01-07T00:07:00.500-0500 [DEBUG] [org.gradle.cache.internal.DefaultFileLockManager] Waiting to acquire shared lock on daemon addresses registry.
2026-01-07T00:07:00.500-0500 [DEBUG] [org.gradle.cache.internal.DefaultFileLockManager] Lock acquired on daemon addresses registry.
2026-01-07T00:07:00.500-0500 [DEBUG] [org.gradle.cache.internal.DefaultFileLockManager] Releasing lock on daemon addresses registry.
2026-01-07T00:07:00.501-0500 [DEBUG] [org.gradle.cache.internal.DefaultFileLockManager] Waiting to acquire shared lock on daemon addresses registry.
2026-01-07T00:07:00.501-0500 [DEBUG] [org.gradle.cache.internal.DefaultFileLockManager] Lock acquired on daemon addresses registry.
2026-01-07T00:07:00.501-0500 [DEBUG] [org.gradle.cache.internal.DefaultFileLockManager] Releasing lock on daemon addresses registry.
2026-01-07T00:07:04.537-0500 [DEBUG] [org.gradle.process.internal.health.memory.DefaultMemoryManager] 2769969561 virtual memory requested, 1945960448 free
2026-01-07T00:07:04.537-0500 [DEBUG] [org.gradle.workers.internal.WorkerDaemonExpiration] Will attempt to release 2641 of memory
2026-01-07T00:07:04.537-0500 [DEBUG] [org.gradle.process.internal.health.memory.DefaultMemoryManager] 2769969561 virtual memory requested, 0 released, 1945960448 free
2026-01-07T00:07:09.545-0500 [DEBUG] [org.gradle.process.internal.health.memory.DefaultMemoryManager] 2769969561 virtual memory requested, 1944633344 free
2026-01-07T00:07:09.546-0500 [DEBUG] [org.gradle.workers.internal.WorkerDaemonExpiration] Will attempt to release 2641 of memory
2026-01-07T00:07:09.546-0500 [DEBUG] [org.gradle.process.internal.health.memory.DefaultMemoryManager] 2769969561 virtual memory requested, 0 released, 1944633344 free
2026-01-07T00:07:10.511-0500 [DEBUG] [org.gradle.cache.internal.DefaultFileLockManager] Waiting to acquire shared lock on daemon addresses registry.
2026-01-07T00:07:10.511-0500 [DEBUG] [org.gradle.cache.internal.DefaultFileLockManager] Lock acquired on daemon addresses registry.
2026-01-07T00:07:10.511-0500 [DEBUG] [org.gradle.cache.internal.DefaultFileLockManager] Releasing lock on daemon addresses registry.
2026-01-07T00:07:10.511-0500 [DEBUG] [org.gradle.cache.internal.DefaultFileLockManager] Waiting to acquire shared lock on daemon addresses registry.
2026-01-07T00:07:10.512-0500 [DEBUG] [org.gradle.cache.internal.DefaultFileLockManager] Lock acquired on daemon addresses registry.
2026-01-07T00:07:10.512-0500 [DEBUG] [org.gradle.cache.internal.DefaultFileLockManager] Releasing lock on daemon addresses registry.
2026-01-07T00:07:10.512-0500 [DEBUG] [org.gradle.cache.internal.DefaultFileLockManager] Waiting to acquire shared lock on daemon addresses registry.
2026-01-07T00:07:10.512-0500 [DEBUG] [org.gradle.cache.internal.DefaultFileLockManager] Lock acquired on daemon addresses registry.
2026-01-07T00:07:10.513-0500 [DEBUG] [org.gradle.cache.internal.DefaultFileLockManager] Releasing lock on daemon addresses registry.
2026-01-07T00:07:14.541-0500 [DEBUG] [org.gradle.process.internal.health.memory.DefaultMemoryManager] 2769969561 virtual memory requested, 1872715776 free
2026-01-07T00:07:14.541-0500 [DEBUG] [org.gradle.workers.internal.WorkerDaemonExpiration] Will attempt to release 2641 of memory
2026-01-07T00:07:14.541-0500 [DEBUG] [org.gradle.process.internal.health.memory.DefaultMemoryManager] 2769969561 virtual memory requested, 0 released, 1872715776 free
2026-01-07T00:07:19.544-0500 [DEBUG] [org.gradle.process.internal.health.memory.DefaultMemoryManager] 2769969561 virtual memory requested, 1836740608 free
2026-01-07T00:07:19.545-0500 [DEBUG] [org.gradle.workers.internal.WorkerDaemonExpiration] Will attempt to release 2641 of memory
2026-01-07T00:07:19.545-0500 [DEBUG] [org.gradle.process.internal.health.memory.DefaultMemoryManager] 2769969561 virtual memory requested, 0 released, 1836740608 free
2026-01-07T00:07:20.498-0500 [DEBUG] [org.gradle.cache.internal.DefaultFileLockManager] Waiting to acquire shared lock on daemon addresses registry.
2026-01-07T00:07:20.498-0500 [DEBUG] [org.gradle.cache.internal.DefaultFileLockManager] Lock acquired on daemon addresses registry.
2026-01-07T00:07:20.499-0500 [DEBUG] [org.gradle.cache.internal.DefaultFileLockManager] Releasing lock on daemon addresses registry.
2026-01-07T00:07:20.499-0500 [DEBUG] [org.gradle.cache.internal.DefaultFileLockManager] Waiting to acquire shared lock on daemon addresses registry.
2026-01-07T00:07:20.499-0500 [DEBUG] [org.gradle.cache.internal.DefaultFileLockManager] Lock acquired on daemon addresses registry.
2026-01-07T00:07:20.499-0500 [DEBUG] [org.gradle.cache.internal.DefaultFileLockManager] Releasing lock on daemon addresses registry.
2026-01-07T00:07:20.500-0500 [DEBUG] [org.gradle.cache.internal.DefaultFileLockManager] Waiting to acquire shared lock on daemon addresses registry.
2026-01-07T00:07:20.500-0500 [DEBUG] [org.gradle.cache.internal.DefaultFileLockManager] Lock acquired on daemon addresses registry.
2026-01-07T00:07:20.500-0500 [DEBUG] [org.gradle.cache.internal.DefaultFileLockManager] Releasing lock on daemon addresses registry.
2026-01-07T00:07:24.545-0500 [DEBUG] [org.gradle.process.internal.health.memory.DefaultMemoryManager] 2769969561 virtual memory requested, 1794899968 free
2026-01-07T00:07:24.545-0500 [DEBUG] [org.gradle.workers.internal.WorkerDaemonExpiration] Will attempt to release 2641 of memory
2026-01-07T00:07:24.545-0500 [DEBUG] [org.gradle.process.internal.health.memory.DefaultMemoryManager] 2769969561 virtual memory requested, 0 released, 1794899968 free
2026-01-07T00:07:29.540-0500 [DEBUG] [org.gradle.process.internal.health.memory.DefaultMemoryManager] 2769969561 virtual memory requested, 1801322496 free
2026-01-07T00:07:29.540-0500 [DEBUG] [org.gradle.workers.internal.WorkerDaemonExpiration] Will attempt to release 2641 of memory
2026-01-07T00:07:29.540-0500 [DEBUG] [org.gradle.process.internal.health.memory.DefaultMemoryManager] 2769969561 virtual memory requested, 0 released, 1801322496 free
2026-01-07T00:07:30.510-0500 [DEBUG] [org.gradle.cache.internal.DefaultFileLockManager] Waiting to acquire shared lock on daemon addresses registry.
2026-01-07T00:07:30.510-0500 [DEBUG] [org.gradle.cache.internal.DefaultFileLockManager] Lock acquired on daemon addresses registry.
2026-01-07T00:07:30.511-0500 [DEBUG] [org.gradle.cache.internal.DefaultFileLockManager] Releasing lock on daemon addresses registry.
2026-01-07T00:07:30.512-0500 [DEBUG] [org.gradle.cache.internal.DefaultFileLockManager] Waiting to acquire shared lock on daemon addresses registry.
2026-01-07T00:07:30.512-0500 [DEBUG] [org.gradle.cache.internal.DefaultFileLockManager] Lock acquired on daemon addresses registry.
2026-01-07T00:07:30.512-0500 [DEBUG] [org.gradle.cache.internal.DefaultFileLockManager] Releasing lock on daemon addresses registry.
2026-01-07T00:07:30.513-0500 [DEBUG] [org.gradle.cache.internal.DefaultFileLockManager] Waiting to acquire shared lock on daemon addresses registry.
2026-01-07T00:07:30.513-0500 [DEBUG] [org.gradle.cache.internal.DefaultFileLockManager] Lock acquired on daemon addresses registry.
2026-01-07T00:07:30.513-0500 [DEBUG] [org.gradle.cache.internal.DefaultFileLockManager] Releasing lock on daemon addresses registry.
2026-01-07T00:07:34.544-0500 [DEBUG] [org.gradle.process.internal.health.memory.DefaultMemoryManager] 2769969561 virtual memory requested, 1800732672 free
2026-01-07T00:07:34.544-0500 [DEBUG] [org.gradle.workers.internal.WorkerDaemonExpiration] Will attempt to release 2641 of memory
2026-01-07T00:07:34.544-0500 [DEBUG] [org.gradle.process.internal.health.memory.DefaultMemoryManager] 2769969561 virtual memory requested, 0 released, 1800732672 free
2026-01-07T00:07:39.540-0500 [DEBUG] [org.gradle.process.internal.health.memory.DefaultMemoryManager] 2769969561 virtual memory requested, 1772871680 free
2026-01-07T00:07:39.540-0500 [DEBUG] [org.gradle.workers.internal.WorkerDaemonExpiration] Will attempt to release 2641 of memory
2026-01-07T00:07:39.540-0500 [DEBUG] [org.gradle.process.internal.health.memory.DefaultMemoryManager] 2769969561 virtual memory requested, 0 released, 1772871680 free
2026-01-07T00:07:40.509-0500 [DEBUG] [org.gradle.cache.internal.DefaultFileLockManager] Waiting to acquire shared lock on daemon addresses registry.
2026-01-07T00:07:40.509-0500 [DEBUG] [org.gradle.cache.internal.DefaultFileLockManager] Lock acquired on daemon addresses registry.
2026-01-07T00:07:40.509-0500 [DEBUG] [org.gradle.cache.internal.DefaultFileLockManager] Releasing lock on daemon addresses registry.
2026-01-07T00:07:40.510-0500 [DEBUG] [org.gradle.cache.internal.DefaultFileLockManager] Waiting to acquire shared lock on daemon addresses registry.
2026-01-07T00:07:40.510-0500 [DEBUG] [org.gradle.cache.internal.DefaultFileLockManager] Lock acquired on daemon addresses registry.
2026-01-07T00:07:40.510-0500 [DEBUG] [org.gradle.cache.internal.DefaultFileLockManager] Releasing lock on daemon addresses registry.
2026-01-07T00:07:40.511-0500 [DEBUG] [org.gradle.cache.internal.DefaultFileLockManager] Waiting to acquire shared lock on daemon addresses registry.
2026-01-07T00:07:40.511-0500 [DEBUG] [org.gradle.cache.internal.DefaultFileLockManager] Lock acquired on daemon addresses registry.
2026-01-07T00:07:40.511-0500 [DEBUG] [org.gradle.cache.internal.DefaultFileLockManager] Releasing lock on daemon addresses registry.
2026-01-07T00:07:44.544-0500 [DEBUG] [org.gradle.process.internal.health.memory.DefaultMemoryManager] 2769969561 virtual memory requested, 1768476672 free
2026-01-07T00:07:44.544-0500 [DEBUG] [org.gradle.workers.internal.WorkerDaemonExpiration] Will attempt to release 2641 of memory
2026-01-07T00:07:44.544-0500 [DEBUG] [org.gradle.process.internal.health.memory.DefaultMemoryManager] 2769969561 virtual memory requested, 0 released, 1768476672 free
2026-01-07T00:07:49.544-0500 [DEBUG] [org.gradle.process.internal.health.memory.DefaultMemoryManager] 2769969561 virtual memory requested, 1790107648 free
2026-01-07T00:07:49.544-0500 [DEBUG] [org.gradle.workers.internal.WorkerDaemonExpiration] Will attempt to release 2641 of memory
2026-01-07T00:07:49.544-0500 [DEBUG] [org.gradle.process.internal.health.memory.DefaultMemoryManager] 2769969561 virtual memory requested, 0 released, 1790107648 free
2026-01-07T00:07:50.500-0500 [DEBUG] [org.gradle.cache.internal.DefaultFileLockManager] Waiting to acquire shared lock on daemon addresses registry.
2026-01-07T00:07:50.500-0500 [DEBUG] [org.gradle.cache.internal.DefaultFileLockManager] Lock acquired on daemon addresses registry.
2026-01-07T00:07:50.500-0500 [DEBUG] [org.gradle.cache.internal.DefaultFileLockManager] Releasing lock on daemon addresses registry.
2026-01-07T00:07:50.501-0500 [DEBUG] [org.gradle.cache.internal.DefaultFileLockManager] Waiting to acquire shared lock on daemon addresses registry.
2026-01-07T00:07:50.501-0500 [DEBUG] [org.gradle.cache.internal.DefaultFileLockManager] Lock acquired on daemon addresses registry.
2026-01-07T00:07:50.502-0500 [DEBUG] [org.gradle.cache.internal.DefaultFileLockManager] Releasing lock on daemon addresses registry.
2026-01-07T00:07:50.502-0500 [DEBUG] [org.gradle.cache.internal.DefaultFileLockManager] Waiting to acquire shared lock on daemon addresses registry.
2026-01-07T00:07:50.502-0500 [DEBUG] [org.gradle.cache.internal.DefaultFileLockManager] Lock acquired on daemon addresses registry.
2026-01-07T00:07:50.503-0500 [DEBUG] [org.gradle.cache.internal.DefaultFileLockManager] Releasing lock on daemon addresses registry.
2026-01-07T00:07:54.539-0500 [DEBUG] [org.gradle.process.internal.health.memory.DefaultMemoryManager] 2769969561 virtual memory requested, 1800069120 free
2026-01-07T00:07:54.539-0500 [DEBUG] [org.gradle.workers.internal.WorkerDaemonExpiration] Will attempt to release 2641 of memory
2026-01-07T00:07:54.539-0500 [DEBUG] [org.gradle.process.internal.health.memory.DefaultMemoryManager] 2769969561 virtual memory requested, 0 released, 1800069120 free
2026-01-07T00:07:59.540-0500 [DEBUG] [org.gradle.process.internal.health.memory.DefaultMemoryManager] 2769969561 virtual memory requested, 1805635584 free
2026-01-07T00:07:59.540-0500 [DEBUG] [org.gradle.workers.internal.WorkerDaemonExpiration] Will attempt to release 2641 of memory
2026-01-07T00:07:59.540-0500 [DEBUG] [org.gradle.process.internal.health.memory.DefaultMemoryManager] 2769969561 virtual memory requested, 0 released, 1805635584 free
2026-01-07T00:08:00.512-0500 [DEBUG] [org.gradle.cache.internal.DefaultFileLockManager] Waiting to acquire shared lock on daemon addresses registry.
2026-01-07T00:08:00.512-0500 [DEBUG] [org.gradle.cache.internal.DefaultFileLockManager] Lock acquired on daemon addresses registry.
2026-01-07T00:08:00.512-0500 [DEBUG] [org.gradle.cache.internal.DefaultFileLockManager] Releasing lock on daemon addresses registry.
2026-01-07T00:08:00.513-0500 [DEBUG] [org.gradle.cache.internal.DefaultFileLockManager] Waiting to acquire shared lock on daemon addresses registry.
2026-01-07T00:08:00.513-0500 [DEBUG] [org.gradle.cache.internal.DefaultFileLockManager] Lock acquired on daemon addresses registry.
2026-01-07T00:08:00.513-0500 [DEBUG] [org.gradle.cache.internal.DefaultFileLockManager] Releasing lock on daemon addresses registry.
2026-01-07T00:08:00.514-0500 [DEBUG] [org.gradle.cache.internal.DefaultFileLockManager] Waiting to acquire shared lock on daemon addresses registry.
2026-01-07T00:08:00.514-0500 [DEBUG] [org.gradle.cache.internal.DefaultFileLockManager] Lock acquired on daemon addresses registry.
2026-01-07T00:08:00.514-0500 [DEBUG] [org.gradle.cache.internal.DefaultFileLockManager] Releasing lock on daemon addresses registry.
2026-01-07T00:08:04.544-0500 [DEBUG] [org.gradle.process.internal.health.memory.DefaultMemoryManager] 2769969561 virtual memory requested, 1788547072 free
2026-01-07T00:08:04.545-0500 [DEBUG] [org.gradle.workers.internal.WorkerDaemonExpiration] Will attempt to release 2641 of memory
2026-01-07T00:08:04.545-0500 [DEBUG] [org.gradle.process.internal.health.memory.DefaultMemoryManager] 2769969561 virtual memory requested, 0 released, 1788547072 free
2026-01-07T00:08:09.547-0500 [DEBUG] [org.gradle.process.internal.health.memory.DefaultMemoryManager] 2769969561 virtual memory requested, 1782374400 free
2026-01-07T00:08:09.548-0500 [DEBUG] [org.gradle.workers.internal.WorkerDaemonExpiration] Will attempt to release 2641 of memory
2026-01-07T00:08:09.548-0500 [DEBUG] [org.gradle.process.internal.health.memory.DefaultMemoryManager] 2769969561 virtual memory requested, 0 released, 1782374400 free
2026-01-07T00:08:10.503-0500 [DEBUG] [org.gradle.cache.internal.DefaultFileLockManager] Waiting to acquire shared lock on daemon addresses registry.
2026-01-07T00:08:10.503-0500 [DEBUG] [org.gradle.cache.internal.DefaultFileLockManager] Lock acquired on daemon addresses registry.
2026-01-07T00:08:10.504-0500 [DEBUG] [org.gradle.cache.internal.DefaultFileLockManager] Releasing lock on daemon addresses registry.
2026-01-07T00:08:10.505-0500 [DEBUG] [org.gradle.cache.internal.DefaultFileLockManager] Waiting to acquire shared lock on daemon addresses registry.
2026-01-07T00:08:10.505-0500 [DEBUG] [org.gradle.cache.internal.DefaultFileLockManager] Lock acquired on daemon addresses registry.
2026-01-07T00:08:10.505-0500 [DEBUG] [org.gradle.cache.internal.DefaultFileLockManager] Releasing lock on daemon addresses registry.
2026-01-07T00:08:10.506-0500 [DEBUG] [org.gradle.cache.internal.DefaultFileLockManager] Waiting to acquire shared lock on daemon addresses registry.
2026-01-07T00:08:10.506-0500 [DEBUG] [org.gradle.cache.internal.DefaultFileLockManager] Lock acquired on daemon addresses registry.
2026-01-07T00:08:10.507-0500 [DEBUG] [org.gradle.cache.internal.DefaultFileLockManager] Releasing lock on daemon addresses registry.
2026-01-07T00:08:14.546-0500 [DEBUG] [org.gradle.process.internal.health.memory.DefaultMemoryManager] 2769969561 virtual memory requested, 1872695296 free
2026-01-07T00:08:14.547-0500 [DEBUG] [org.gradle.workers.internal.WorkerDaemonExpiration] Will attempt to release 2641 of memory
2026-01-07T00:08:14.547-0500 [DEBUG] [org.gradle.process.internal.health.memory.DefaultMemoryManager] 2769969561 virtual memory requested, 0 released, 1872695296 free
2026-01-07T00:08:19.536-0500 [DEBUG] [org.gradle.process.internal.health.memory.DefaultMemoryManager] 2769969561 virtual memory requested, 1881534464 free
2026-01-07T00:08:19.536-0500 [DEBUG] [org.gradle.workers.internal.WorkerDaemonExpiration] Will attempt to release 2641 of memory
2026-01-07T00:08:19.536-0500 [DEBUG] [org.gradle.process.internal.health.memory.DefaultMemoryManager] 2769969561 virtual memory requested, 0 released, 1881534464 free
2026-01-07T00:08:20.510-0500 [DEBUG] [org.gradle.cache.internal.DefaultFileLockManager] Waiting to acquire shared lock on daemon addresses registry.
2026-01-07T00:08:20.510-0500 [DEBUG] [org.gradle.cache.internal.DefaultFileLockManager] Lock acquired on daemon addresses registry.
2026-01-07T00:08:20.511-0500 [DEBUG] [org.gradle.cache.internal.DefaultFileLockManager] Releasing lock on daemon addresses registry.
2026-01-07T00:08:20.511-0500 [DEBUG] [org.gradle.cache.internal.DefaultFileLockManager] Waiting to acquire shared lock on daemon addresses registry.
2026-01-07T00:08:20.512-0500 [DEBUG] [org.gradle.cache.internal.DefaultFileLockManager] Lock acquired on daemon addresses registry.
2026-01-07T00:08:20.512-0500 [DEBUG] [org.gradle.cache.internal.DefaultFileLockManager] Releasing lock on daemon addresses registry.
2026-01-07T00:08:20.513-0500 [DEBUG] [org.gradle.cache.internal.DefaultFileLockManager] Waiting to acquire shared lock on daemon addresses registry.
2026-01-07T00:08:20.513-0500 [DEBUG] [org.gradle.cache.internal.DefaultFileLockManager] Lock acquired on daemon addresses registry.
2026-01-07T00:08:20.513-0500 [DEBUG] [org.gradle.cache.internal.DefaultFileLockManager] Releasing lock on daemon addresses registry.
2026-01-07T00:08:24.546-0500 [DEBUG] [org.gradle.process.internal.health.memory.DefaultMemoryManager] 2769969561 virtual memory requested, 1933979648 free
2026-01-07T00:08:24.546-0500 [DEBUG] [org.gradle.workers.internal.WorkerDaemonExpiration] Will attempt to release 2641 of memory
2026-01-07T00:08:24.546-0500 [DEBUG] [org.gradle.process.internal.health.memory.DefaultMemoryManager] 2769969561 virtual memory requested, 0 released, 1933979648 free
2026-01-07T00:08:29.540-0500 [DEBUG] [org.gradle.process.internal.health.memory.DefaultMemoryManager] 2769969561 virtual memory requested, 1916764160 free
2026-01-07T00:08:29.540-0500 [DEBUG] [org.gradle.workers.internal.WorkerDaemonExpiration] Will attempt to release 2641 of memory
2026-01-07T00:08:29.540-0500 [DEBUG] [org.gradle.process.internal.health.memory.DefaultMemoryManager] 2769969561 virtual memory requested, 0 released, 1916764160 free
2026-01-07T00:08:30.505-0500 [DEBUG] [org.gradle.cache.internal.DefaultFileLockManager] Waiting to acquire shared lock on daemon addresses registry.
2026-01-07T00:08:30.505-0500 [DEBUG] [org.gradle.cache.internal.DefaultFileLockManager] Lock acquired on daemon addresses registry.
2026-01-07T00:08:30.505-0500 [DEBUG] [org.gradle.cache.internal.DefaultFileLockManager] Releasing lock on daemon addresses registry.
2026-01-07T00:08:30.506-0500 [DEBUG] [org.gradle.cache.internal.DefaultFileLockManager] Waiting to acquire shared lock on daemon addresses registry.
2026-01-07T00:08:30.506-0500 [DEBUG] [org.gradle.cache.internal.DefaultFileLockManager] Lock acquired on daemon addresses registry.
2026-01-07T00:08:30.506-0500 [DEBUG] [org.gradle.cache.internal.DefaultFileLockManager] Releasing lock on daemon addresses registry.
2026-01-07T00:08:30.507-0500 [DEBUG] [org.gradle.cache.internal.DefaultFileLockManager] Waiting to acquire shared lock on daemon addresses registry.
2026-01-07T00:08:30.507-0500 [DEBUG] [org.gradle.cache.internal.DefaultFileLockManager] Lock acquired on daemon addresses registry.
2026-01-07T00:08:30.507-0500 [DEBUG] [org.gradle.cache.internal.DefaultFileLockManager] Releasing lock on daemon addresses registry.
2026-01-07T00:08:34.547-0500 [DEBUG] [org.gradle.process.internal.health.memory.DefaultMemoryManager] 2769969561 virtual memory requested, 1564504064 free
2026-01-07T00:08:34.547-0500 [DEBUG] [org.gradle.workers.internal.WorkerDaemonExpiration] Will attempt to release 2641 of memory
2026-01-07T00:08:34.547-0500 [DEBUG] [org.gradle.process.internal.health.memory.DefaultMemoryManager] 2769969561 virtual memory requested, 0 released, 1564504064 free
2026-01-07T00:08:39.543-0500 [DEBUG] [org.gradle.process.internal.health.memory.DefaultMemoryManager] 2769969561 virtual memory requested, 1494884352 free
2026-01-07T00:08:39.543-0500 [DEBUG] [org.gradle.workers.internal.WorkerDaemonExpiration] Will attempt to release 2641 of memory
2026-01-07T00:08:39.543-0500 [DEBUG] [org.gradle.process.internal.health.memory.DefaultMemoryManager] 2769969561 virtual memory requested, 0 released, 1494884352 free
2026-01-07T00:08:40.512-0500 [DEBUG] [org.gradle.cache.internal.DefaultFileLockManager] Waiting to acquire shared lock on daemon addresses registry.
2026-01-07T00:08:40.512-0500 [DEBUG] [org.gradle.cache.internal.DefaultFileLockManager] Lock acquired on daemon addresses registry.
2026-01-07T00:08:40.512-0500 [DEBUG] [org.gradle.cache.internal.DefaultFileLockManager] Releasing lock on daemon addresses registry.
2026-01-07T00:08:40.513-0500 [DEBUG] [org.gradle.cache.internal.DefaultFileLockManager] Waiting to acquire shared lock on daemon addresses registry.
2026-01-07T00:08:40.513-0500 [DEBUG] [org.gradle.cache.internal.DefaultFileLockManager] Lock acquired on daemon addresses registry.
2026-01-07T00:08:40.513-0500 [DEBUG] [org.gradle.cache.internal.DefaultFileLockManager] Releasing lock on daemon addresses registry.
2026-01-07T00:08:40.514-0500 [DEBUG] [org.gradle.cache.internal.DefaultFileLockManager] Waiting to acquire shared lock on daemon addresses registry.
2026-01-07T00:08:40.514-0500 [DEBUG] [org.gradle.cache.internal.DefaultFileLockManager] Lock acquired on daemon addresses registry.
2026-01-07T00:08:40.514-0500 [DEBUG] [org.gradle.cache.internal.DefaultFileLockManager] Releasing lock on daemon addresses registry.
2026-01-07T00:08:44.544-0500 [DEBUG] [org.gradle.process.internal.health.memory.DefaultMemoryManager] 2769969561 virtual memory requested, 1480065024 free
2026-01-07T00:08:44.544-0500 [DEBUG] [org.gradle.workers.internal.WorkerDaemonExpiration] Will attempt to release 2641 of memory
2026-01-07T00:08:44.544-0500 [DEBUG] [org.gradle.process.internal.health.memory.DefaultMemoryManager] 2769969561 virtual memory requested, 0 released, 1480065024 free
2026-01-07T00:08:49.538-0500 [DEBUG] [org.gradle.process.internal.health.memory.DefaultMemoryManager] 2769969561 virtual memory requested, 1484599296 free
2026-01-07T00:08:49.538-0500 [DEBUG] [org.gradle.workers.internal.WorkerDaemonExpiration] Will attempt to release 2641 of memory
2026-01-07T00:08:49.538-0500 [DEBUG] [org.gradle.process.internal.health.memory.DefaultMemoryManager] 2769969561 virtual memory requested, 0 released, 1484599296 free
2026-01-07T00:08:50.509-0500 [DEBUG] [org.gradle.cache.internal.DefaultFileLockManager] Waiting to acquire shared lock on daemon addresses registry.
2026-01-07T00:08:50.509-0500 [DEBUG] [org.gradle.cache.internal.DefaultFileLockManager] Lock acquired on daemon addresses registry.
2026-01-07T00:08:50.509-0500 [DEBUG] [org.gradle.cache.internal.DefaultFileLockManager] Releasing lock on daemon addresses registry.
2026-01-07T00:08:50.510-0500 [DEBUG] [org.gradle.cache.internal.DefaultFileLockManager] Waiting to acquire shared lock on daemon addresses registry.
2026-01-07T00:08:50.510-0500 [DEBUG] [org.gradle.cache.internal.DefaultFileLockManager] Lock acquired on daemon addresses registry.
2026-01-07T00:08:50.510-0500 [DEBUG] [org.gradle.cache.internal.DefaultFileLockManager] Releasing lock on daemon addresses registry.
2026-01-07T00:08:50.511-0500 [DEBUG] [org.gradle.cache.internal.DefaultFileLockManager] Waiting to acquire shared lock on daemon addresses registry.
2026-01-07T00:08:50.511-0500 [DEBUG] [org.gradle.cache.internal.DefaultFileLockManager] Lock acquired on daemon addresses registry.
2026-01-07T00:08:50.511-0500 [DEBUG] [org.gradle.cache.internal.DefaultFileLockManager] Releasing lock on daemon addresses registry.
2026-01-07T00:08:54.544-0500 [DEBUG] [org.gradle.process.internal.health.memory.DefaultMemoryManager] 2769969561 virtual memory requested, 1457811456 free
2026-01-07T00:08:54.544-0500 [DEBUG] [org.gradle.workers.internal.WorkerDaemonExpiration] Will attempt to release 2641 of memory
2026-01-07T00:08:54.544-0500 [DEBUG] [org.gradle.process.internal.health.memory.DefaultMemoryManager] 2769969561 virtual memory requested, 0 released, 1457811456 free
2026-01-07T00:08:59.553-0500 [DEBUG] [org.gradle.process.internal.health.memory.DefaultMemoryManager] 2769969561 virtual memory requested, 1489874944 free
2026-01-07T00:08:59.553-0500 [DEBUG] [org.gradle.workers.internal.WorkerDaemonExpiration] Will attempt to release 2641 of memory
2026-01-07T00:08:59.553-0500 [DEBUG] [org.gradle.process.internal.health.memory.DefaultMemoryManager] 2769969561 virtual memory requested, 0 released, 1489874944 free
2026-01-07T00:09:00.504-0500 [DEBUG] [org.gradle.cache.internal.DefaultFileLockManager] Waiting to acquire shared lock on daemon addresses registry.
2026-01-07T00:09:00.504-0500 [DEBUG] [org.gradle.cache.internal.DefaultFileLockManager] Lock acquired on daemon addresses registry.
2026-01-07T00:09:00.505-0500 [DEBUG] [org.gradle.cache.internal.DefaultFileLockManager] Releasing lock on daemon addresses registry.
2026-01-07T00:09:00.506-0500 [DEBUG] [org.gradle.cache.internal.DefaultFileLockManager] Waiting to acquire shared lock on daemon addresses registry.
2026-01-07T00:09:00.506-0500 [DEBUG] [org.gradle.cache.internal.DefaultFileLockManager] Lock acquired on daemon addresses registry.
2026-01-07T00:09:00.506-0500 [DEBUG] [org.gradle.cache.internal.DefaultFileLockManager] Releasing lock on daemon addresses registry.
2026-01-07T00:09:00.506-0500 [DEBUG] [org.gradle.cache.internal.DefaultFileLockManager] Waiting to acquire shared lock on daemon addresses registry.
2026-01-07T00:09:00.507-0500 [DEBUG] [org.gradle.cache.internal.DefaultFileLockManager] Lock acquired on daemon addresses registry.
2026-01-07T00:09:00.507-0500 [DEBUG] [org.gradle.cache.internal.DefaultFileLockManager] Releasing lock on daemon addresses registry.
2026-01-07T00:09:04.548-0500 [DEBUG] [org.gradle.process.internal.health.memory.DefaultMemoryManager] 2769969561 virtual memory requested, 1455427584 free
2026-01-07T00:09:04.548-0500 [DEBUG] [org.gradle.workers.internal.WorkerDaemonExpiration] Will attempt to release 2641 of memory
2026-01-07T00:09:04.549-0500 [DEBUG] [org.gradle.process.internal.health.memory.DefaultMemoryManager] 2769969561 virtual memory requested, 0 released, 1455427584 free
2026-01-07T00:09:09.553-0500 [DEBUG] [org.gradle.process.internal.health.memory.DefaultMemoryManager] 2769969561 virtual memory requested, 1452728320 free
2026-01-07T00:09:09.553-0500 [DEBUG] [org.gradle.workers.internal.WorkerDaemonExpiration] Will attempt to release 2641 of memory
2026-01-07T00:09:09.553-0500 [DEBUG] [org.gradle.process.internal.health.memory.DefaultMemoryManager] 2769969561 virtual memory requested, 0 released, 1452728320 free
2026-01-07T00:09:10.512-0500 [DEBUG] [org.gradle.cache.internal.DefaultFileLockManager] Waiting to acquire shared lock on daemon addresses registry.
2026-01-07T00:09:10.512-0500 [DEBUG] [org.gradle.cache.internal.DefaultFileLockManager] Lock acquired on daemon addresses registry.
2026-01-07T00:09:10.512-0500 [DEBUG] [org.gradle.cache.internal.DefaultFileLockManager] Releasing lock on daemon addresses registry.
2026-01-07T00:09:10.513-0500 [DEBUG] [org.gradle.cache.internal.DefaultFileLockManager] Waiting to acquire shared lock on daemon addresses registry.
2026-01-07T00:09:10.513-0500 [DEBUG] [org.gradle.cache.internal.DefaultFileLockManager] Lock acquired on daemon addresses registry.
2026-01-07T00:09:10.514-0500 [DEBUG] [org.gradle.cache.internal.DefaultFileLockManager] Releasing lock on daemon addresses registry.
2026-01-07T00:09:10.514-0500 [DEBUG] [org.gradle.cache.internal.DefaultFileLockManager] Waiting to acquire shared lock on daemon addresses registry.
2026-01-07T00:09:10.514-0500 [DEBUG] [org.gradle.cache.internal.DefaultFileLockManager] Lock acquired on daemon addresses registry.
2026-01-07T00:09:10.515-0500 [DEBUG] [org.gradle.cache.internal.DefaultFileLockManager] Releasing lock on daemon addresses registry.
2026-01-07T00:09:14.544-0500 [DEBUG] [org.gradle.process.internal.health.memory.DefaultMemoryManager] 2769969561 virtual memory requested, 1475424256 free
2026-01-07T00:09:14.545-0500 [DEBUG] [org.gradle.workers.internal.WorkerDaemonExpiration] Will attempt to release 2641 of memory
2026-01-07T00:09:14.545-0500 [DEBUG] [org.gradle.process.internal.health.memory.DefaultMemoryManager] 2769969561 virtual memory requested, 0 released, 1475424256 free
2026-01-07T00:09:19.553-0500 [DEBUG] [org.gradle.process.internal.health.memory.DefaultMemoryManager] 2769969561 virtual memory requested, 1479524352 free
2026-01-07T00:09:19.553-0500 [DEBUG] [org.gradle.workers.internal.WorkerDaemonExpiration] Will attempt to release 2641 of memory
2026-01-07T00:09:19.553-0500 [DEBUG] [org.gradle.process.internal.health.memory.DefaultMemoryManager] 2769969561 virtual memory requested, 0 released, 1479524352 free
2026-01-07T00:09:20.507-0500 [DEBUG] [org.gradle.cache.internal.DefaultFileLockManager] Waiting to acquire shared lock on daemon addresses registry.
2026-01-07T00:09:20.507-0500 [DEBUG] [org.gradle.cache.internal.DefaultFileLockManager] Lock acquired on daemon addresses registry.
2026-01-07T00:09:20.507-0500 [DEBUG] [org.gradle.cache.internal.DefaultFileLockManager] Releasing lock on daemon addresses registry.
2026-01-07T00:09:20.508-0500 [DEBUG] [org.gradle.cache.internal.DefaultFileLockManager] Waiting to acquire shared lock on daemon addresses registry.
2026-01-07T00:09:20.508-0500 [DEBUG] [org.gradle.cache.internal.DefaultFileLockManager] Lock acquired on daemon addresses registry.
2026-01-07T00:09:20.508-0500 [DEBUG] [org.gradle.cache.internal.DefaultFileLockManager] Releasing lock on daemon addresses registry.
2026-01-07T00:09:20.509-0500 [DEBUG] [org.gradle.cache.internal.DefaultFileLockManager] Waiting to acquire shared lock on daemon addresses registry.
2026-01-07T00:09:20.509-0500 [DEBUG] [org.gradle.cache.internal.DefaultFileLockManager] Lock acquired on daemon addresses registry.
2026-01-07T00:09:20.509-0500 [DEBUG] [org.gradle.cache.internal.DefaultFileLockManager] Releasing lock on daemon addresses registry.
2026-01-07T00:09:24.544-0500 [DEBUG] [org.gradle.process.internal.health.memory.DefaultMemoryManager] 2769969561 virtual memory requested, 1488629760 free
2026-01-07T00:09:24.544-0500 [DEBUG] [org.gradle.workers.internal.WorkerDaemonExpiration] Will attempt to release 2641 of memory
2026-01-07T00:09:24.544-0500 [DEBUG] [org.gradle.process.internal.health.memory.DefaultMemoryManager] 2769969561 virtual memory requested, 0 released, 1488629760 free
2026-01-07T00:09:29.551-0500 [DEBUG] [org.gradle.process.internal.health.memory.DefaultMemoryManager] 2769969561 virtual memory requested, 1499127808 free
2026-01-07T00:09:29.551-0500 [DEBUG] [org.gradle.workers.internal.WorkerDaemonExpiration] Will attempt to release 2641 of memory
2026-01-07T00:09:29.551-0500 [DEBUG] [org.gradle.process.internal.health.memory.DefaultMemoryManager] 2769969561 virtual memory requested, 0 released, 1499127808 free
2026-01-07T00:09:30.507-0500 [DEBUG] [org.gradle.cache.internal.DefaultFileLockManager] Waiting to acquire shared lock on daemon addresses registry.
2026-01-07T00:09:30.507-0500 [DEBUG] [org.gradle.cache.internal.DefaultFileLockManager] Lock acquired on daemon addresses registry.
2026-01-07T00:09:30.507-0500 [DEBUG] [org.gradle.cache.internal.DefaultFileLockManager] Releasing lock on daemon addresses registry.
2026-01-07T00:09:30.508-0500 [DEBUG] [org.gradle.cache.internal.DefaultFileLockManager] Waiting to acquire shared lock on daemon addresses registry.
2026-01-07T00:09:30.508-0500 [DEBUG] [org.gradle.cache.internal.DefaultFileLockManager] Lock acquired on daemon addresses registry.
2026-01-07T00:09:30.508-0500 [DEBUG] [org.gradle.cache.internal.DefaultFileLockManager] Releasing lock on daemon addresses registry.
2026-01-07T00:09:30.509-0500 [DEBUG] [org.gradle.cache.internal.DefaultFileLockManager] Waiting to acquire shared lock on daemon addresses registry.
2026-01-07T00:09:30.509-0500 [DEBUG] [org.gradle.cache.internal.DefaultFileLockManager] Lock acquired on daemon addresses registry.
2026-01-07T00:09:30.509-0500 [DEBUG] [org.gradle.cache.internal.DefaultFileLockManager] Releasing lock on daemon addresses registry.
2026-01-07T00:09:34.552-0500 [DEBUG] [org.gradle.process.internal.health.memory.DefaultMemoryManager] 2769969561 virtual memory requested, 1508880384 free
2026-01-07T00:09:34.552-0500 [DEBUG] [org.gradle.workers.internal.WorkerDaemonExpiration] Will attempt to release 2641 of memory
2026-01-07T00:09:34.552-0500 [DEBUG] [org.gradle.process.internal.health.memory.DefaultMemoryManager] 2769969561 virtual memory requested, 0 released, 1508880384 free
2026-01-07T00:09:39.550-0500 [DEBUG] [org.gradle.process.internal.health.memory.DefaultMemoryManager] 2769969561 virtual memory requested, 1504567296 free
2026-01-07T00:09:39.550-0500 [DEBUG] [org.gradle.workers.internal.WorkerDaemonExpiration] Will attempt to release 2641 of memory
2026-01-07T00:09:39.550-0500 [DEBUG] [org.gradle.process.internal.health.memory.DefaultMemoryManager] 2769969561 virtual memory requested, 0 released, 1504567296 free
2026-01-07T00:09:40.520-0500 [DEBUG] [org.gradle.cache.internal.DefaultFileLockManager] Waiting to acquire shared lock on daemon addresses registry.
2026-01-07T00:09:40.520-0500 [DEBUG] [org.gradle.cache.internal.DefaultFileLockManager] Lock acquired on daemon addresses registry.
2026-01-07T00:09:40.520-0500 [DEBUG] [org.gradle.cache.internal.DefaultFileLockManager] Releasing lock on daemon addresses registry.
2026-01-07T00:09:40.521-0500 [DEBUG] [org.gradle.cache.internal.DefaultFileLockManager] Waiting to acquire shared lock on daemon addresses registry.
2026-01-07T00:09:40.521-0500 [DEBUG] [org.gradle.cache.internal.DefaultFileLockManager] Lock acquired on daemon addresses registry.
2026-01-07T00:09:40.522-0500 [DEBUG] [org.gradle.cache.internal.DefaultFileLockManager] Releasing lock on daemon addresses registry.
2026-01-07T00:09:40.523-0500 [DEBUG] [org.gradle.cache.internal.DefaultFileLockManager] Waiting to acquire shared lock on daemon addresses registry.
2026-01-07T00:09:40.523-0500 [DEBUG] [org.gradle.cache.internal.DefaultFileLockManager] Lock acquired on daemon addresses registry.
2026-01-07T00:09:40.523-0500 [DEBUG] [org.gradle.cache.internal.DefaultFileLockManager] Releasing lock on daemon addresses registry.
2026-01-07T00:09:44.549-0500 [DEBUG] [org.gradle.process.internal.health.memory.DefaultMemoryManager] 2769969561 virtual memory requested, 1492615168 free
2026-01-07T00:09:44.549-0500 [DEBUG] [org.gradle.workers.internal.WorkerDaemonExpiration] Will attempt to release 2641 of memory
2026-01-07T00:09:44.549-0500 [DEBUG] [org.gradle.process.internal.health.memory.DefaultMemoryManager] 2769969561 virtual memory requested, 0 released, 1492615168 free
2026-01-07T00:09:49.544-0500 [DEBUG] [org.gradle.process.internal.health.memory.DefaultMemoryManager] 2769969561 virtual memory requested, 1511313408 free
2026-01-07T00:09:49.544-0500 [DEBUG] [org.gradle.workers.internal.WorkerDaemonExpiration] Will attempt to release 2641 of memory
2026-01-07T00:09:49.544-0500 [DEBUG] [org.gradle.process.internal.health.memory.DefaultMemoryManager] 2769969561 virtual memory requested, 0 released, 1511313408 free
2026-01-07T00:09:50.511-0500 [DEBUG] [org.gradle.cache.internal.DefaultFileLockManager] Waiting to acquire shared lock on daemon addresses registry.
2026-01-07T00:09:50.511-0500 [DEBUG] [org.gradle.cache.internal.DefaultFileLockManager] Lock acquired on daemon addresses registry.
2026-01-07T00:09:50.512-0500 [DEBUG] [org.gradle.cache.internal.DefaultFileLockManager] Releasing lock on daemon addresses registry.
2026-01-07T00:09:50.512-0500 [DEBUG] [org.gradle.cache.internal.DefaultFileLockManager] Waiting to acquire shared lock on daemon addresses registry.
2026-01-07T00:09:50.513-0500 [DEBUG] [org.gradle.cache.internal.DefaultFileLockManager] Lock acquired on daemon addresses registry.
2026-01-07T00:09:50.513-0500 [DEBUG] [org.gradle.cache.internal.DefaultFileLockManager] Releasing lock on daemon addresses registry.
2026-01-07T00:09:50.513-0500 [DEBUG] [org.gradle.cache.internal.DefaultFileLockManager] Waiting to acquire shared lock on daemon addresses registry.
2026-01-07T00:09:50.513-0500 [DEBUG] [org.gradle.cache.internal.DefaultFileLockManager] Lock acquired on daemon addresses registry.
2026-01-07T00:09:50.514-0500 [DEBUG] [org.gradle.cache.internal.DefaultFileLockManager] Releasing lock on daemon addresses registry.
2026-01-07T00:09:54.547-0500 [DEBUG] [org.gradle.process.internal.health.memory.DefaultMemoryManager] 2769969561 virtual memory requested, 1489219584 free
2026-01-07T00:09:54.547-0500 [DEBUG] [org.gradle.workers.internal.WorkerDaemonExpiration] Will attempt to release 2641 of memory
2026-01-07T00:09:54.548-0500 [DEBUG] [org.gradle.process.internal.health.memory.DefaultMemoryManager] 2769969561 virtual memory requested, 0 released, 1489219584 free
2026-01-07T00:09:59.545-0500 [DEBUG] [org.gradle.process.internal.health.memory.DefaultMemoryManager] 2769969561 virtual memory requested, 1502502912 free
2026-01-07T00:09:59.545-0500 [DEBUG] [org.gradle.workers.internal.WorkerDaemonExpiration] Will attempt to release 2641 of memory
2026-01-07T00:09:59.545-0500 [DEBUG] [org.gradle.process.internal.health.memory.DefaultMemoryManager] 2769969561 virtual memory requested, 0 released, 1502502912 free
2026-01-07T00:10:00.511-0500 [DEBUG] [org.gradle.cache.internal.DefaultFileLockManager] Waiting to acquire shared lock on daemon addresses registry.
2026-01-07T00:10:00.511-0500 [DEBUG] [org.gradle.cache.internal.DefaultFileLockManager] Lock acquired on daemon addresses registry.
2026-01-07T00:10:00.511-0500 [DEBUG] [org.gradle.cache.internal.DefaultFileLockManager] Releasing lock on daemon addresses registry.
2026-01-07T00:10:00.512-0500 [DEBUG] [org.gradle.cache.internal.DefaultFileLockManager] Waiting to acquire shared lock on daemon addresses registry.
2026-01-07T00:10:00.512-0500 [DEBUG] [org.gradle.cache.internal.DefaultFileLockManager] Lock acquired on daemon addresses registry.
2026-01-07T00:10:00.512-0500 [DEBUG] [org.gradle.cache.internal.DefaultFileLockManager] Releasing lock on daemon addresses registry.
2026-01-07T00:10:00.513-0500 [DEBUG] [org.gradle.cache.internal.DefaultFileLockManager] Waiting to acquire shared lock on daemon addresses registry.
2026-01-07T00:10:00.513-0500 [DEBUG] [org.gradle.cache.internal.DefaultFileLockManager] Lock acquired on daemon addresses registry.
2026-01-07T00:10:00.513-0500 [DEBUG] [org.gradle.cache.internal.DefaultFileLockManager] Releasing lock on daemon addresses registry.
2026-01-07T00:10:04.541-0500 [DEBUG] [org.gradle.process.internal.health.memory.DefaultMemoryManager] 2769969561 virtual memory requested, 1429467136 free
2026-01-07T00:10:04.541-0500 [DEBUG] [org.gradle.workers.internal.WorkerDaemonExpiration] Will attempt to release 2641 of memory
2026-01-07T00:10:04.541-0500 [DEBUG] [org.gradle.process.internal.health.memory.DefaultMemoryManager] 2769969561 virtual memory requested, 0 released, 1429467136 free
2026-01-07T00:10:09.556-0500 [DEBUG] [org.gradle.process.internal.health.memory.DefaultMemoryManager] 2769969561 virtual memory requested, 1426989056 free
2026-01-07T00:10:09.556-0500 [DEBUG] [org.gradle.workers.internal.WorkerDaemonExpiration] Will attempt to release 2641 of memory
2026-01-07T00:10:09.556-0500 [DEBUG] [org.gradle.process.internal.health.memory.DefaultMemoryManager] 2769969561 virtual memory requested, 0 released, 1426989056 free
2026-01-07T00:10:10.514-0500 [DEBUG] [org.gradle.cache.internal.DefaultFileLockManager] Waiting to acquire shared lock on daemon addresses registry.
2026-01-07T00:10:10.514-0500 [DEBUG] [org.gradle.cache.internal.DefaultFileLockManager] Lock acquired on daemon addresses registry.
2026-01-07T00:10:10.514-0500 [DEBUG] [org.gradle.cache.internal.DefaultFileLockManager] Releasing lock on daemon addresses registry.
2026-01-07T00:10:10.515-0500 [DEBUG] [org.gradle.cache.internal.DefaultFileLockManager] Waiting to acquire shared lock on daemon addresses registry.
2026-01-07T00:10:10.515-0500 [DEBUG] [org.gradle.cache.internal.DefaultFileLockManager] Lock acquired on daemon addresses registry.
2026-01-07T00:10:10.515-0500 [DEBUG] [org.gradle.cache.internal.DefaultFileLockManager] Releasing lock on daemon addresses registry.
2026-01-07T00:10:10.516-0500 [DEBUG] [org.gradle.cache.internal.DefaultFileLockManager] Waiting to acquire shared lock on daemon addresses registry.
2026-01-07T00:10:10.516-0500 [DEBUG] [org.gradle.cache.internal.DefaultFileLockManager] Lock acquired on daemon addresses registry.
2026-01-07T00:10:10.516-0500 [DEBUG] [org.gradle.cache.internal.DefaultFileLockManager] Releasing lock on daemon addresses registry.
2026-01-07T00:10:14.556-0500 [DEBUG] [org.gradle.process.internal.health.memory.DefaultMemoryManager] 2769969561 virtual memory requested, 1310834688 free
2026-01-07T00:10:14.556-0500 [DEBUG] [org.gradle.workers.internal.WorkerDaemonExpiration] Will attempt to release 2641 of memory
2026-01-07T00:10:14.556-0500 [DEBUG] [org.gradle.process.internal.health.memory.DefaultMemoryManager] 2769969561 virtual memory requested, 0 released, 1310834688 free
2026-01-07T00:10:19.547-0500 [DEBUG] [org.gradle.process.internal.health.memory.DefaultMemoryManager] 2769969561 virtual memory requested, 1337323520 free
2026-01-07T00:10:19.548-0500 [DEBUG] [org.gradle.workers.internal.WorkerDaemonExpiration] Will attempt to release 2641 of memory
2026-01-07T00:10:19.548-0500 [DEBUG] [org.gradle.process.internal.health.memory.DefaultMemoryManager] 2769969561 virtual memory requested, 0 released, 1337323520 free
2026-01-07T00:10:20.512-0500 [DEBUG] [org.gradle.cache.internal.DefaultFileLockManager] Waiting to acquire shared lock on daemon addresses registry.
2026-01-07T00:10:20.512-0500 [DEBUG] [org.gradle.cache.internal.DefaultFileLockManager] Lock acquired on daemon addresses registry.
2026-01-07T00:10:20.512-0500 [DEBUG] [org.gradle.cache.internal.DefaultFileLockManager] Releasing lock on daemon addresses registry.
2026-01-07T00:10:20.512-0500 [DEBUG] [org.gradle.cache.internal.DefaultFileLockManager] Waiting to acquire shared lock on daemon addresses registry.
2026-01-07T00:10:20.512-0500 [DEBUG] [org.gradle.cache.internal.DefaultFileLockManager] Lock acquired on daemon addresses registry.
2026-01-07T00:10:20.513-0500 [DEBUG] [org.gradle.cache.internal.DefaultFileLockManager] Releasing lock on daemon addresses registry.
2026-01-07T00:10:20.513-0500 [DEBUG] [org.gradle.cache.internal.DefaultFileLockManager] Waiting to acquire shared lock on daemon addresses registry.
2026-01-07T00:10:20.513-0500 [DEBUG] [org.gradle.cache.internal.DefaultFileLockManager] Lock acquired on daemon addresses registry.
2026-01-07T00:10:20.513-0500 [DEBUG] [org.gradle.cache.internal.DefaultFileLockManager] Releasing lock on daemon addresses registry.
2026-01-07T00:10:24.549-0500 [DEBUG] [org.gradle.process.internal.health.memory.DefaultMemoryManager] 2769969561 virtual memory requested, 1733103616 free
2026-01-07T00:10:24.549-0500 [DEBUG] [org.gradle.workers.internal.WorkerDaemonExpiration] Will attempt to release 2641 of memory
2026-01-07T00:10:24.549-0500 [DEBUG] [org.gradle.process.internal.health.memory.DefaultMemoryManager] 2769969561 virtual memory requested, 0 released, 1733103616 free
2026-01-07T00:10:29.551-0500 [DEBUG] [org.gradle.process.internal.health.memory.DefaultMemoryManager] 2769969561 virtual memory requested, 1817092096 free
2026-01-07T00:10:29.552-0500 [DEBUG] [org.gradle.workers.internal.WorkerDaemonExpiration] Will attempt to release 2641 of memory
2026-01-07T00:10:29.552-0500 [DEBUG] [org.gradle.process.internal.health.memory.DefaultMemoryManager] 2769969561 virtual memory requested, 0 released, 1817092096 free
2026-01-07T00:10:30.511-0500 [DEBUG] [org.gradle.cache.internal.DefaultFileLockManager] Waiting to acquire shared lock on daemon addresses registry.
2026-01-07T00:10:30.511-0500 [DEBUG] [org.gradle.cache.internal.DefaultFileLockManager] Lock acquired on daemon addresses registry.
2026-01-07T00:10:30.512-0500 [DEBUG] [org.gradle.cache.internal.DefaultFileLockManager] Releasing lock on daemon addresses registry.
2026-01-07T00:10:30.512-0500 [DEBUG] [org.gradle.cache.internal.DefaultFileLockManager] Waiting to acquire shared lock on daemon addresses registry.
2026-01-07T00:10:30.512-0500 [DEBUG] [org.gradle.cache.internal.DefaultFileLockManager] Lock acquired on daemon addresses registry.
2026-01-07T00:10:30.512-0500 [DEBUG] [org.gradle.cache.internal.DefaultFileLockManager] Releasing lock on daemon addresses registry.
2026-01-07T00:10:30.513-0500 [DEBUG] [org.gradle.cache.internal.DefaultFileLockManager] Waiting to acquire shared lock on daemon addresses registry.
2026-01-07T00:10:30.513-0500 [DEBUG] [org.gradle.cache.internal.DefaultFileLockManager] Lock acquired on daemon addresses registry.
2026-01-07T00:10:30.513-0500 [DEBUG] [org.gradle.cache.internal.DefaultFileLockManager] Releasing lock on daemon addresses registry.
2026-01-07T00:10:34.546-0500 [DEBUG] [org.gradle.process.internal.health.memory.DefaultMemoryManager] 2769969561 virtual memory requested, 1813053440 free
2026-01-07T00:10:34.546-0500 [DEBUG] [org.gradle.workers.internal.WorkerDaemonExpiration] Will attempt to release 2641 of memory
2026-01-07T00:10:34.546-0500 [DEBUG] [org.gradle.process.internal.health.memory.DefaultMemoryManager] 2769969561 virtual memory requested, 0 released, 1813053440 free
2026-01-07T00:10:39.555-0500 [DEBUG] [org.gradle.process.internal.health.memory.DefaultMemoryManager] 2769969561 virtual memory requested, 1813819392 free
2026-01-07T00:10:39.555-0500 [DEBUG] [org.gradle.workers.internal.WorkerDaemonExpiration] Will attempt to release 2641 of memory
2026-01-07T00:10:39.555-0500 [DEBUG] [org.gradle.process.internal.health.memory.DefaultMemoryManager] 2769969561 virtual memory requested, 0 released, 1813819392 free
2026-01-07T00:10:40.520-0500 [DEBUG] [org.gradle.cache.internal.DefaultFileLockManager] Waiting to acquire shared lock on daemon addresses registry.
2026-01-07T00:10:40.520-0500 [DEBUG] [org.gradle.cache.internal.DefaultFileLockManager] Lock acquired on daemon addresses registry.
2026-01-07T00:10:40.521-0500 [DEBUG] [org.gradle.cache.internal.DefaultFileLockManager] Releasing lock on daemon addresses registry.
2026-01-07T00:10:40.522-0500 [DEBUG] [org.gradle.cache.internal.DefaultFileLockManager] Waiting to acquire shared lock on daemon addresses registry.
2026-01-07T00:10:40.522-0500 [DEBUG] [org.gradle.cache.internal.DefaultFileLockManager] Lock acquired on daemon addresses registry.
2026-01-07T00:10:40.522-0500 [DEBUG] [org.gradle.cache.internal.DefaultFileLockManager] Releasing lock on daemon addresses registry.
2026-01-07T00:10:40.523-0500 [DEBUG] [org.gradle.cache.internal.DefaultFileLockManager] Waiting to acquire shared lock on daemon addresses registry.
2026-01-07T00:10:40.523-0500 [DEBUG] [org.gradle.cache.internal.DefaultFileLockManager] Lock acquired on daemon addresses registry.
2026-01-07T00:10:40.523-0500 [DEBUG] [org.gradle.cache.internal.DefaultFileLockManager] Releasing lock on daemon addresses registry.
2026-01-07T00:10:44.553-0500 [DEBUG] [org.gradle.process.internal.health.memory.DefaultMemoryManager] 2769969561 virtual memory requested, 1818562560 free
2026-01-07T00:10:44.553-0500 [DEBUG] [org.gradle.workers.internal.WorkerDaemonExpiration] Will attempt to release 2641 of memory
2026-01-07T00:10:44.553-0500 [DEBUG] [org.gradle.process.internal.health.memory.DefaultMemoryManager] 2769969561 virtual memory requested, 0 released, 1818562560 free
2026-01-07T00:10:49.559-0500 [DEBUG] [org.gradle.process.internal.health.memory.DefaultMemoryManager] 2769969561 virtual memory requested, 1825005568 free
2026-01-07T00:10:49.559-0500 [DEBUG] [org.gradle.workers.internal.WorkerDaemonExpiration] Will attempt to release 2641 of memory
2026-01-07T00:10:49.559-0500 [DEBUG] [org.gradle.process.internal.health.memory.DefaultMemoryManager] 2769969561 virtual memory requested, 0 released, 1825005568 free
2026-01-07T00:10:50.516-0500 [DEBUG] [org.gradle.cache.internal.DefaultFileLockManager] Waiting to acquire shared lock on daemon addresses registry.
2026-01-07T00:10:50.516-0500 [DEBUG] [org.gradle.cache.internal.DefaultFileLockManager] Lock acquired on daemon addresses registry.
2026-01-07T00:10:50.516-0500 [DEBUG] [org.gradle.cache.internal.DefaultFileLockManager] Releasing lock on daemon addresses registry.
2026-01-07T00:10:50.517-0500 [DEBUG] [org.gradle.cache.internal.DefaultFileLockManager] Waiting to acquire shared lock on daemon addresses registry.
2026-01-07T00:10:50.517-0500 [DEBUG] [org.gradle.cache.internal.DefaultFileLockManager] Lock acquired on daemon addresses registry.
2026-01-07T00:10:50.517-0500 [DEBUG] [org.gradle.cache.internal.DefaultFileLockManager] Releasing lock on daemon addresses registry.
2026-01-07T00:10:50.518-0500 [DEBUG] [org.gradle.cache.internal.DefaultFileLockManager] Waiting to acquire shared lock on daemon addresses registry.
2026-01-07T00:10:50.518-0500 [DEBUG] [org.gradle.cache.internal.DefaultFileLockManager] Lock acquired on daemon addresses registry.
2026-01-07T00:10:50.518-0500 [DEBUG] [org.gradle.cache.internal.DefaultFileLockManager] Releasing lock on daemon addresses registry.
2026-01-07T00:10:54.558-0500 [DEBUG] [org.gradle.process.internal.health.memory.DefaultMemoryManager] 2769969561 virtual memory requested, 1829781504 free
2026-01-07T00:10:54.559-0500 [DEBUG] [org.gradle.workers.internal.WorkerDaemonExpiration] Will attempt to release 2641 of memory
2026-01-07T00:10:54.559-0500 [DEBUG] [org.gradle.process.internal.health.memory.DefaultMemoryManager] 2769969561 virtual memory requested, 0 released, 1829781504 free
2026-01-07T00:10:59.549-0500 [DEBUG] [org.gradle.process.internal.health.memory.DefaultMemoryManager] 2769969561 virtual memory requested, 1738133504 free
2026-01-07T00:10:59.550-0500 [DEBUG] [org.gradle.workers.internal.WorkerDaemonExpiration] Will attempt to release 2641 of memory
2026-01-07T00:10:59.550-0500 [DEBUG] [org.gradle.process.internal.health.memory.DefaultMemoryManager] 2769969561 virtual memory requested, 0 released, 1738133504 free
2026-01-07T00:11:00.519-0500 [DEBUG] [org.gradle.cache.internal.DefaultFileLockManager] Waiting to acquire shared lock on daemon addresses registry.
2026-01-07T00:11:00.519-0500 [DEBUG] [org.gradle.cache.internal.DefaultFileLockManager] Lock acquired on daemon addresses registry.
2026-01-07T00:11:00.519-0500 [DEBUG] [org.gradle.cache.internal.DefaultFileLockManager] Releasing lock on daemon addresses registry.
2026-01-07T00:11:00.520-0500 [DEBUG] [org.gradle.cache.internal.DefaultFileLockManager] Waiting to acquire shared lock on daemon addresses registry.
2026-01-07T00:11:00.520-0500 [DEBUG] [org.gradle.cache.internal.DefaultFileLockManager] Lock acquired on daemon addresses registry.
2026-01-07T00:11:00.521-0500 [DEBUG] [org.gradle.cache.internal.DefaultFileLockManager] Releasing lock on daemon addresses registry.
2026-01-07T00:11:00.521-0500 [DEBUG] [org.gradle.cache.internal.DefaultFileLockManager] Waiting to acquire shared lock on daemon addresses registry.
2026-01-07T00:11:00.521-0500 [DEBUG] [org.gradle.cache.internal.DefaultFileLockManager] Lock acquired on daemon addresses registry.
2026-01-07T00:11:00.521-0500 [DEBUG] [org.gradle.cache.internal.DefaultFileLockManager] Releasing lock on daemon addresses registry.
2026-01-07T00:11:04.549-0500 [DEBUG] [org.gradle.process.internal.health.memory.DefaultMemoryManager] 2769969561 virtual memory requested, 1875656704 free
2026-01-07T00:11:04.549-0500 [DEBUG] [org.gradle.workers.internal.WorkerDaemonExpiration] Will attempt to release 2641 of memory
2026-01-07T00:11:04.549-0500 [DEBUG] [org.gradle.process.internal.health.memory.DefaultMemoryManager] 2769969561 virtual memory requested, 0 released, 1875656704 free
2026-01-07T00:11:09.558-0500 [DEBUG] [org.gradle.process.internal.health.memory.DefaultMemoryManager] 2769969561 virtual memory requested, 1824165888 free
2026-01-07T00:11:09.558-0500 [DEBUG] [org.gradle.workers.internal.WorkerDaemonExpiration] Will attempt to release 2641 of memory
2026-01-07T00:11:09.558-0500 [DEBUG] [org.gradle.process.internal.health.memory.DefaultMemoryManager] 2769969561 virtual memory requested, 0 released, 1824165888 free
2026-01-07T00:11:10.513-0500 [DEBUG] [org.gradle.cache.internal.DefaultFileLockManager] Waiting to acquire shared lock on daemon addresses registry.
2026-01-07T00:11:10.513-0500 [DEBUG] [org.gradle.cache.internal.DefaultFileLockManager] Lock acquired on daemon addresses registry.
2026-01-07T00:11:10.513-0500 [DEBUG] [org.gradle.cache.internal.DefaultFileLockManager] Releasing lock on daemon addresses registry.
2026-01-07T00:11:10.514-0500 [DEBUG] [org.gradle.cache.internal.DefaultFileLockManager] Waiting to acquire shared lock on daemon addresses registry.
2026-01-07T00:11:10.514-0500 [DEBUG] [org.gradle.cache.internal.DefaultFileLockManager] Lock acquired on daemon addresses registry.
2026-01-07T00:11:10.514-0500 [DEBUG] [org.gradle.cache.internal.DefaultFileLockManager] Releasing lock on daemon addresses registry.
2026-01-07T00:11:10.515-0500 [DEBUG] [org.gradle.cache.internal.DefaultFileLockManager] Waiting to acquire shared lock on daemon addresses registry.
2026-01-07T00:11:10.515-0500 [DEBUG] [org.gradle.cache.internal.DefaultFileLockManager] Lock acquired on daemon addresses registry.
2026-01-07T00:11:10.515-0500 [DEBUG] [org.gradle.cache.internal.DefaultFileLockManager] Releasing lock on daemon addresses registry.
2026-01-07T00:11:14.547-0500 [DEBUG] [org.gradle.process.internal.health.memory.DefaultMemoryManager] 2769969561 virtual memory requested, 1819463680 free
2026-01-07T00:11:14.547-0500 [DEBUG] [org.gradle.workers.internal.WorkerDaemonExpiration] Will attempt to release 2641 of memory
2026-01-07T00:11:14.547-0500 [DEBUG] [org.gradle.process.internal.health.memory.DefaultMemoryManager] 2769969561 virtual memory requested, 0 released, 1819463680 free
2026-01-07T00:11:19.553-0500 [DEBUG] [org.gradle.process.internal.health.memory.DefaultMemoryManager] 2769969561 virtual memory requested, 1838194688 free
2026-01-07T00:11:19.553-0500 [DEBUG] [org.gradle.workers.internal.WorkerDaemonExpiration] Will attempt to release 2641 of memory
2026-01-07T00:11:19.553-0500 [DEBUG] [org.gradle.process.internal.health.memory.DefaultMemoryManager] 2769969561 virtual memory requested, 0 released, 1838194688 free
2026-01-07T00:11:20.522-0500 [DEBUG] [org.gradle.cache.internal.DefaultFileLockManager] Waiting to acquire shared lock on daemon addresses registry.
2026-01-07T00:11:20.522-0500 [DEBUG] [org.gradle.cache.internal.DefaultFileLockManager] Lock acquired on daemon addresses registry.
2026-01-07T00:11:20.522-0500 [DEBUG] [org.gradle.cache.internal.DefaultFileLockManager] Releasing lock on daemon addresses registry.
2026-01-07T00:11:20.523-0500 [DEBUG] [org.gradle.cache.internal.DefaultFileLockManager] Waiting to acquire shared lock on daemon addresses registry.
2026-01-07T00:11:20.524-0500 [DEBUG] [org.gradle.cache.internal.DefaultFileLockManager] Lock acquired on daemon addresses registry.
2026-01-07T00:11:20.524-0500 [DEBUG] [org.gradle.cache.internal.DefaultFileLockManager] Releasing lock on daemon addresses registry.
2026-01-07T00:11:20.524-0500 [DEBUG] [org.gradle.cache.internal.DefaultFileLockManager] Waiting to acquire shared lock on daemon addresses registry.
2026-01-07T00:11:20.525-0500 [DEBUG] [org.gradle.cache.internal.DefaultFileLockManager] Lock acquired on daemon addresses registry.
2026-01-07T00:11:20.525-0500 [DEBUG] [org.gradle.cache.internal.DefaultFileLockManager] Releasing lock on daemon addresses registry.
2026-01-07T00:11:24.561-0500 [DEBUG] [org.gradle.process.internal.health.memory.DefaultMemoryManager] 2769969561 virtual memory requested, 1759506432 free
2026-01-07T00:11:24.561-0500 [DEBUG] [org.gradle.workers.internal.WorkerDaemonExpiration] Will attempt to release 2641 of memory
2026-01-07T00:11:24.561-0500 [DEBUG] [org.gradle.process.internal.health.memory.DefaultMemoryManager] 2769969561 virtual memory requested, 0 released, 1759506432 free
2026-01-07T00:11:29.559-0500 [DEBUG] [org.gradle.process.internal.health.memory.DefaultMemoryManager] 2769969561 virtual memory requested, 1777692672 free
2026-01-07T00:11:29.559-0500 [DEBUG] [org.gradle.workers.internal.WorkerDaemonExpiration] Will attempt to release 2641 of memory
2026-01-07T00:11:29.559-0500 [DEBUG] [org.gradle.process.internal.health.memory.DefaultMemoryManager] 2769969561 virtual memory requested, 0 released, 1777692672 free
2026-01-07T00:11:30.514-0500 [DEBUG] [org.gradle.cache.internal.DefaultFileLockManager] Waiting to acquire shared lock on daemon addresses registry.
2026-01-07T00:11:30.514-0500 [DEBUG] [org.gradle.cache.internal.DefaultFileLockManager] Lock acquired on daemon addresses registry.
2026-01-07T00:11:30.514-0500 [DEBUG] [org.gradle.cache.internal.DefaultFileLockManager] Releasing lock on daemon addresses registry.
2026-01-07T00:11:30.515-0500 [DEBUG] [org.gradle.cache.internal.DefaultFileLockManager] Waiting to acquire shared lock on daemon addresses registry.
2026-01-07T00:11:30.515-0500 [DEBUG] [org.gradle.cache.internal.DefaultFileLockManager] Lock acquired on daemon addresses registry.
2026-01-07T00:11:30.516-0500 [DEBUG] [org.gradle.cache.internal.DefaultFileLockManager] Releasing lock on daemon addresses registry.
2026-01-07T00:11:30.516-0500 [DEBUG] [org.gradle.cache.internal.DefaultFileLockManager] Waiting to acquire shared lock on daemon addresses registry.
2026-01-07T00:11:30.516-0500 [DEBUG] [org.gradle.cache.internal.DefaultFileLockManager] Lock acquired on daemon addresses registry.
2026-01-07T00:11:30.516-0500 [DEBUG] [org.gradle.cache.internal.DefaultFileLockManager] Releasing lock on daemon addresses registry.
2026-01-07T00:11:34.552-0500 [DEBUG] [org.gradle.process.internal.health.memory.DefaultMemoryManager] 2769969561 virtual memory requested, 1768443904 free
2026-01-07T00:11:34.552-0500 [DEBUG] [org.gradle.workers.internal.WorkerDaemonExpiration] Will attempt to release 2641 of memory
2026-01-07T00:11:34.552-0500 [DEBUG] [org.gradle.process.internal.health.memory.DefaultMemoryManager] 2769969561 virtual memory requested, 0 released, 1768443904 free
2026-01-07T00:11:39.550-0500 [DEBUG] [org.gradle.process.internal.health.memory.DefaultMemoryManager] 2769969561 virtual memory requested, 1804632064 free
2026-01-07T00:11:39.550-0500 [DEBUG] [org.gradle.workers.internal.WorkerDaemonExpiration] Will attempt to release 2641 of memory
2026-01-07T00:11:39.550-0500 [DEBUG] [org.gradle.process.internal.health.memory.DefaultMemoryManager] 2769969561 virtual memory requested, 0 released, 1804632064 free
2026-01-07T00:11:40.519-0500 [DEBUG] [org.gradle.cache.internal.DefaultFileLockManager] Waiting to acquire shared lock on daemon addresses registry.
2026-01-07T00:11:40.519-0500 [DEBUG] [org.gradle.cache.internal.DefaultFileLockManager] Lock acquired on daemon addresses registry.
2026-01-07T00:11:40.519-0500 [DEBUG] [org.gradle.cache.internal.DefaultFileLockManager] Releasing lock on daemon addresses registry.
2026-01-07T00:11:40.520-0500 [DEBUG] [org.gradle.cache.internal.DefaultFileLockManager] Waiting to acquire shared lock on daemon addresses registry.
2026-01-07T00:11:40.520-0500 [DEBUG] [org.gradle.cache.internal.DefaultFileLockManager] Lock acquired on daemon addresses registry.
2026-01-07T00:11:40.520-0500 [DEBUG] [org.gradle.cache.internal.DefaultFileLockManager] Releasing lock on daemon addresses registry.
2026-01-07T00:11:40.520-0500 [DEBUG] [org.gradle.cache.internal.DefaultFileLockManager] Waiting to acquire shared lock on daemon addresses registry.
2026-01-07T00:11:40.520-0500 [DEBUG] [org.gradle.cache.internal.DefaultFileLockManager] Lock acquired on daemon addresses registry.
2026-01-07T00:11:40.520-0500 [DEBUG] [org.gradle.cache.internal.DefaultFileLockManager] Releasing lock on daemon addresses registry.
2026-01-07T00:11:44.552-0500 [DEBUG] [org.gradle.process.internal.health.memory.DefaultMemoryManager] 2769969561 virtual memory requested, 1805312000 free
2026-01-07T00:11:44.552-0500 [DEBUG] [org.gradle.workers.internal.WorkerDaemonExpiration] Will attempt to release 2641 of memory
2026-01-07T00:11:44.552-0500 [DEBUG] [org.gradle.process.internal.health.memory.DefaultMemoryManager] 2769969561 virtual memory requested, 0 released, 1805312000 free
2026-01-07T00:11:49.557-0500 [DEBUG] [org.gradle.process.internal.health.memory.DefaultMemoryManager] 2769969561 virtual memory requested, 1763278848 free
2026-01-07T00:11:49.557-0500 [DEBUG] [org.gradle.workers.internal.WorkerDaemonExpiration] Will attempt to release 2641 of memory
2026-01-07T00:11:49.557-0500 [DEBUG] [org.gradle.process.internal.health.memory.DefaultMemoryManager] 2769969561 virtual memory requested, 0 released, 1763278848 free
2026-01-07T00:11:50.525-0500 [DEBUG] [org.gradle.cache.internal.DefaultFileLockManager] Waiting to acquire shared lock on daemon addresses registry.
2026-01-07T00:11:50.525-0500 [DEBUG] [org.gradle.cache.internal.DefaultFileLockManager] Lock acquired on daemon addresses registry.
2026-01-07T00:11:50.525-0500 [DEBUG] [org.gradle.cache.internal.DefaultFileLockManager] Releasing lock on daemon addresses registry.
2026-01-07T00:11:50.526-0500 [DEBUG] [org.gradle.cache.internal.DefaultFileLockManager] Waiting to acquire shared lock on daemon addresses registry.
2026-01-07T00:11:50.526-0500 [DEBUG] [org.gradle.cache.internal.DefaultFileLockManager] Lock acquired on daemon addresses registry.
2026-01-07T00:11:50.526-0500 [DEBUG] [org.gradle.cache.internal.DefaultFileLockManager] Releasing lock on daemon addresses registry.
2026-01-07T00:11:50.527-0500 [DEBUG] [org.gradle.cache.internal.DefaultFileLockManager] Waiting to acquire shared lock on daemon addresses registry.
2026-01-07T00:11:50.527-0500 [DEBUG] [org.gradle.cache.internal.DefaultFileLockManager] Lock acquired on daemon addresses registry.
2026-01-07T00:11:50.527-0500 [DEBUG] [org.gradle.cache.internal.DefaultFileLockManager] Releasing lock on daemon addresses registry.
2026-01-07T00:11:54.558-0500 [DEBUG] [org.gradle.process.internal.health.memory.DefaultMemoryManager] 2769969561 virtual memory requested, 1769570304 free
2026-01-07T00:11:54.559-0500 [DEBUG] [org.gradle.workers.internal.WorkerDaemonExpiration] Will attempt to release 2641 of memory
2026-01-07T00:11:54.559-0500 [DEBUG] [org.gradle.process.internal.health.memory.DefaultMemoryManager] 2769969561 virtual memory requested, 0 released, 1769570304 free
2026-01-07T00:11:59.557-0500 [DEBUG] [org.gradle.process.internal.health.memory.DefaultMemoryManager] 2769969561 virtual memory requested, 1786671104 free
2026-01-07T00:11:59.558-0500 [DEBUG] [org.gradle.workers.internal.WorkerDaemonExpiration] Will attempt to release 2641 of memory
2026-01-07T00:11:59.558-0500 [DEBUG] [org.gradle.process.internal.health.memory.DefaultMemoryManager] 2769969561 virtual memory requested, 0 released, 1786671104 free
2026-01-07T00:12:00.529-0500 [DEBUG] [org.gradle.cache.internal.DefaultFileLockManager] Waiting to acquire shared lock on daemon addresses registry.
2026-01-07T00:12:00.529-0500 [DEBUG] [org.gradle.cache.internal.DefaultFileLockManager] Lock acquired on daemon addresses registry.
2026-01-07T00:12:00.529-0500 [DEBUG] [org.gradle.cache.internal.DefaultFileLockManager] Releasing lock on daemon addresses registry.
2026-01-07T00:12:00.530-0500 [DEBUG] [org.gradle.cache.internal.DefaultFileLockManager] Waiting to acquire shared lock on daemon addresses registry.
2026-01-07T00:12:00.530-0500 [DEBUG] [org.gradle.cache.internal.DefaultFileLockManager] Lock acquired on daemon addresses registry.
2026-01-07T00:12:00.530-0500 [DEBUG] [org.gradle.cache.internal.DefaultFileLockManager] Releasing lock on daemon addresses registry.
2026-01-07T00:12:00.531-0500 [DEBUG] [org.gradle.cache.internal.DefaultFileLockManager] Waiting to acquire shared lock on daemon addresses registry.
2026-01-07T00:12:00.531-0500 [DEBUG] [org.gradle.cache.internal.DefaultFileLockManager] Lock acquired on daemon addresses registry.
2026-01-07T00:12:00.531-0500 [DEBUG] [org.gradle.cache.internal.DefaultFileLockManager] Releasing lock on daemon addresses registry.
2026-01-07T00:12:04.562-0500 [DEBUG] [org.gradle.process.internal.health.memory.DefaultMemoryManager] 2769969561 virtual memory requested, 1703337984 free
2026-01-07T00:12:04.563-0500 [DEBUG] [org.gradle.workers.internal.WorkerDaemonExpiration] Will attempt to release 2641 of memory
2026-01-07T00:12:04.563-0500 [DEBUG] [org.gradle.process.internal.health.memory.DefaultMemoryManager] 2769969561 virtual memory requested, 0 released, 1703337984 free
2026-01-07T00:12:09.556-0500 [DEBUG] [org.gradle.process.internal.health.memory.DefaultMemoryManager] 2769969561 virtual memory requested, 1859403776 free
2026-01-07T00:12:09.557-0500 [DEBUG] [org.gradle.workers.internal.WorkerDaemonExpiration] Will attempt to release 2641 of memory
2026-01-07T00:12:09.557-0500 [DEBUG] [org.gradle.process.internal.health.memory.DefaultMemoryManager] 2769969561 virtual memory requested, 0 released, 1859403776 free
2026-01-07T00:12:10.526-0500 [DEBUG] [org.gradle.cache.internal.DefaultFileLockManager] Waiting to acquire shared lock on daemon addresses registry.
2026-01-07T00:12:10.526-0500 [DEBUG] [org.gradle.cache.internal.DefaultFileLockManager] Lock acquired on daemon addresses registry.
2026-01-07T00:12:10.526-0500 [DEBUG] [org.gradle.cache.internal.DefaultFileLockManager] Releasing lock on daemon addresses registry.
2026-01-07T00:12:10.527-0500 [DEBUG] [org.gradle.cache.internal.DefaultFileLockManager] Waiting to acquire shared lock on daemon addresses registry.
2026-01-07T00:12:10.527-0500 [DEBUG] [org.gradle.cache.internal.DefaultFileLockManager] Lock acquired on daemon addresses registry.
2026-01-07T00:12:10.527-0500 [DEBUG] [org.gradle.cache.internal.DefaultFileLockManager] Releasing lock on daemon addresses registry.
2026-01-07T00:12:10.528-0500 [DEBUG] [org.gradle.cache.internal.DefaultFileLockManager] Waiting to acquire shared lock on daemon addresses registry.
2026-01-07T00:12:10.528-0500 [DEBUG] [org.gradle.cache.internal.DefaultFileLockManager] Lock acquired on daemon addresses registry.
2026-01-07T00:12:10.528-0500 [DEBUG] [org.gradle.cache.internal.DefaultFileLockManager] Releasing lock on daemon addresses registry.
2026-01-07T00:12:14.553-0500 [DEBUG] [org.gradle.process.internal.health.memory.DefaultMemoryManager] 2769969561 virtual memory requested, 1894510592 free
2026-01-07T00:12:14.554-0500 [DEBUG] [org.gradle.workers.internal.WorkerDaemonExpiration] Will attempt to release 2641 of memory
2026-01-07T00:12:14.554-0500 [DEBUG] [org.gradle.process.internal.health.memory.DefaultMemoryManager] 2769969561 virtual memory requested, 0 released, 1894510592 free
2026-01-07T00:12:19.560-0500 [DEBUG] [org.gradle.process.internal.health.memory.DefaultMemoryManager] 2769969561 virtual memory requested, 1926844416 free
2026-01-07T00:12:19.560-0500 [DEBUG] [org.gradle.workers.internal.WorkerDaemonExpiration] Will attempt to release 2641 of memory
2026-01-07T00:12:19.560-0500 [DEBUG] [org.gradle.process.internal.health.memory.DefaultMemoryManager] 2769969561 virtual memory requested, 0 released, 1926844416 free
2026-01-07T00:12:20.530-0500 [DEBUG] [org.gradle.cache.internal.DefaultFileLockManager] Waiting to acquire shared lock on daemon addresses registry.
2026-01-07T00:12:20.530-0500 [DEBUG] [org.gradle.cache.internal.DefaultFileLockManager] Lock acquired on daemon addresses registry.
2026-01-07T00:12:20.530-0500 [DEBUG] [org.gradle.cache.internal.DefaultFileLockManager] Releasing lock on daemon addresses registry.
2026-01-07T00:12:20.531-0500 [DEBUG] [org.gradle.cache.internal.DefaultFileLockManager] Waiting to acquire shared lock on daemon addresses registry.
2026-01-07T00:12:20.531-0500 [DEBUG] [org.gradle.cache.internal.DefaultFileLockManager] Lock acquired on daemon addresses registry.
2026-01-07T00:12:20.531-0500 [DEBUG] [org.gradle.cache.internal.DefaultFileLockManager] Releasing lock on daemon addresses registry.
2026-01-07T00:12:20.531-0500 [DEBUG] [org.gradle.cache.internal.DefaultFileLockManager] Waiting to acquire shared lock on daemon addresses registry.
2026-01-07T00:12:20.531-0500 [DEBUG] [org.gradle.cache.internal.DefaultFileLockManager] Lock acquired on daemon addresses registry.
2026-01-07T00:12:20.531-0500 [DEBUG] [org.gradle.cache.internal.DefaultFileLockManager] Releasing lock on daemon addresses registry.
2026-01-07T00:12:24.554-0500 [DEBUG] [org.gradle.process.internal.health.memory.DefaultMemoryManager] 2769969561 virtual memory requested, 1846009856 free
2026-01-07T00:12:24.554-0500 [DEBUG] [org.gradle.workers.internal.WorkerDaemonExpiration] Will attempt to release 2641 of memory
2026-01-07T00:12:24.554-0500 [DEBUG] [org.gradle.process.internal.health.memory.DefaultMemoryManager] 2769969561 virtual memory requested, 0 released, 1846009856 free
2026-01-07T00:12:29.551-0500 [DEBUG] [org.gradle.process.internal.health.memory.DefaultMemoryManager] 2769969561 virtual memory requested, 1788121088 free
2026-01-07T00:12:29.551-0500 [DEBUG] [org.gradle.workers.internal.WorkerDaemonExpiration] Will attempt to release 2641 of memory
2026-01-07T00:12:29.551-0500 [DEBUG] [org.gradle.process.internal.health.memory.DefaultMemoryManager] 2769969561 virtual memory requested, 0 released, 1788121088 free
2026-01-07T00:12:30.529-0500 [DEBUG] [org.gradle.cache.internal.DefaultFileLockManager] Waiting to acquire shared lock on daemon addresses registry.
2026-01-07T00:12:30.530-0500 [DEBUG] [org.gradle.cache.internal.DefaultFileLockManager] Lock acquired on daemon addresses registry.
2026-01-07T00:12:30.530-0500 [DEBUG] [org.gradle.cache.internal.DefaultFileLockManager] Releasing lock on daemon addresses registry.
2026-01-07T00:12:30.531-0500 [DEBUG] [org.gradle.cache.internal.DefaultFileLockManager] Waiting to acquire shared lock on daemon addresses registry.
2026-01-07T00:12:30.531-0500 [DEBUG] [org.gradle.cache.internal.DefaultFileLockManager] Lock acquired on daemon addresses registry.
2026-01-07T00:12:30.531-0500 [DEBUG] [org.gradle.cache.internal.DefaultFileLockManager] Releasing lock on daemon addresses registry.
2026-01-07T00:12:30.532-0500 [DEBUG] [org.gradle.cache.internal.DefaultFileLockManager] Waiting to acquire shared lock on daemon addresses registry.
2026-01-07T00:12:30.532-0500 [DEBUG] [org.gradle.cache.internal.DefaultFileLockManager] Lock acquired on daemon addresses registry.
2026-01-07T00:12:30.532-0500 [DEBUG] [org.gradle.cache.internal.DefaultFileLockManager] Releasing lock on daemon addresses registry.
2026-01-07T00:12:34.553-0500 [DEBUG] [org.gradle.process.internal.health.memory.DefaultMemoryManager] 2769969561 virtual memory requested, 1786314752 free
2026-01-07T00:12:34.553-0500 [DEBUG] [org.gradle.workers.internal.WorkerDaemonExpiration] Will attempt to release 2641 of memory
2026-01-07T00:12:34.553-0500 [DEBUG] [org.gradle.process.internal.health.memory.DefaultMemoryManager] 2769969561 virtual memory requested, 0 released, 1786314752 free
2026-01-07T00:12:39.561-0500 [DEBUG] [org.gradle.process.internal.health.memory.DefaultMemoryManager] 2769969561 virtual memory requested, 1720897536 free
2026-01-07T00:12:39.561-0500 [DEBUG] [org.gradle.workers.internal.WorkerDaemonExpiration] Will attempt to release 2641 of memory
2026-01-07T00:12:39.561-0500 [DEBUG] [org.gradle.process.internal.health.memory.DefaultMemoryManager] 2769969561 virtual memory requested, 0 released, 1720897536 free
2026-01-07T00:12:40.519-0500 [DEBUG] [org.gradle.cache.internal.DefaultFileLockManager] Waiting to acquire shared lock on daemon addresses registry.
2026-01-07T00:12:40.520-0500 [DEBUG] [org.gradle.cache.internal.DefaultFileLockManager] Lock acquired on daemon addresses registry.
2026-01-07T00:12:40.520-0500 [DEBUG] [org.gradle.cache.internal.DefaultFileLockManager] Releasing lock on daemon addresses registry.
2026-01-07T00:12:40.521-0500 [DEBUG] [org.gradle.cache.internal.DefaultFileLockManager] Waiting to acquire shared lock on daemon addresses registry.
2026-01-07T00:12:40.521-0500 [DEBUG] [org.gradle.cache.internal.DefaultFileLockManager] Lock acquired on daemon addresses registry.
2026-01-07T00:12:40.521-0500 [DEBUG] [org.gradle.cache.internal.DefaultFileLockManager] Releasing lock on daemon addresses registry.
2026-01-07T00:12:40.522-0500 [DEBUG] [org.gradle.cache.internal.DefaultFileLockManager] Waiting to acquire shared lock on daemon addresses registry.
2026-01-07T00:12:40.522-0500 [DEBUG] [org.gradle.cache.internal.DefaultFileLockManager] Lock acquired on daemon addresses registry.
2026-01-07T00:12:40.522-0500 [DEBUG] [org.gradle.cache.internal.DefaultFileLockManager] Releasing lock on daemon addresses registry.
2026-01-07T00:12:44.556-0500 [DEBUG] [org.gradle.process.internal.health.memory.DefaultMemoryManager] 2769969561 virtual memory requested, 1787715584 free
2026-01-07T00:12:44.556-0500 [DEBUG] [org.gradle.workers.internal.WorkerDaemonExpiration] Will attempt to release 2641 of memory
2026-01-07T00:12:44.557-0500 [DEBUG] [org.gradle.process.internal.health.memory.DefaultMemoryManager] 2769969561 virtual memory requested, 0 released, 1787715584 free
2026-01-07T00:12:49.567-0500 [DEBUG] [org.gradle.process.internal.health.memory.DefaultMemoryManager] 2769969561 virtual memory requested, 1772834816 free
2026-01-07T00:12:49.567-0500 [DEBUG] [org.gradle.workers.internal.WorkerDaemonExpiration] Will attempt to release 2641 of memory
2026-01-07T00:12:49.567-0500 [DEBUG] [org.gradle.process.internal.health.memory.DefaultMemoryManager] 2769969561 virtual memory requested, 0 released, 1772834816 free
2026-01-07T00:12:50.532-0500 [DEBUG] [org.gradle.cache.internal.DefaultFileLockManager] Waiting to acquire shared lock on daemon addresses registry.
2026-01-07T00:12:50.532-0500 [DEBUG] [org.gradle.cache.internal.DefaultFileLockManager] Lock acquired on daemon addresses registry.
2026-01-07T00:12:50.533-0500 [DEBUG] [org.gradle.cache.internal.DefaultFileLockManager] Releasing lock on daemon addresses registry.
2026-01-07T00:12:50.533-0500 [DEBUG] [org.gradle.cache.internal.DefaultFileLockManager] Waiting to acquire shared lock on daemon addresses registry.
2026-01-07T00:12:50.533-0500 [DEBUG] [org.gradle.cache.internal.DefaultFileLockManager] Lock acquired on daemon addresses registry.
2026-01-07T00:12:50.533-0500 [DEBUG] [org.gradle.cache.internal.DefaultFileLockManager] Releasing lock on daemon addresses registry.
2026-01-07T00:12:50.534-0500 [DEBUG] [org.gradle.cache.internal.DefaultFileLockManager] Waiting to acquire shared lock on daemon addresses registry.
2026-01-07T00:12:50.534-0500 [DEBUG] [org.gradle.cache.internal.DefaultFileLockManager] Lock acquired on daemon addresses registry.
2026-01-07T00:12:50.534-0500 [DEBUG] [org.gradle.cache.internal.DefaultFileLockManager] Releasing lock on daemon addresses registry.
2026-01-07T00:12:54.560-0500 [DEBUG] [org.gradle.process.internal.health.memory.DefaultMemoryManager] 2769969561 virtual memory requested, 1794736128 free
2026-01-07T00:12:54.561-0500 [DEBUG] [org.gradle.workers.internal.WorkerDaemonExpiration] Will attempt to release 2641 of memory
2026-01-07T00:12:54.561-0500 [DEBUG] [org.gradle.process.internal.health.memory.DefaultMemoryManager] 2769969561 virtual memory requested, 0 released, 1794736128 free
2026-01-07T00:12:59.554-0500 [DEBUG] [org.gradle.process.internal.health.memory.DefaultMemoryManager] 2769969561 virtual memory requested, 1806442496 free
2026-01-07T00:12:59.554-0500 [DEBUG] [org.gradle.workers.internal.WorkerDaemonExpiration] Will attempt to release 2641 of memory
2026-01-07T00:12:59.555-0500 [DEBUG] [org.gradle.process.internal.health.memory.DefaultMemoryManager] 2769969561 virtual memory requested, 0 released, 1806442496 free
2026-01-07T00:13:00.526-0500 [DEBUG] [org.gradle.cache.internal.DefaultFileLockManager] Waiting to acquire shared lock on daemon addresses registry.
2026-01-07T00:13:00.526-0500 [DEBUG] [org.gradle.cache.internal.DefaultFileLockManager] Lock acquired on daemon addresses registry.
2026-01-07T00:13:00.526-0500 [DEBUG] [org.gradle.cache.internal.DefaultFileLockManager] Releasing lock on daemon addresses registry.
2026-01-07T00:13:00.527-0500 [DEBUG] [org.gradle.cache.internal.DefaultFileLockManager] Waiting to acquire shared lock on daemon addresses registry.
2026-01-07T00:13:00.527-0500 [DEBUG] [org.gradle.cache.internal.DefaultFileLockManager] Lock acquired on daemon addresses registry.
2026-01-07T00:13:00.527-0500 [DEBUG] [org.gradle.cache.internal.DefaultFileLockManager] Releasing lock on daemon addresses registry.
2026-01-07T00:13:00.527-0500 [DEBUG] [org.gradle.cache.internal.DefaultFileLockManager] Waiting to acquire shared lock on daemon addresses registry.
2026-01-07T00:13:00.527-0500 [DEBUG] [org.gradle.cache.internal.DefaultFileLockManager] Lock acquired on daemon addresses registry.
2026-01-07T00:13:00.527-0500 [DEBUG] [org.gradle.cache.internal.DefaultFileLockManager] Releasing lock on daemon addresses registry.
2026-01-07T00:13:04.566-0500 [DEBUG] [org.gradle.process.internal.health.memory.DefaultMemoryManager] 2769969561 virtual memory requested, 1798811648 free
2026-01-07T00:13:04.566-0500 [DEBUG] [org.gradle.workers.internal.WorkerDaemonExpiration] Will attempt to release 2641 of memory
2026-01-07T00:13:04.566-0500 [DEBUG] [org.gradle.process.internal.health.memory.DefaultMemoryManager] 2769969561 virtual memory requested, 0 released, 1798811648 free
2026-01-07T00:13:09.558-0500 [DEBUG] [org.gradle.process.internal.health.memory.DefaultMemoryManager] 2769969561 virtual memory requested, 1805819904 free
2026-01-07T00:13:09.558-0500 [DEBUG] [org.gradle.workers.internal.WorkerDaemonExpiration] Will attempt to release 2641 of memory
2026-01-07T00:13:09.558-0500 [DEBUG] [org.gradle.process.internal.health.memory.DefaultMemoryManager] 2769969561 virtual memory requested, 0 released, 1805819904 free
2026-01-07T00:13:10.528-0500 [DEBUG] [org.gradle.cache.internal.DefaultFileLockManager] Waiting to acquire shared lock on daemon addresses registry.
2026-01-07T00:13:10.528-0500 [DEBUG] [org.gradle.cache.internal.DefaultFileLockManager] Lock acquired on daemon addresses registry.
2026-01-07T00:13:10.529-0500 [DEBUG] [org.gradle.cache.internal.DefaultFileLockManager] Releasing lock on daemon addresses registry.
2026-01-07T00:13:10.529-0500 [DEBUG] [org.gradle.cache.internal.DefaultFileLockManager] Waiting to acquire shared lock on daemon addresses registry.
2026-01-07T00:13:10.530-0500 [DEBUG] [org.gradle.cache.internal.DefaultFileLockManager] Lock acquired on daemon addresses registry.
2026-01-07T00:13:10.530-0500 [DEBUG] [org.gradle.cache.internal.DefaultFileLockManager] Releasing lock on daemon addresses registry.
2026-01-07T00:13:10.530-0500 [DEBUG] [org.gradle.cache.internal.DefaultFileLockManager] Waiting to acquire shared lock on daemon addresses registry.
2026-01-07T00:13:10.530-0500 [DEBUG] [org.gradle.cache.internal.DefaultFileLockManager] Lock acquired on daemon addresses registry.
2026-01-07T00:13:10.530-0500 [DEBUG] [org.gradle.cache.internal.DefaultFileLockManager] Releasing lock on daemon addresses registry.
2026-01-07T00:13:14.557-0500 [DEBUG] [org.gradle.process.internal.health.memory.DefaultMemoryManager] 2769969561 virtual memory requested, 1764147200 free
2026-01-07T00:13:14.557-0500 [DEBUG] [org.gradle.workers.internal.WorkerDaemonExpiration] Will attempt to release 2641 of memory
2026-01-07T00:13:14.557-0500 [DEBUG] [org.gradle.process.internal.health.memory.DefaultMemoryManager] 2769969561 virtual memory requested, 0 released, 1764147200 free
2026-01-07T00:13:19.558-0500 [DEBUG] [org.gradle.process.internal.health.memory.DefaultMemoryManager] 2769969561 virtual memory requested, 1774669824 free
2026-01-07T00:13:19.558-0500 [DEBUG] [org.gradle.workers.internal.WorkerDaemonExpiration] Will attempt to release 2641 of memory
2026-01-07T00:13:19.558-0500 [DEBUG] [org.gradle.process.internal.health.memory.DefaultMemoryManager] 2769969561 virtual memory requested, 0 released, 1774669824 free
2026-01-07T00:13:20.528-0500 [DEBUG] [org.gradle.cache.internal.DefaultFileLockManager] Waiting to acquire shared lock on daemon addresses registry.
2026-01-07T00:13:20.528-0500 [DEBUG] [org.gradle.cache.internal.DefaultFileLockManager] Lock acquired on daemon addresses registry.
2026-01-07T00:13:20.528-0500 [DEBUG] [org.gradle.cache.internal.DefaultFileLockManager] Releasing lock on daemon addresses registry.
2026-01-07T00:13:20.529-0500 [DEBUG] [org.gradle.cache.internal.DefaultFileLockManager] Waiting to acquire shared lock on daemon addresses registry.
2026-01-07T00:13:20.529-0500 [DEBUG] [org.gradle.cache.internal.DefaultFileLockManager] Lock acquired on daemon addresses registry.
2026-01-07T00:13:20.530-0500 [DEBUG] [org.gradle.cache.internal.DefaultFileLockManager] Releasing lock on daemon addresses registry.
2026-01-07T00:13:20.530-0500 [DEBUG] [org.gradle.cache.internal.DefaultFileLockManager] Waiting to acquire shared lock on daemon addresses registry.
2026-01-07T00:13:20.530-0500 [DEBUG] [org.gradle.cache.internal.DefaultFileLockManager] Lock acquired on daemon addresses registry.
2026-01-07T00:13:20.530-0500 [DEBUG] [org.gradle.cache.internal.DefaultFileLockManager] Releasing lock on daemon addresses registry.
2026-01-07T00:13:24.559-0500 [DEBUG] [org.gradle.process.internal.health.memory.DefaultMemoryManager] 2769969561 virtual memory requested, 1699577856 free
2026-01-07T00:13:24.559-0500 [DEBUG] [org.gradle.workers.internal.WorkerDaemonExpiration] Will attempt to release 2641 of memory
2026-01-07T00:13:24.559-0500 [DEBUG] [org.gradle.process.internal.health.memory.DefaultMemoryManager] 2769969561 virtual memory requested, 0 released, 1699577856 free
2026-01-07T00:13:29.558-0500 [DEBUG] [org.gradle.process.internal.health.memory.DefaultMemoryManager] 2769969561 virtual memory requested, 1875087360 free
2026-01-07T00:13:29.558-0500 [DEBUG] [org.gradle.workers.internal.WorkerDaemonExpiration] Will attempt to release 2641 of memory
2026-01-07T00:13:29.558-0500 [DEBUG] [org.gradle.process.internal.health.memory.DefaultMemoryManager] 2769969561 virtual memory requested, 0 released, 1875087360 free
2026-01-07T00:13:30.528-0500 [DEBUG] [org.gradle.cache.internal.DefaultFileLockManager] Waiting to acquire shared lock on daemon addresses registry.
2026-01-07T00:13:30.528-0500 [DEBUG] [org.gradle.cache.internal.DefaultFileLockManager] Lock acquired on daemon addresses registry.
2026-01-07T00:13:30.528-0500 [DEBUG] [org.gradle.cache.internal.DefaultFileLockManager] Releasing lock on daemon addresses registry.
2026-01-07T00:13:30.529-0500 [DEBUG] [org.gradle.cache.internal.DefaultFileLockManager] Waiting to acquire shared lock on daemon addresses registry.
2026-01-07T00:13:30.529-0500 [DEBUG] [org.gradle.cache.internal.DefaultFileLockManager] Lock acquired on daemon addresses registry.
2026-01-07T00:13:30.530-0500 [DEBUG] [org.gradle.cache.internal.DefaultFileLockManager] Releasing lock on daemon addresses registry.
2026-01-07T00:13:30.531-0500 [DEBUG] [org.gradle.cache.internal.DefaultFileLockManager] Waiting to acquire shared lock on daemon addresses registry.
2026-01-07T00:13:30.531-0500 [DEBUG] [org.gradle.cache.internal.DefaultFileLockManager] Lock acquired on daemon addresses registry.
2026-01-07T00:13:30.531-0500 [DEBUG] [org.gradle.cache.internal.DefaultFileLockManager] Releasing lock on daemon addresses registry.
2026-01-07T00:13:34.557-0500 [DEBUG] [org.gradle.process.internal.health.memory.DefaultMemoryManager] 2769969561 virtual memory requested, 1885159424 free
2026-01-07T00:13:34.557-0500 [DEBUG] [org.gradle.workers.internal.WorkerDaemonExpiration] Will attempt to release 2641 of memory
2026-01-07T00:13:34.557-0500 [DEBUG] [org.gradle.process.internal.health.memory.DefaultMemoryManager] 2769969561 virtual memory requested, 0 released, 1885159424 free
2026-01-07T00:13:39.556-0500 [DEBUG] [org.gradle.process.internal.health.memory.DefaultMemoryManager] 2769969561 virtual memory requested, 1907163136 free
2026-01-07T00:13:39.556-0500 [DEBUG] [org.gradle.workers.internal.WorkerDaemonExpiration] Will attempt to release 2641 of memory
2026-01-07T00:13:39.557-0500 [DEBUG] [org.gradle.process.internal.health.memory.DefaultMemoryManager] 2769969561 virtual memory requested, 0 released, 1907163136 free
2026-01-07T00:13:40.523-0500 [DEBUG] [org.gradle.cache.internal.DefaultFileLockManager] Waiting to acquire shared lock on daemon addresses registry.
2026-01-07T00:13:40.524-0500 [DEBUG] [org.gradle.cache.internal.DefaultFileLockManager] Lock acquired on daemon addresses registry.
2026-01-07T00:13:40.524-0500 [DEBUG] [org.gradle.cache.internal.DefaultFileLockManager] Releasing lock on daemon addresses registry.
2026-01-07T00:13:40.525-0500 [DEBUG] [org.gradle.cache.internal.DefaultFileLockManager] Waiting to acquire shared lock on daemon addresses registry.
2026-01-07T00:13:40.525-0500 [DEBUG] [org.gradle.cache.internal.DefaultFileLockManager] Lock acquired on daemon addresses registry.
2026-01-07T00:13:40.525-0500 [DEBUG] [org.gradle.cache.internal.DefaultFileLockManager] Releasing lock on daemon addresses registry.
2026-01-07T00:13:40.526-0500 [DEBUG] [org.gradle.cache.internal.DefaultFileLockManager] Waiting to acquire shared lock on daemon addresses registry.
2026-01-07T00:13:40.526-0500 [DEBUG] [org.gradle.cache.internal.DefaultFileLockManager] Lock acquired on daemon addresses registry.
2026-01-07T00:13:40.526-0500 [DEBUG] [org.gradle.cache.internal.DefaultFileLockManager] Releasing lock on daemon addresses registry.
2026-01-07T00:13:44.558-0500 [DEBUG] [org.gradle.process.internal.health.memory.DefaultMemoryManager] 2769969561 virtual memory requested, 1912143872 free
2026-01-07T00:13:44.558-0500 [DEBUG] [org.gradle.workers.internal.WorkerDaemonExpiration] Will attempt to release 2641 of memory
2026-01-07T00:13:44.558-0500 [DEBUG] [org.gradle.process.internal.health.memory.DefaultMemoryManager] 2769969561 virtual memory requested, 0 released, 1912143872 free
2026-01-07T00:13:49.568-0500 [DEBUG] [org.gradle.process.internal.health.memory.DefaultMemoryManager] 2769969561 virtual memory requested, 1899376640 free
2026-01-07T00:13:49.568-0500 [DEBUG] [org.gradle.workers.internal.WorkerDaemonExpiration] Will attempt to release 2641 of memory
2026-01-07T00:13:49.568-0500 [DEBUG] [org.gradle.process.internal.health.memory.DefaultMemoryManager] 2769969561 virtual memory requested, 0 released, 1899376640 free
2026-01-07T00:13:50.531-0500 [DEBUG] [org.gradle.cache.internal.DefaultFileLockManager] Waiting to acquire shared lock on daemon addresses registry.
2026-01-07T00:13:50.531-0500 [DEBUG] [org.gradle.cache.internal.DefaultFileLockManager] Lock acquired on daemon addresses registry.
2026-01-07T00:13:50.531-0500 [DEBUG] [org.gradle.cache.internal.DefaultFileLockManager] Releasing lock on daemon addresses registry.
2026-01-07T00:13:50.532-0500 [DEBUG] [org.gradle.cache.internal.DefaultFileLockManager] Waiting to acquire shared lock on daemon addresses registry.
2026-01-07T00:13:50.532-0500 [DEBUG] [org.gradle.cache.internal.DefaultFileLockManager] Lock acquired on daemon addresses registry.
2026-01-07T00:13:50.532-0500 [DEBUG] [org.gradle.cache.internal.DefaultFileLockManager] Releasing lock on daemon addresses registry.
2026-01-07T00:13:50.533-0500 [DEBUG] [org.gradle.cache.internal.DefaultFileLockManager] Waiting to acquire shared lock on daemon addresses registry.
2026-01-07T00:13:50.533-0500 [DEBUG] [org.gradle.cache.internal.DefaultFileLockManager] Lock acquired on daemon addresses registry.
2026-01-07T00:13:50.533-0500 [DEBUG] [org.gradle.cache.internal.DefaultFileLockManager] Releasing lock on daemon addresses registry.
2026-01-07T00:13:54.569-0500 [DEBUG] [org.gradle.process.internal.health.memory.DefaultMemoryManager] 2769969561 virtual memory requested, 1885196288 free
2026-01-07T00:13:54.569-0500 [DEBUG] [org.gradle.workers.internal.WorkerDaemonExpiration] Will attempt to release 2641 of memory
2026-01-07T00:13:54.569-0500 [DEBUG] [org.gradle.process.internal.health.memory.DefaultMemoryManager] 2769969561 virtual memory requested, 0 released, 1885196288 free
2026-01-07T00:13:59.560-0500 [DEBUG] [org.gradle.process.internal.health.memory.DefaultMemoryManager] 2769969561 virtual memory requested, 1842323456 free
2026-01-07T00:13:59.560-0500 [DEBUG] [org.gradle.workers.internal.WorkerDaemonExpiration] Will attempt to release 2641 of memory
2026-01-07T00:13:59.560-0500 [DEBUG] [org.gradle.process.internal.health.memory.DefaultMemoryManager] 2769969561 virtual memory requested, 0 released, 1842323456 free
2026-01-07T00:14:00.532-0500 [DEBUG] [org.gradle.cache.internal.DefaultFileLockManager] Waiting to acquire shared lock on daemon addresses registry.
2026-01-07T00:14:00.532-0500 [DEBUG] [org.gradle.cache.internal.DefaultFileLockManager] Lock acquired on daemon addresses registry.
2026-01-07T00:14:00.532-0500 [DEBUG] [org.gradle.cache.internal.DefaultFileLockManager] Releasing lock on daemon addresses registry.
2026-01-07T00:14:00.533-0500 [DEBUG] [org.gradle.cache.internal.DefaultFileLockManager] Waiting to acquire shared lock on daemon addresses registry.
2026-01-07T00:14:00.533-0500 [DEBUG] [org.gradle.cache.internal.DefaultFileLockManager] Lock acquired on daemon addresses registry.
2026-01-07T00:14:00.534-0500 [DEBUG] [org.gradle.cache.internal.DefaultFileLockManager] Releasing lock on daemon addresses registry.
2026-01-07T00:14:00.534-0500 [DEBUG] [org.gradle.cache.internal.DefaultFileLockManager] Waiting to acquire shared lock on daemon addresses registry.
2026-01-07T00:14:00.534-0500 [DEBUG] [org.gradle.cache.internal.DefaultFileLockManager] Lock acquired on daemon addresses registry.
2026-01-07T00:14:00.534-0500 [DEBUG] [org.gradle.cache.internal.DefaultFileLockManager] Releasing lock on daemon addresses registry.
2026-01-07T00:14:04.561-0500 [DEBUG] [org.gradle.process.internal.health.memory.DefaultMemoryManager] 2769969561 virtual memory requested, 1807220736 free
2026-01-07T00:14:04.561-0500 [DEBUG] [org.gradle.workers.internal.WorkerDaemonExpiration] Will attempt to release 2641 of memory
2026-01-07T00:14:04.561-0500 [DEBUG] [org.gradle.process.internal.health.memory.DefaultMemoryManager] 2769969561 virtual memory requested, 0 released, 1807220736 free
2026-01-07T00:14:09.567-0500 [DEBUG] [org.gradle.process.internal.health.memory.DefaultMemoryManager] 2769969561 virtual memory requested, 1750454272 free
2026-01-07T00:14:09.567-0500 [DEBUG] [org.gradle.workers.internal.WorkerDaemonExpiration] Will attempt to release 2641 of memory
2026-01-07T00:14:09.567-0500 [DEBUG] [org.gradle.process.internal.health.memory.DefaultMemoryManager] 2769969561 virtual memory requested, 0 released, 1750454272 free
2026-01-07T00:14:10.526-0500 [DEBUG] [org.gradle.cache.internal.DefaultFileLockManager] Waiting to acquire shared lock on daemon addresses registry.
2026-01-07T00:14:10.526-0500 [DEBUG] [org.gradle.cache.internal.DefaultFileLockManager] Lock acquired on daemon addresses registry.
2026-01-07T00:14:10.526-0500 [DEBUG] [org.gradle.cache.internal.DefaultFileLockManager] Releasing lock on daemon addresses registry.
2026-01-07T00:14:10.527-0500 [DEBUG] [org.gradle.cache.internal.DefaultFileLockManager] Waiting to acquire shared lock on daemon addresses registry.
2026-01-07T00:14:10.527-0500 [DEBUG] [org.gradle.cache.internal.DefaultFileLockManager] Lock acquired on daemon addresses registry.
2026-01-07T00:14:10.528-0500 [DEBUG] [org.gradle.cache.internal.DefaultFileLockManager] Releasing lock on daemon addresses registry.
2026-01-07T00:14:10.528-0500 [DEBUG] [org.gradle.cache.internal.DefaultFileLockManager] Waiting to acquire shared lock on daemon addresses registry.
2026-01-07T00:14:10.528-0500 [DEBUG] [org.gradle.cache.internal.DefaultFileLockManager] Lock acquired on daemon addresses registry.
2026-01-07T00:14:10.528-0500 [DEBUG] [org.gradle.cache.internal.DefaultFileLockManager] Releasing lock on daemon addresses registry.
2026-01-07T00:14:14.564-0500 [DEBUG] [org.gradle.process.internal.health.memory.DefaultMemoryManager] 2769969561 virtual memory requested, 1772027904 free
2026-01-07T00:14:14.564-0500 [DEBUG] [org.gradle.workers.internal.WorkerDaemonExpiration] Will attempt to release 2641 of memory
2026-01-07T00:14:14.564-0500 [DEBUG] [org.gradle.process.internal.health.memory.DefaultMemoryManager] 2769969561 virtual memory requested, 0 released, 1772027904 free
2026-01-07T00:14:19.572-0500 [DEBUG] [org.gradle.process.internal.health.memory.DefaultMemoryManager] 2769969561 virtual memory requested, 1743687680 free
2026-01-07T00:14:19.572-0500 [DEBUG] [org.gradle.workers.internal.WorkerDaemonExpiration] Will attempt to release 2641 of memory
2026-01-07T00:14:19.572-0500 [DEBUG] [org.gradle.process.internal.health.memory.DefaultMemoryManager] 2769969561 virtual memory requested, 0 released, 1743687680 free
2026-01-07T00:14:20.526-0500 [DEBUG] [org.gradle.cache.internal.DefaultFileLockManager] Waiting to acquire shared lock on daemon addresses registry.
2026-01-07T00:14:20.527-0500 [DEBUG] [org.gradle.cache.internal.DefaultFileLockManager] Lock acquired on daemon addresses registry.
2026-01-07T00:14:20.527-0500 [DEBUG] [org.gradle.cache.internal.DefaultFileLockManager] Releasing lock on daemon addresses registry.
2026-01-07T00:14:20.528-0500 [DEBUG] [org.gradle.cache.internal.DefaultFileLockManager] Waiting to acquire shared lock on daemon addresses registry.
2026-01-07T00:14:20.528-0500 [DEBUG] [org.gradle.cache.internal.DefaultFileLockManager] Lock acquired on daemon addresses registry.
2026-01-07T00:14:20.528-0500 [DEBUG] [org.gradle.cache.internal.DefaultFileLockManager] Releasing lock on daemon addresses registry.
2026-01-07T00:14:20.529-0500 [DEBUG] [org.gradle.cache.internal.DefaultFileLockManager] Waiting to acquire shared lock on daemon addresses registry.
2026-01-07T00:14:20.529-0500 [DEBUG] [org.gradle.cache.internal.DefaultFileLockManager] Lock acquired on daemon addresses registry.
2026-01-07T00:14:20.529-0500 [DEBUG] [org.gradle.cache.internal.DefaultFileLockManager] Releasing lock on daemon addresses registry.
2026-01-07T00:14:24.572-0500 [DEBUG] [org.gradle.process.internal.health.memory.DefaultMemoryManager] 2769969561 virtual memory requested, 1736445952 free
2026-01-07T00:14:24.572-0500 [DEBUG] [org.gradle.workers.internal.WorkerDaemonExpiration] Will attempt to release 2641 of memory
2026-01-07T00:14:24.572-0500 [DEBUG] [org.gradle.process.internal.health.memory.DefaultMemoryManager] 2769969561 virtual memory requested, 0 released, 1736445952 free
2026-01-07T00:14:29.575-0500 [DEBUG] [org.gradle.process.internal.health.memory.DefaultMemoryManager] 2769969561 virtual memory requested, 1462530048 free
2026-01-07T00:14:29.575-0500 [DEBUG] [org.gradle.workers.internal.WorkerDaemonExpiration] Will attempt to release 2641 of memory
2026-01-07T00:14:29.575-0500 [DEBUG] [org.gradle.process.internal.health.memory.DefaultMemoryManager] 2769969561 virtual memory requested, 0 released, 1462530048 free
2026-01-07T00:14:30.539-0500 [DEBUG] [org.gradle.cache.internal.DefaultFileLockManager] Waiting to acquire shared lock on daemon addresses registry.
2026-01-07T00:14:30.539-0500 [DEBUG] [org.gradle.cache.internal.DefaultFileLockManager] Lock acquired on daemon addresses registry.
2026-01-07T00:14:30.539-0500 [DEBUG] [org.gradle.cache.internal.DefaultFileLockManager] Releasing lock on daemon addresses registry.
2026-01-07T00:14:30.540-0500 [DEBUG] [org.gradle.cache.internal.DefaultFileLockManager] Waiting to acquire shared lock on daemon addresses registry.
2026-01-07T00:14:30.541-0500 [DEBUG] [org.gradle.cache.internal.DefaultFileLockManager] Lock acquired on daemon addresses registry.
2026-01-07T00:14:30.541-0500 [DEBUG] [org.gradle.cache.internal.DefaultFileLockManager] Releasing lock on daemon addresses registry.
2026-01-07T00:14:30.541-0500 [DEBUG] [org.gradle.cache.internal.DefaultFileLockManager] Waiting to acquire shared lock on daemon addresses registry.
2026-01-07T00:14:30.541-0500 [DEBUG] [org.gradle.cache.internal.DefaultFileLockManager] Lock acquired on daemon addresses registry.
2026-01-07T00:14:30.541-0500 [DEBUG] [org.gradle.cache.internal.DefaultFileLockManager] Releasing lock on daemon addresses registry.
2026-01-07T00:14:34.567-0500 [DEBUG] [org.gradle.process.internal.health.memory.DefaultMemoryManager] 2769969561 virtual memory requested, 1410932736 free
2026-01-07T00:14:34.567-0500 [DEBUG] [org.gradle.workers.internal.WorkerDaemonExpiration] Will attempt to release 2641 of memory
2026-01-07T00:14:34.567-0500 [DEBUG] [org.gradle.process.internal.health.memory.DefaultMemoryManager] 2769969561 virtual memory requested, 0 released, 1410932736 free
2026-01-07T00:14:39.566-0500 [DEBUG] [org.gradle.process.internal.health.memory.DefaultMemoryManager] 2769969561 virtual memory requested, 1372753920 free
2026-01-07T00:14:39.566-0500 [DEBUG] [org.gradle.workers.internal.WorkerDaemonExpiration] Will attempt to release 2641 of memory
2026-01-07T00:14:39.566-0500 [DEBUG] [org.gradle.process.internal.health.memory.DefaultMemoryManager] 2769969561 virtual memory requested, 0 released, 1372753920 free
2026-01-07T00:14:40.530-0500 [DEBUG] [org.gradle.cache.internal.DefaultFileLockManager] Waiting to acquire shared lock on daemon addresses registry.
2026-01-07T00:14:40.530-0500 [DEBUG] [org.gradle.cache.internal.DefaultFileLockManager] Lock acquired on daemon addresses registry.
2026-01-07T00:14:40.530-0500 [DEBUG] [org.gradle.cache.internal.DefaultFileLockManager] Releasing lock on daemon addresses registry.
2026-01-07T00:14:40.531-0500 [DEBUG] [org.gradle.cache.internal.DefaultFileLockManager] Waiting to acquire shared lock on daemon addresses registry.
2026-01-07T00:14:40.531-0500 [DEBUG] [org.gradle.cache.internal.DefaultFileLockManager] Lock acquired on daemon addresses registry.
2026-01-07T00:14:40.531-0500 [DEBUG] [org.gradle.cache.internal.DefaultFileLockManager] Releasing lock on daemon addresses registry.
2026-01-07T00:14:40.532-0500 [DEBUG] [org.gradle.cache.internal.DefaultFileLockManager] Waiting to acquire shared lock on daemon addresses registry.
2026-01-07T00:14:40.532-0500 [DEBUG] [org.gradle.cache.internal.DefaultFileLockManager] Lock acquired on daemon addresses registry.
2026-01-07T00:14:40.532-0500 [DEBUG] [org.gradle.cache.internal.DefaultFileLockManager] Releasing lock on daemon addresses registry.
2026-01-07T00:14:44.569-0500 [DEBUG] [org.gradle.process.internal.health.memory.DefaultMemoryManager] 2769969561 virtual memory requested, 1547898880 free
2026-01-07T00:14:44.570-0500 [DEBUG] [org.gradle.workers.internal.WorkerDaemonExpiration] Will attempt to release 2641 of memory
2026-01-07T00:14:44.570-0500 [DEBUG] [org.gradle.process.internal.health.memory.DefaultMemoryManager] 2769969561 virtual memory requested, 0 released, 1547898880 free
2026-01-07T00:14:49.569-0500 [DEBUG] [org.gradle.process.internal.health.memory.DefaultMemoryManager] 2769969561 virtual memory requested, 1511170048 free
2026-01-07T00:14:49.569-0500 [DEBUG] [org.gradle.workers.internal.WorkerDaemonExpiration] Will attempt to release 2641 of memory
2026-01-07T00:14:49.569-0500 [DEBUG] [org.gradle.process.internal.health.memory.DefaultMemoryManager] 2769969561 virtual memory requested, 0 released, 1511170048 free
2026-01-07T00:14:50.540-0500 [DEBUG] [org.gradle.cache.internal.DefaultFileLockManager] Waiting to acquire shared lock on daemon addresses registry.
2026-01-07T00:14:50.540-0500 [DEBUG] [org.gradle.cache.internal.DefaultFileLockManager] Lock acquired on daemon addresses registry.
2026-01-07T00:14:50.540-0500 [DEBUG] [org.gradle.cache.internal.DefaultFileLockManager] Releasing lock on daemon addresses registry.
2026-01-07T00:14:50.541-0500 [DEBUG] [org.gradle.cache.internal.DefaultFileLockManager] Waiting to acquire shared lock on daemon addresses registry.
2026-01-07T00:14:50.541-0500 [DEBUG] [org.gradle.cache.internal.DefaultFileLockManager] Lock acquired on daemon addresses registry.
2026-01-07T00:14:50.541-0500 [DEBUG] [org.gradle.cache.internal.DefaultFileLockManager] Releasing lock on daemon addresses registry.
2026-01-07T00:14:50.542-0500 [DEBUG] [org.gradle.cache.internal.DefaultFileLockManager] Waiting to acquire shared lock on daemon addresses registry.
2026-01-07T00:14:50.542-0500 [DEBUG] [org.gradle.cache.internal.DefaultFileLockManager] Lock acquired on daemon addresses registry.
2026-01-07T00:14:50.542-0500 [DEBUG] [org.gradle.cache.internal.DefaultFileLockManager] Releasing lock on daemon addresses registry.
2026-01-07T00:14:54.567-0500 [DEBUG] [org.gradle.process.internal.health.memory.DefaultMemoryManager] 2769969561 virtual memory requested, 1503232000 free
2026-01-07T00:14:54.567-0500 [DEBUG] [org.gradle.workers.internal.WorkerDaemonExpiration] Will attempt to release 2641 of memory
2026-01-07T00:14:54.567-0500 [DEBUG] [org.gradle.process.internal.health.memory.DefaultMemoryManager] 2769969561 virtual memory requested, 0 released, 1503232000 free
2026-01-07T00:14:59.562-0500 [DEBUG] [org.gradle.process.internal.health.memory.DefaultMemoryManager] 2769969561 virtual memory requested, 1515438080 free
2026-01-07T00:14:59.562-0500 [DEBUG] [org.gradle.workers.internal.WorkerDaemonExpiration] Will attempt to release 2641 of memory
2026-01-07T00:14:59.562-0500 [DEBUG] [org.gradle.process.internal.health.memory.DefaultMemoryManager] 2769969561 virtual memory requested, 0 released, 1515438080 free
2026-01-07T00:15:00.533-0500 [DEBUG] [org.gradle.cache.internal.DefaultFileLockManager] Waiting to acquire shared lock on daemon addresses registry.
2026-01-07T00:15:00.533-0500 [DEBUG] [org.gradle.cache.internal.DefaultFileLockManager] Lock acquired on daemon addresses registry.
2026-01-07T00:15:00.533-0500 [DEBUG] [org.gradle.cache.internal.DefaultFileLockManager] Releasing lock on daemon addresses registry.
2026-01-07T00:15:00.534-0500 [DEBUG] [org.gradle.cache.internal.DefaultFileLockManager] Waiting to acquire shared lock on daemon addresses registry.
2026-01-07T00:15:00.534-0500 [DEBUG] [org.gradle.cache.internal.DefaultFileLockManager] Lock acquired on daemon addresses registry.
2026-01-07T00:15:00.534-0500 [DEBUG] [org.gradle.cache.internal.DefaultFileLockManager] Releasing lock on daemon addresses registry.
2026-01-07T00:15:00.535-0500 [DEBUG] [org.gradle.cache.internal.DefaultFileLockManager] Waiting to acquire shared lock on daemon addresses registry.
2026-01-07T00:15:00.535-0500 [DEBUG] [org.gradle.cache.internal.DefaultFileLockManager] Lock acquired on daemon addresses registry.
2026-01-07T00:15:00.536-0500 [DEBUG] [org.gradle.cache.internal.DefaultFileLockManager] Releasing lock on daemon addresses registry.
2026-01-07T00:15:04.571-0500 [DEBUG] [org.gradle.process.internal.health.memory.DefaultMemoryManager] 2769969561 virtual memory requested, 1529565184 free
2026-01-07T00:15:04.571-0500 [DEBUG] [org.gradle.workers.internal.WorkerDaemonExpiration] Will attempt to release 2641 of memory
2026-01-07T00:15:04.571-0500 [DEBUG] [org.gradle.process.internal.health.memory.DefaultMemoryManager] 2769969561 virtual memory requested, 0 released, 1529565184 free
2026-01-07T00:15:09.569-0500 [DEBUG] [org.gradle.process.internal.health.memory.DefaultMemoryManager] 2769969561 virtual memory requested, 1527263232 free
2026-01-07T00:15:09.570-0500 [DEBUG] [org.gradle.workers.internal.WorkerDaemonExpiration] Will attempt to release 2641 of memory
2026-01-07T00:15:09.570-0500 [DEBUG] [org.gradle.process.internal.health.memory.DefaultMemoryManager] 2769969561 virtual memory requested, 0 released, 1527263232 free
2026-01-07T00:15:10.528-0500 [DEBUG] [org.gradle.cache.internal.DefaultFileLockManager] Waiting to acquire shared lock on daemon addresses registry.
2026-01-07T00:15:10.529-0500 [DEBUG] [org.gradle.cache.internal.DefaultFileLockManager] Lock acquired on daemon addresses registry.
2026-01-07T00:15:10.529-0500 [DEBUG] [org.gradle.cache.internal.DefaultFileLockManager] Releasing lock on daemon addresses registry.
2026-01-07T00:15:10.530-0500 [DEBUG] [org.gradle.cache.internal.DefaultFileLockManager] Waiting to acquire shared lock on daemon addresses registry.
2026-01-07T00:15:10.530-0500 [DEBUG] [org.gradle.cache.internal.DefaultFileLockManager] Lock acquired on daemon addresses registry.
2026-01-07T00:15:10.530-0500 [DEBUG] [org.gradle.cache.internal.DefaultFileLockManager] Releasing lock on daemon addresses registry.
2026-01-07T00:15:10.531-0500 [DEBUG] [org.gradle.cache.internal.DefaultFileLockManager] Waiting to acquire shared lock on daemon addresses registry.
2026-01-07T00:15:10.531-0500 [DEBUG] [org.gradle.cache.internal.DefaultFileLockManager] Lock acquired on daemon addresses registry.
2026-01-07T00:15:10.531-0500 [DEBUG] [org.gradle.cache.internal.DefaultFileLockManager] Releasing lock on daemon addresses registry.
2026-01-07T00:15:14.571-0500 [DEBUG] [org.gradle.process.internal.health.memory.DefaultMemoryManager] 2769969561 virtual memory requested, 1521041408 free
2026-01-07T00:15:14.571-0500 [DEBUG] [org.gradle.workers.internal.WorkerDaemonExpiration] Will attempt to release 2641 of memory
2026-01-07T00:15:14.572-0500 [DEBUG] [org.gradle.process.internal.health.memory.DefaultMemoryManager] 2769969561 virtual memory requested, 0 released, 1521041408 free
2026-01-07T00:15:19.571-0500 [DEBUG] [org.gradle.process.internal.health.memory.DefaultMemoryManager] 2769969561 virtual memory requested, 1907417088 free
2026-01-07T00:15:19.571-0500 [DEBUG] [org.gradle.workers.internal.WorkerDaemonExpiration] Will attempt to release 2641 of memory
2026-01-07T00:15:19.571-0500 [DEBUG] [org.gradle.process.internal.health.memory.DefaultMemoryManager] 2769969561 virtual memory requested, 0 released, 1907417088 free
2026-01-07T00:15:20.542-0500 [DEBUG] [org.gradle.cache.internal.DefaultFileLockManager] Waiting to acquire shared lock on daemon addresses registry.
2026-01-07T00:15:20.542-0500 [DEBUG] [org.gradle.cache.internal.DefaultFileLockManager] Lock acquired on daemon addresses registry.
2026-01-07T00:15:20.542-0500 [DEBUG] [org.gradle.cache.internal.DefaultFileLockManager] Releasing lock on daemon addresses registry.
2026-01-07T00:15:20.543-0500 [DEBUG] [org.gradle.cache.internal.DefaultFileLockManager] Waiting to acquire shared lock on daemon addresses registry.
2026-01-07T00:15:20.543-0500 [DEBUG] [org.gradle.cache.internal.DefaultFileLockManager] Lock acquired on daemon addresses registry.
2026-01-07T00:15:20.543-0500 [DEBUG] [org.gradle.cache.internal.DefaultFileLockManager] Releasing lock on daemon addresses registry.
2026-01-07T00:15:20.543-0500 [DEBUG] [org.gradle.cache.internal.DefaultFileLockManager] Waiting to acquire shared lock on daemon addresses registry.
2026-01-07T00:15:20.543-0500 [DEBUG] [org.gradle.cache.internal.DefaultFileLockManager] Lock acquired on daemon addresses registry.
2026-01-07T00:15:20.544-0500 [DEBUG] [org.gradle.cache.internal.DefaultFileLockManager] Releasing lock on daemon addresses registry.
2026-01-07T00:15:24.567-0500 [DEBUG] [org.gradle.process.internal.health.memory.DefaultMemoryManager] 2769969561 virtual memory requested, 1905545216 free
2026-01-07T00:15:24.567-0500 [DEBUG] [org.gradle.workers.internal.WorkerDaemonExpiration] Will attempt to release 2641 of memory
2026-01-07T00:15:24.567-0500 [DEBUG] [org.gradle.process.internal.health.memory.DefaultMemoryManager] 2769969561 virtual memory requested, 0 released, 1905545216 free
2026-01-07T00:15:29.567-0500 [DEBUG] [org.gradle.process.internal.health.memory.DefaultMemoryManager] 2769969561 virtual memory requested, 1869967360 free
2026-01-07T00:15:29.567-0500 [DEBUG] [org.gradle.workers.internal.WorkerDaemonExpiration] Will attempt to release 2641 of memory
2026-01-07T00:15:29.567-0500 [DEBUG] [org.gradle.process.internal.health.memory.DefaultMemoryManager] 2769969561 virtual memory requested, 0 released, 1869967360 free
2026-01-07T00:15:30.541-0500 [DEBUG] [org.gradle.cache.internal.DefaultFileLockManager] Waiting to acquire shared lock on daemon addresses registry.
2026-01-07T00:15:30.541-0500 [DEBUG] [org.gradle.cache.internal.DefaultFileLockManager] Lock acquired on daemon addresses registry.
2026-01-07T00:15:30.541-0500 [DEBUG] [org.gradle.cache.internal.DefaultFileLockManager] Releasing lock on daemon addresses registry.
2026-01-07T00:15:30.542-0500 [DEBUG] [org.gradle.cache.internal.DefaultFileLockManager] Waiting to acquire shared lock on daemon addresses registry.
2026-01-07T00:15:30.543-0500 [DEBUG] [org.gradle.cache.internal.DefaultFileLockManager] Lock acquired on daemon addresses registry.
2026-01-07T00:15:30.543-0500 [DEBUG] [org.gradle.cache.internal.DefaultFileLockManager] Releasing lock on daemon addresses registry.
2026-01-07T00:15:30.544-0500 [DEBUG] [org.gradle.cache.internal.DefaultFileLockManager] Waiting to acquire shared lock on daemon addresses registry.
2026-01-07T00:15:30.544-0500 [DEBUG] [org.gradle.cache.internal.DefaultFileLockManager] Lock acquired on daemon addresses registry.
2026-01-07T00:15:30.544-0500 [DEBUG] [org.gradle.cache.internal.DefaultFileLockManager] Releasing lock on daemon addresses registry.
2026-01-07T00:15:34.573-0500 [DEBUG] [org.gradle.process.internal.health.memory.DefaultMemoryManager] 2769969561 virtual memory requested, 1879334912 free
2026-01-07T00:15:34.573-0500 [DEBUG] [org.gradle.workers.internal.WorkerDaemonExpiration] Will attempt to release 2641 of memory
2026-01-07T00:15:34.573-0500 [DEBUG] [org.gradle.process.internal.health.memory.DefaultMemoryManager] 2769969561 virtual memory requested, 0 released, 1879334912 free
2026-01-07T00:15:39.565-0500 [DEBUG] [org.gradle.process.internal.health.memory.DefaultMemoryManager] 2769969561 virtual memory requested, 1782513664 free
2026-01-07T00:15:39.565-0500 [DEBUG] [org.gradle.workers.internal.WorkerDaemonExpiration] Will attempt to release 2641 of memory
2026-01-07T00:15:39.565-0500 [DEBUG] [org.gradle.process.internal.health.memory.DefaultMemoryManager] 2769969561 virtual memory requested, 0 released, 1782513664 free
2026-01-07T00:15:40.538-0500 [DEBUG] [org.gradle.cache.internal.DefaultFileLockManager] Waiting to acquire shared lock on daemon addresses registry.
2026-01-07T00:15:40.538-0500 [DEBUG] [org.gradle.cache.internal.DefaultFileLockManager] Lock acquired on daemon addresses registry.
2026-01-07T00:15:40.539-0500 [DEBUG] [org.gradle.cache.internal.DefaultFileLockManager] Releasing lock on daemon addresses registry.
2026-01-07T00:15:40.540-0500 [DEBUG] [org.gradle.cache.internal.DefaultFileLockManager] Waiting to acquire shared lock on daemon addresses registry.
2026-01-07T00:15:40.540-0500 [DEBUG] [org.gradle.cache.internal.DefaultFileLockManager] Lock acquired on daemon addresses registry.
2026-01-07T00:15:40.540-0500 [DEBUG] [org.gradle.cache.internal.DefaultFileLockManager] Releasing lock on daemon addresses registry.
2026-01-07T00:15:40.541-0500 [DEBUG] [org.gradle.cache.internal.DefaultFileLockManager] Waiting to acquire shared lock on daemon addresses registry.
2026-01-07T00:15:40.541-0500 [DEBUG] [org.gradle.cache.internal.DefaultFileLockManager] Lock acquired on daemon addresses registry.
2026-01-07T00:15:40.541-0500 [DEBUG] [org.gradle.cache.internal.DefaultFileLockManager] Releasing lock on daemon addresses registry.
2026-01-07T00:15:44.577-0500 [DEBUG] [org.gradle.process.internal.health.memory.DefaultMemoryManager] 2769969561 virtual memory requested, 1782648832 free
2026-01-07T00:15:44.577-0500 [DEBUG] [org.gradle.workers.internal.WorkerDaemonExpiration] Will attempt to release 2641 of memory
2026-01-07T00:15:44.577-0500 [DEBUG] [org.gradle.process.internal.health.memory.DefaultMemoryManager] 2769969561 virtual memory requested, 0 released, 1782648832 free
2026-01-07T00:15:49.565-0500 [DEBUG] [org.gradle.process.internal.health.memory.DefaultMemoryManager] 2769969561 virtual memory requested, 1827557376 free
2026-01-07T00:15:49.565-0500 [DEBUG] [org.gradle.workers.internal.WorkerDaemonExpiration] Will attempt to release 2641 of memory
2026-01-07T00:15:49.565-0500 [DEBUG] [org.gradle.process.internal.health.memory.DefaultMemoryManager] 2769969561 virtual memory requested, 0 released, 1827557376 free
2026-01-07T00:15:50.546-0500 [DEBUG] [org.gradle.cache.internal.DefaultFileLockManager] Waiting to acquire shared lock on daemon addresses registry.
2026-01-07T00:15:50.546-0500 [DEBUG] [org.gradle.cache.internal.DefaultFileLockManager] Lock acquired on daemon addresses registry.
2026-01-07T00:15:50.546-0500 [DEBUG] [org.gradle.cache.internal.DefaultFileLockManager] Releasing lock on daemon addresses registry.
2026-01-07T00:15:50.546-0500 [DEBUG] [org.gradle.cache.internal.DefaultFileLockManager] Waiting to acquire shared lock on daemon addresses registry.
2026-01-07T00:15:50.546-0500 [DEBUG] [org.gradle.cache.internal.DefaultFileLockManager] Lock acquired on daemon addresses registry.
2026-01-07T00:15:50.547-0500 [DEBUG] [org.gradle.cache.internal.DefaultFileLockManager] Releasing lock on daemon addresses registry.
2026-01-07T00:15:50.547-0500 [DEBUG] [org.gradle.cache.internal.DefaultFileLockManager] Waiting to acquire shared lock on daemon addresses registry.
2026-01-07T00:15:50.547-0500 [DEBUG] [org.gradle.cache.internal.DefaultFileLockManager] Lock acquired on daemon addresses registry.
2026-01-07T00:15:50.547-0500 [DEBUG] [org.gradle.cache.internal.DefaultFileLockManager] Releasing lock on daemon addresses registry.
2026-01-07T00:15:54.577-0500 [DEBUG] [org.gradle.process.internal.health.memory.DefaultMemoryManager] 2769969561 virtual memory requested, 1637150720 free
2026-01-07T00:15:54.577-0500 [DEBUG] [org.gradle.workers.internal.WorkerDaemonExpiration] Will attempt to release 2641 of memory
2026-01-07T00:15:54.577-0500 [DEBUG] [org.gradle.process.internal.health.memory.DefaultMemoryManager] 2769969561 virtual memory requested, 0 released, 1637150720 free
2026-01-07T00:15:59.575-0500 [DEBUG] [org.gradle.process.internal.health.memory.DefaultMemoryManager] 2769969561 virtual memory requested, 1670119424 free
2026-01-07T00:15:59.575-0500 [DEBUG] [org.gradle.workers.internal.WorkerDaemonExpiration] Will attempt to release 2641 of memory
2026-01-07T00:15:59.575-0500 [DEBUG] [org.gradle.process.internal.health.memory.DefaultMemoryManager] 2769969561 virtual memory requested, 0 released, 1670119424 free
2026-01-07T00:16:00.541-0500 [DEBUG] [org.gradle.cache.internal.DefaultFileLockManager] Waiting to acquire shared lock on daemon addresses registry.
2026-01-07T00:16:00.541-0500 [DEBUG] [org.gradle.cache.internal.DefaultFileLockManager] Lock acquired on daemon addresses registry.
2026-01-07T00:16:00.541-0500 [DEBUG] [org.gradle.cache.internal.DefaultFileLockManager] Releasing lock on daemon addresses registry.
2026-01-07T00:16:00.542-0500 [DEBUG] [org.gradle.cache.internal.DefaultFileLockManager] Waiting to acquire shared lock on daemon addresses registry.
2026-01-07T00:16:00.542-0500 [DEBUG] [org.gradle.cache.internal.DefaultFileLockManager] Lock acquired on daemon addresses registry.
2026-01-07T00:16:00.543-0500 [DEBUG] [org.gradle.cache.internal.DefaultFileLockManager] Releasing lock on daemon addresses registry.
2026-01-07T00:16:00.543-0500 [DEBUG] [org.gradle.cache.internal.DefaultFileLockManager] Waiting to acquire shared lock on daemon addresses registry.
2026-01-07T00:16:00.543-0500 [DEBUG] [org.gradle.cache.internal.DefaultFileLockManager] Lock acquired on daemon addresses registry.
2026-01-07T00:16:00.544-0500 [DEBUG] [org.gradle.cache.internal.DefaultFileLockManager] Releasing lock on daemon addresses registry.
2026-01-07T00:16:04.566-0500 [DEBUG] [org.gradle.process.internal.health.memory.DefaultMemoryManager] 2769969561 virtual memory requested, 1810284544 free
2026-01-07T00:16:04.566-0500 [DEBUG] [org.gradle.workers.internal.WorkerDaemonExpiration] Will attempt to release 2641 of memory
2026-01-07T00:16:04.567-0500 [DEBUG] [org.gradle.process.internal.health.memory.DefaultMemoryManager] 2769969561 virtual memory requested, 0 released, 1810284544 free
2026-01-07T00:16:09.575-0500 [DEBUG] [org.gradle.process.internal.health.memory.DefaultMemoryManager] 2769969561 virtual memory requested, 1841381376 free
2026-01-07T00:16:09.575-0500 [DEBUG] [org.gradle.workers.internal.WorkerDaemonExpiration] Will attempt to release 2641 of memory
2026-01-07T00:16:09.575-0500 [DEBUG] [org.gradle.process.internal.health.memory.DefaultMemoryManager] 2769969561 virtual memory requested, 0 released, 1841381376 free
2026-01-07T00:16:10.541-0500 [DEBUG] [org.gradle.cache.internal.DefaultFileLockManager] Waiting to acquire shared lock on daemon addresses registry.
2026-01-07T00:16:10.541-0500 [DEBUG] [org.gradle.cache.internal.DefaultFileLockManager] Lock acquired on daemon addresses registry.
2026-01-07T00:16:10.542-0500 [DEBUG] [org.gradle.cache.internal.DefaultFileLockManager] Releasing lock on daemon addresses registry.
2026-01-07T00:16:10.542-0500 [DEBUG] [org.gradle.cache.internal.DefaultFileLockManager] Waiting to acquire shared lock on daemon addresses registry.
2026-01-07T00:16:10.542-0500 [DEBUG] [org.gradle.cache.internal.DefaultFileLockManager] Lock acquired on daemon addresses registry.
2026-01-07T00:16:10.543-0500 [DEBUG] [org.gradle.cache.internal.DefaultFileLockManager] Releasing lock on daemon addresses registry.
2026-01-07T00:16:10.543-0500 [DEBUG] [org.gradle.cache.internal.DefaultFileLockManager] Waiting to acquire shared lock on daemon addresses registry.
2026-01-07T00:16:10.543-0500 [DEBUG] [org.gradle.cache.internal.DefaultFileLockManager] Lock acquired on daemon addresses registry.
2026-01-07T00:16:10.543-0500 [DEBUG] [org.gradle.cache.internal.DefaultFileLockManager] Releasing lock on daemon addresses registry.
2026-01-07T00:16:14.571-0500 [DEBUG] [org.gradle.process.internal.health.memory.DefaultMemoryManager] 2769969561 virtual memory requested, 1812045824 free
2026-01-07T00:16:14.571-0500 [DEBUG] [org.gradle.workers.internal.WorkerDaemonExpiration] Will attempt to release 2641 of memory
2026-01-07T00:16:14.571-0500 [DEBUG] [org.gradle.process.internal.health.memory.DefaultMemoryManager] 2769969561 virtual memory requested, 0 released, 1812045824 free
2026-01-07T00:16:19.575-0500 [DEBUG] [org.gradle.process.internal.health.memory.DefaultMemoryManager] 2769969561 virtual memory requested, 1706807296 free
2026-01-07T00:16:19.575-0500 [DEBUG] [org.gradle.workers.internal.WorkerDaemonExpiration] Will attempt to release 2641 of memory
2026-01-07T00:16:19.575-0500 [DEBUG] [org.gradle.process.internal.health.memory.DefaultMemoryManager] 2769969561 virtual memory requested, 0 released, 1706807296 free
2026-01-07T00:16:20.544-0500 [DEBUG] [org.gradle.cache.internal.DefaultFileLockManager] Waiting to acquire shared lock on daemon addresses registry.
2026-01-07T00:16:20.544-0500 [DEBUG] [org.gradle.cache.internal.DefaultFileLockManager] Lock acquired on daemon addresses registry.
2026-01-07T00:16:20.544-0500 [DEBUG] [org.gradle.cache.internal.DefaultFileLockManager] Releasing lock on daemon addresses registry.
2026-01-07T00:16:20.544-0500 [DEBUG] [org.gradle.cache.internal.DefaultFileLockManager] Waiting to acquire shared lock on daemon addresses registry.
2026-01-07T00:16:20.545-0500 [DEBUG] [org.gradle.cache.internal.DefaultFileLockManager] Lock acquired on daemon addresses registry.
2026-01-07T00:16:20.545-0500 [DEBUG] [org.gradle.cache.internal.DefaultFileLockManager] Releasing lock on daemon addresses registry.
2026-01-07T00:16:20.545-0500 [DEBUG] [org.gradle.cache.internal.DefaultFileLockManager] Waiting to acquire shared lock on daemon addresses registry.
2026-01-07T00:16:20.546-0500 [DEBUG] [org.gradle.cache.internal.DefaultFileLockManager] Lock acquired on daemon addresses registry.
2026-01-07T00:16:20.546-0500 [DEBUG] [org.gradle.cache.internal.DefaultFileLockManager] Releasing lock on daemon addresses registry.
2026-01-07T00:16:24.576-0500 [DEBUG] [org.gradle.process.internal.health.memory.DefaultMemoryManager] 2769969561 virtual memory requested, 1711943680 free
2026-01-07T00:16:24.576-0500 [DEBUG] [org.gradle.workers.internal.WorkerDaemonExpiration] Will attempt to release 2641 of memory
2026-01-07T00:16:24.576-0500 [DEBUG] [org.gradle.process.internal.health.memory.DefaultMemoryManager] 2769969561 virtual memory requested, 0 released, 1711943680 free
2026-01-07T00:16:29.575-0500 [DEBUG] [org.gradle.process.internal.health.memory.DefaultMemoryManager] 2769969561 virtual memory requested, 1658257408 free
2026-01-07T00:16:29.575-0500 [DEBUG] [org.gradle.workers.internal.WorkerDaemonExpiration] Will attempt to release 2641 of memory
2026-01-07T00:16:29.575-0500 [DEBUG] [org.gradle.process.internal.health.memory.DefaultMemoryManager] 2769969561 virtual memory requested, 0 released, 1658257408 free
2026-01-07T00:16:30.544-0500 [DEBUG] [org.gradle.cache.internal.DefaultFileLockManager] Waiting to acquire shared lock on daemon addresses registry.
2026-01-07T00:16:30.544-0500 [DEBUG] [org.gradle.cache.internal.DefaultFileLockManager] Lock acquired on daemon addresses registry.
2026-01-07T00:16:30.544-0500 [DEBUG] [org.gradle.cache.internal.DefaultFileLockManager] Releasing lock on daemon addresses registry.
2026-01-07T00:16:30.545-0500 [DEBUG] [org.gradle.cache.internal.DefaultFileLockManager] Waiting to acquire shared lock on daemon addresses registry.
2026-01-07T00:16:30.545-0500 [DEBUG] [org.gradle.cache.internal.DefaultFileLockManager] Lock acquired on daemon addresses registry.
2026-01-07T00:16:30.546-0500 [DEBUG] [org.gradle.cache.internal.DefaultFileLockManager] Releasing lock on daemon addresses registry.
2026-01-07T00:16:30.546-0500 [DEBUG] [org.gradle.cache.internal.DefaultFileLockManager] Waiting to acquire shared lock on daemon addresses registry.
2026-01-07T00:16:30.546-0500 [DEBUG] [org.gradle.cache.internal.DefaultFileLockManager] Lock acquired on daemon addresses registry.
2026-01-07T00:16:30.547-0500 [DEBUG] [org.gradle.cache.internal.DefaultFileLockManager] Releasing lock on daemon addresses registry.
2026-01-07T00:16:34.578-0500 [DEBUG] [org.gradle.process.internal.health.memory.DefaultMemoryManager] 2769969561 virtual memory requested, 1649467392 free
2026-01-07T00:16:34.578-0500 [DEBUG] [org.gradle.workers.internal.WorkerDaemonExpiration] Will attempt to release 2641 of memory
2026-01-07T00:16:34.578-0500 [DEBUG] [org.gradle.process.internal.health.memory.DefaultMemoryManager] 2769969561 virtual memory requested, 0 released, 1649467392 free
2026-01-07T00:16:39.570-0500 [DEBUG] [org.gradle.process.internal.health.memory.DefaultMemoryManager] 2769969561 virtual memory requested, 1654996992 free
2026-01-07T00:16:39.570-0500 [DEBUG] [org.gradle.workers.internal.WorkerDaemonExpiration] Will attempt to release 2641 of memory
2026-01-07T00:16:39.571-0500 [DEBUG] [org.gradle.process.internal.health.memory.DefaultMemoryManager] 2769969561 virtual memory requested, 0 released, 1654996992 free
2026-01-07T00:16:40.541-0500 [DEBUG] [org.gradle.cache.internal.DefaultFileLockManager] Waiting to acquire shared lock on daemon addresses registry.
2026-01-07T00:16:40.541-0500 [DEBUG] [org.gradle.cache.internal.DefaultFileLockManager] Lock acquired on daemon addresses registry.
2026-01-07T00:16:40.541-0500 [DEBUG] [org.gradle.cache.internal.DefaultFileLockManager] Releasing lock on daemon addresses registry.
2026-01-07T00:16:40.542-0500 [DEBUG] [org.gradle.cache.internal.DefaultFileLockManager] Waiting to acquire shared lock on daemon addresses registry.
2026-01-07T00:16:40.542-0500 [DEBUG] [org.gradle.cache.internal.DefaultFileLockManager] Lock acquired on daemon addresses registry.
2026-01-07T00:16:40.542-0500 [DEBUG] [org.gradle.cache.internal.DefaultFileLockManager] Releasing lock on daemon addresses registry.
2026-01-07T00:16:40.543-0500 [DEBUG] [org.gradle.cache.internal.DefaultFileLockManager] Waiting to acquire shared lock on daemon addresses registry.
2026-01-07T00:16:40.543-0500 [DEBUG] [org.gradle.cache.internal.DefaultFileLockManager] Lock acquired on daemon addresses registry.
2026-01-07T00:16:40.544-0500 [DEBUG] [org.gradle.cache.internal.DefaultFileLockManager] Releasing lock on daemon addresses registry.
2026-01-07T00:16:44.581-0500 [DEBUG] [org.gradle.process.internal.health.memory.DefaultMemoryManager] 2769969561 virtual memory requested, 1636237312 free
2026-01-07T00:16:44.581-0500 [DEBUG] [org.gradle.workers.internal.WorkerDaemonExpiration] Will attempt to release 2641 of memory
2026-01-07T00:16:44.581-0500 [DEBUG] [org.gradle.process.internal.health.memory.DefaultMemoryManager] 2769969561 virtual memory requested, 0 released, 1636237312 free
2026-01-07T00:16:49.573-0500 [DEBUG] [org.gradle.process.internal.health.memory.DefaultMemoryManager] 2769969561 virtual memory requested, 1634598912 free
2026-01-07T00:16:49.573-0500 [DEBUG] [org.gradle.workers.internal.WorkerDaemonExpiration] Will attempt to release 2641 of memory
2026-01-07T00:16:49.573-0500 [DEBUG] [org.gradle.process.internal.health.memory.DefaultMemoryManager] 2769969561 virtual memory requested, 0 released, 1634598912 free
2026-01-07T00:16:50.539-0500 [DEBUG] [org.gradle.cache.internal.DefaultFileLockManager] Waiting to acquire shared lock on daemon addresses registry.
2026-01-07T00:16:50.539-0500 [DEBUG] [org.gradle.cache.internal.DefaultFileLockManager] Lock acquired on daemon addresses registry.
2026-01-07T00:16:50.539-0500 [DEBUG] [org.gradle.cache.internal.DefaultFileLockManager] Releasing lock on daemon addresses registry.
2026-01-07T00:16:50.541-0500 [DEBUG] [org.gradle.cache.internal.DefaultFileLockManager] Waiting to acquire shared lock on daemon addresses registry.
2026-01-07T00:16:50.541-0500 [DEBUG] [org.gradle.cache.internal.DefaultFileLockManager] Lock acquired on daemon addresses registry.
2026-01-07T00:16:50.541-0500 [DEBUG] [org.gradle.cache.internal.DefaultFileLockManager] Releasing lock on daemon addresses registry.
2026-01-07T00:16:50.542-0500 [DEBUG] [org.gradle.cache.internal.DefaultFileLockManager] Waiting to acquire shared lock on daemon addresses registry.
2026-01-07T00:16:50.542-0500 [DEBUG] [org.gradle.cache.internal.DefaultFileLockManager] Lock acquired on daemon addresses registry.
2026-01-07T00:16:50.542-0500 [DEBUG] [org.gradle.cache.internal.DefaultFileLockManager] Releasing lock on daemon addresses registry.
2026-01-07T00:16:54.567-0500 [DEBUG] [org.gradle.process.internal.health.memory.DefaultMemoryManager] 2769969561 virtual memory requested, 1643323392 free
2026-01-07T00:16:54.567-0500 [DEBUG] [org.gradle.workers.internal.WorkerDaemonExpiration] Will attempt to release 2641 of memory
2026-01-07T00:16:54.567-0500 [DEBUG] [org.gradle.process.internal.health.memory.DefaultMemoryManager] 2769969561 virtual memory requested, 0 released, 1643323392 free
2026-01-07T00:16:59.581-0500 [DEBUG] [org.gradle.process.internal.health.memory.DefaultMemoryManager] 2769969561 virtual memory requested, 1570357248 free
2026-01-07T00:16:59.581-0500 [DEBUG] [org.gradle.workers.internal.WorkerDaemonExpiration] Will attempt to release 2641 of memory
2026-01-07T00:16:59.581-0500 [DEBUG] [org.gradle.process.internal.health.memory.DefaultMemoryManager] 2769969561 virtual memory requested, 0 released, 1570357248 free
2026-01-07T00:17:00.538-0500 [DEBUG] [org.gradle.cache.internal.DefaultFileLockManager] Waiting to acquire shared lock on daemon addresses registry.
2026-01-07T00:17:00.538-0500 [DEBUG] [org.gradle.cache.internal.DefaultFileLockManager] Lock acquired on daemon addresses registry.
2026-01-07T00:17:00.539-0500 [DEBUG] [org.gradle.cache.internal.DefaultFileLockManager] Releasing lock on daemon addresses registry.
2026-01-07T00:17:00.540-0500 [DEBUG] [org.gradle.cache.internal.DefaultFileLockManager] Waiting to acquire shared lock on daemon addresses registry.
2026-01-07T00:17:00.540-0500 [DEBUG] [org.gradle.cache.internal.DefaultFileLockManager] Lock acquired on daemon addresses registry.
2026-01-07T00:17:00.540-0500 [DEBUG] [org.gradle.cache.internal.DefaultFileLockManager] Releasing lock on daemon addresses registry.
2026-01-07T00:17:00.541-0500 [DEBUG] [org.gradle.cache.internal.DefaultFileLockManager] Waiting to acquire shared lock on daemon addresses registry.
2026-01-07T00:17:00.541-0500 [DEBUG] [org.gradle.cache.internal.DefaultFileLockManager] Lock acquired on daemon addresses registry.
2026-01-07T00:17:00.541-0500 [DEBUG] [org.gradle.cache.internal.DefaultFileLockManager] Releasing lock on daemon addresses registry.
2026-01-07T00:17:04.572-0500 [DEBUG] [org.gradle.process.internal.health.memory.DefaultMemoryManager] 2769969561 virtual memory requested, 1583542272 free
2026-01-07T00:17:04.572-0500 [DEBUG] [org.gradle.workers.internal.WorkerDaemonExpiration] Will attempt to release 2641 of memory
2026-01-07T00:17:04.572-0500 [DEBUG] [org.gradle.process.internal.health.memory.DefaultMemoryManager] 2769969561 virtual memory requested, 0 released, 1583542272 free
2026-01-07T00:17:09.577-0500 [DEBUG] [org.gradle.process.internal.health.memory.DefaultMemoryManager] 2769969561 virtual memory requested, 1685766144 free
2026-01-07T00:17:09.577-0500 [DEBUG] [org.gradle.workers.internal.WorkerDaemonExpiration] Will attempt to release 2641 of memory
2026-01-07T00:17:09.577-0500 [DEBUG] [org.gradle.process.internal.health.memory.DefaultMemoryManager] 2769969561 virtual memory requested, 0 released, 1685766144 free
2026-01-07T00:17:10.537-0500 [DEBUG] [org.gradle.cache.internal.DefaultFileLockManager] Waiting to acquire shared lock on daemon addresses registry.
2026-01-07T00:17:10.537-0500 [DEBUG] [org.gradle.cache.internal.DefaultFileLockManager] Lock acquired on daemon addresses registry.
2026-01-07T00:17:10.538-0500 [DEBUG] [org.gradle.cache.internal.DefaultFileLockManager] Releasing lock on daemon addresses registry.
2026-01-07T00:17:10.538-0500 [DEBUG] [org.gradle.cache.internal.DefaultFileLockManager] Waiting to acquire shared lock on daemon addresses registry.
2026-01-07T00:17:10.538-0500 [DEBUG] [org.gradle.cache.internal.DefaultFileLockManager] Lock acquired on daemon addresses registry.
2026-01-07T00:17:10.538-0500 [DEBUG] [org.gradle.cache.internal.DefaultFileLockManager] Releasing lock on daemon addresses registry.
2026-01-07T00:17:10.539-0500 [DEBUG] [org.gradle.cache.internal.DefaultFileLockManager] Waiting to acquire shared lock on daemon addresses registry.
2026-01-07T00:17:10.539-0500 [DEBUG] [org.gradle.cache.internal.DefaultFileLockManager] Lock acquired on daemon addresses registry.
2026-01-07T00:17:10.539-0500 [DEBUG] [org.gradle.cache.internal.DefaultFileLockManager] Releasing lock on daemon addresses registry.
2026-01-07T00:17:14.574-0500 [DEBUG] [org.gradle.process.internal.health.memory.DefaultMemoryManager] 2769969561 virtual memory requested, 1688854528 free
2026-01-07T00:17:14.574-0500 [DEBUG] [org.gradle.workers.internal.WorkerDaemonExpiration] Will attempt to release 2641 of memory
2026-01-07T00:17:14.574-0500 [DEBUG] [org.gradle.process.internal.health.memory.DefaultMemoryManager] 2769969561 virtual memory requested, 0 released, 1688854528 free
2026-01-07T00:17:19.567-0500 [DEBUG] [org.gradle.process.internal.health.memory.DefaultMemoryManager] 2769969561 virtual memory requested, 1691770880 free
2026-01-07T00:17:19.567-0500 [DEBUG] [org.gradle.workers.internal.WorkerDaemonExpiration] Will attempt to release 2641 of memory
2026-01-07T00:17:19.567-0500 [DEBUG] [org.gradle.process.internal.health.memory.DefaultMemoryManager] 2769969561 virtual memory requested, 0 released, 1691770880 free
2026-01-07T00:17:20.534-0500 [DEBUG] [org.gradle.cache.internal.DefaultFileLockManager] Waiting to acquire shared lock on daemon addresses registry.
2026-01-07T00:17:20.534-0500 [DEBUG] [org.gradle.cache.internal.DefaultFileLockManager] Lock acquired on daemon addresses registry.
2026-01-07T00:17:20.534-0500 [DEBUG] [org.gradle.cache.internal.DefaultFileLockManager] Releasing lock on daemon addresses registry.
2026-01-07T00:17:20.535-0500 [DEBUG] [org.gradle.cache.internal.DefaultFileLockManager] Waiting to acquire shared lock on daemon addresses registry.
2026-01-07T00:17:20.535-0500 [DEBUG] [org.gradle.cache.internal.DefaultFileLockManager] Lock acquired on daemon addresses registry.
2026-01-07T00:17:20.535-0500 [DEBUG] [org.gradle.cache.internal.DefaultFileLockManager] Releasing lock on daemon addresses registry.
2026-01-07T00:17:20.536-0500 [DEBUG] [org.gradle.cache.internal.DefaultFileLockManager] Waiting to acquire shared lock on daemon addresses registry.
2026-01-07T00:17:20.536-0500 [DEBUG] [org.gradle.cache.internal.DefaultFileLockManager] Lock acquired on daemon addresses registry.
2026-01-07T00:17:20.536-0500 [DEBUG] [org.gradle.cache.internal.DefaultFileLockManager] Releasing lock on daemon addresses registry.
2026-01-07T00:17:24.577-0500 [DEBUG] [org.gradle.process.internal.health.memory.DefaultMemoryManager] 2769969561 virtual memory requested, 1650733056 free
2026-01-07T00:17:24.577-0500 [DEBUG] [org.gradle.workers.internal.WorkerDaemonExpiration] Will attempt to release 2641 of memory
2026-01-07T00:17:24.578-0500 [DEBUG] [org.gradle.process.internal.health.memory.DefaultMemoryManager] 2769969561 virtual memory requested, 0 released, 1650733056 free
2026-01-07T00:17:29.569-0500 [DEBUG] [org.gradle.process.internal.health.memory.DefaultMemoryManager] 2769969561 virtual memory requested, 1821327360 free
2026-01-07T00:17:29.570-0500 [DEBUG] [org.gradle.workers.internal.WorkerDaemonExpiration] Will attempt to release 2641 of memory
2026-01-07T00:17:29.570-0500 [DEBUG] [org.gradle.process.internal.health.memory.DefaultMemoryManager] 2769969561 virtual memory requested, 0 released, 1821327360 free
2026-01-07T00:17:30.539-0500 [DEBUG] [org.gradle.cache.internal.DefaultFileLockManager] Waiting to acquire shared lock on daemon addresses registry.
2026-01-07T00:17:30.540-0500 [DEBUG] [org.gradle.cache.internal.DefaultFileLockManager] Lock acquired on daemon addresses registry.
2026-01-07T00:17:30.540-0500 [DEBUG] [org.gradle.cache.internal.DefaultFileLockManager] Releasing lock on daemon addresses registry.
2026-01-07T00:17:30.541-0500 [DEBUG] [org.gradle.cache.internal.DefaultFileLockManager] Waiting to acquire shared lock on daemon addresses registry.
2026-01-07T00:17:30.541-0500 [DEBUG] [org.gradle.cache.internal.DefaultFileLockManager] Lock acquired on daemon addresses registry.
2026-01-07T00:17:30.541-0500 [DEBUG] [org.gradle.cache.internal.DefaultFileLockManager] Releasing lock on daemon addresses registry.
2026-01-07T00:17:30.542-0500 [DEBUG] [org.gradle.cache.internal.DefaultFileLockManager] Waiting to acquire shared lock on daemon addresses registry.
2026-01-07T00:17:30.542-0500 [DEBUG] [org.gradle.cache.internal.DefaultFileLockManager] Lock acquired on daemon addresses registry.
2026-01-07T00:17:30.542-0500 [DEBUG] [org.gradle.cache.internal.DefaultFileLockManager] Releasing lock on daemon addresses registry.
2026-01-07T00:17:34.580-0500 [DEBUG] [org.gradle.process.internal.health.memory.DefaultMemoryManager] 2769969561 virtual memory requested, 1844391936 free
2026-01-07T00:17:34.581-0500 [DEBUG] [org.gradle.workers.internal.WorkerDaemonExpiration] Will attempt to release 2641 of memory
2026-01-07T00:17:34.581-0500 [DEBUG] [org.gradle.process.internal.health.memory.DefaultMemoryManager] 2769969561 virtual memory requested, 0 released, 1844391936 free
2026-01-07T00:17:39.584-0500 [DEBUG] [org.gradle.process.internal.health.memory.DefaultMemoryManager] 2769969561 virtual memory requested, 1805180928 free
2026-01-07T00:17:39.584-0500 [DEBUG] [org.gradle.workers.internal.WorkerDaemonExpiration] Will attempt to release 2641 of memory
2026-01-07T00:17:39.584-0500 [DEBUG] [org.gradle.process.internal.health.memory.DefaultMemoryManager] 2769969561 virtual memory requested, 0 released, 1805180928 free
2026-01-07T00:17:40.543-0500 [DEBUG] [org.gradle.cache.internal.DefaultFileLockManager] Waiting to acquire shared lock on daemon addresses registry.
2026-01-07T00:17:40.545-0500 [DEBUG] [org.gradle.cache.internal.DefaultFileLockManager] Lock acquired on daemon addresses registry.
2026-01-07T00:17:40.545-0500 [DEBUG] [org.gradle.cache.internal.DefaultFileLockManager] Releasing lock on daemon addresses registry.
2026-01-07T00:17:40.546-0500 [DEBUG] [org.gradle.cache.internal.DefaultFileLockManager] Waiting to acquire shared lock on daemon addresses registry.
2026-01-07T00:17:40.547-0500 [DEBUG] [org.gradle.cache.internal.DefaultFileLockManager] Lock acquired on daemon addresses registry.
2026-01-07T00:17:40.547-0500 [DEBUG] [org.gradle.cache.internal.DefaultFileLockManager] Releasing lock on daemon addresses registry.
2026-01-07T00:17:40.548-0500 [DEBUG] [org.gradle.cache.internal.DefaultFileLockManager] Waiting to acquire shared lock on daemon addresses registry.
2026-01-07T00:17:40.548-0500 [DEBUG] [org.gradle.cache.internal.DefaultFileLockManager] Lock acquired on daemon addresses registry.
2026-01-07T00:17:40.548-0500 [DEBUG] [org.gradle.cache.internal.DefaultFileLockManager] Releasing lock on daemon addresses registry.
2026-01-07T00:17:44.569-0500 [DEBUG] [org.gradle.process.internal.health.memory.DefaultMemoryManager] 2769969561 virtual memory requested, 1798914048 free
2026-01-07T00:17:44.569-0500 [DEBUG] [org.gradle.workers.internal.WorkerDaemonExpiration] Will attempt to release 2641 of memory
2026-01-07T00:17:44.569-0500 [DEBUG] [org.gradle.process.internal.health.memory.DefaultMemoryManager] 2769969561 virtual memory requested, 0 released, 1798914048 free
2026-01-07T00:17:49.573-0500 [DEBUG] [org.gradle.process.internal.health.memory.DefaultMemoryManager] 2769969561 virtual memory requested, 1813729280 free
2026-01-07T00:17:49.573-0500 [DEBUG] [org.gradle.workers.internal.WorkerDaemonExpiration] Will attempt to release 2641 of memory
2026-01-07T00:17:49.573-0500 [DEBUG] [org.gradle.process.internal.health.memory.DefaultMemoryManager] 2769969561 virtual memory requested, 0 released, 1813729280 free
2026-01-07T00:17:50.544-0500 [DEBUG] [org.gradle.cache.internal.DefaultFileLockManager] Waiting to acquire shared lock on daemon addresses registry.
2026-01-07T00:17:50.544-0500 [DEBUG] [org.gradle.cache.internal.DefaultFileLockManager] Lock acquired on daemon addresses registry.
2026-01-07T00:17:50.544-0500 [DEBUG] [org.gradle.cache.internal.DefaultFileLockManager] Releasing lock on daemon addresses registry.
2026-01-07T00:17:50.545-0500 [DEBUG] [org.gradle.cache.internal.DefaultFileLockManager] Waiting to acquire shared lock on daemon addresses registry.
2026-01-07T00:17:50.545-0500 [DEBUG] [org.gradle.cache.internal.DefaultFileLockManager] Lock acquired on daemon addresses registry.
2026-01-07T00:17:50.545-0500 [DEBUG] [org.gradle.cache.internal.DefaultFileLockManager] Releasing lock on daemon addresses registry.
2026-01-07T00:17:50.545-0500 [DEBUG] [org.gradle.cache.internal.DefaultFileLockManager] Waiting to acquire shared lock on daemon addresses registry.
2026-01-07T00:17:50.545-0500 [DEBUG] [org.gradle.cache.internal.DefaultFileLockManager] Lock acquired on daemon addresses registry.
2026-01-07T00:17:50.546-0500 [DEBUG] [org.gradle.cache.internal.DefaultFileLockManager] Releasing lock on daemon addresses registry.
2026-01-07T00:17:54.573-0500 [DEBUG] [org.gradle.process.internal.health.memory.DefaultMemoryManager] 2769969561 virtual memory requested, 1728557056 free
2026-01-07T00:17:54.573-0500 [DEBUG] [org.gradle.workers.internal.WorkerDaemonExpiration] Will attempt to release 2641 of memory
2026-01-07T00:17:54.573-0500 [DEBUG] [org.gradle.process.internal.health.memory.DefaultMemoryManager] 2769969561 virtual memory requested, 0 released, 1728557056 free
2026-01-07T00:17:59.584-0500 [DEBUG] [org.gradle.process.internal.health.memory.DefaultMemoryManager] 2769969561 virtual memory requested, 1736630272 free
2026-01-07T00:17:59.584-0500 [DEBUG] [org.gradle.workers.internal.WorkerDaemonExpiration] Will attempt to release 2641 of memory
2026-01-07T00:17:59.584-0500 [DEBUG] [org.gradle.process.internal.health.memory.DefaultMemoryManager] 2769969561 virtual memory requested, 0 released, 1736630272 free
2026-01-07T00:18:00.542-0500 [DEBUG] [org.gradle.cache.internal.DefaultFileLockManager] Waiting to acquire shared lock on daemon addresses registry.
2026-01-07T00:18:00.542-0500 [DEBUG] [org.gradle.cache.internal.DefaultFileLockManager] Lock acquired on daemon addresses registry.
2026-01-07T00:18:00.542-0500 [DEBUG] [org.gradle.cache.internal.DefaultFileLockManager] Releasing lock on daemon addresses registry.
2026-01-07T00:18:00.543-0500 [DEBUG] [org.gradle.cache.internal.DefaultFileLockManager] Waiting to acquire shared lock on daemon addresses registry.
2026-01-07T00:18:00.543-0500 [DEBUG] [org.gradle.cache.internal.DefaultFileLockManager] Lock acquired on daemon addresses registry.
2026-01-07T00:18:00.543-0500 [DEBUG] [org.gradle.cache.internal.DefaultFileLockManager] Releasing lock on daemon addresses registry.
2026-01-07T00:18:00.543-0500 [DEBUG] [org.gradle.cache.internal.DefaultFileLockManager] Waiting to acquire shared lock on daemon addresses registry.
2026-01-07T00:18:00.543-0500 [DEBUG] [org.gradle.cache.internal.DefaultFileLockManager] Lock acquired on daemon addresses registry.
2026-01-07T00:18:00.543-0500 [DEBUG] [org.gradle.cache.internal.DefaultFileLockManager] Releasing lock on daemon addresses registry.
2026-01-07T00:18:04.581-0500 [DEBUG] [org.gradle.process.internal.health.memory.DefaultMemoryManager] 2769969561 virtual memory requested, 1733603328 free
2026-01-07T00:18:04.581-0500 [DEBUG] [org.gradle.workers.internal.WorkerDaemonExpiration] Will attempt to release 2641 of memory
2026-01-07T00:18:04.581-0500 [DEBUG] [org.gradle.process.internal.health.memory.DefaultMemoryManager] 2769969561 virtual memory requested, 0 released, 1733603328 free
2026-01-07T00:18:09.581-0500 [DEBUG] [org.gradle.process.internal.health.memory.DefaultMemoryManager] 2769969561 virtual memory requested, 1742987264 free
2026-01-07T00:18:09.581-0500 [DEBUG] [org.gradle.workers.internal.WorkerDaemonExpiration] Will attempt to release 2641 of memory
2026-01-07T00:18:09.581-0500 [DEBUG] [org.gradle.process.internal.health.memory.DefaultMemoryManager] 2769969561 virtual memory requested, 0 released, 1742987264 free
2026-01-07T00:18:10.538-0500 [DEBUG] [org.gradle.cache.internal.DefaultFileLockManager] Waiting to acquire shared lock on daemon addresses registry.
2026-01-07T00:18:10.540-0500 [DEBUG] [org.gradle.cache.internal.DefaultFileLockManager] Lock acquired on daemon addresses registry.
2026-01-07T00:18:10.540-0500 [DEBUG] [org.gradle.cache.internal.DefaultFileLockManager] Releasing lock on daemon addresses registry.
2026-01-07T00:18:10.541-0500 [DEBUG] [org.gradle.cache.internal.DefaultFileLockManager] Waiting to acquire shared lock on daemon addresses registry.
2026-01-07T00:18:10.541-0500 [DEBUG] [org.gradle.cache.internal.DefaultFileLockManager] Lock acquired on daemon addresses registry.
2026-01-07T00:18:10.541-0500 [DEBUG] [org.gradle.cache.internal.DefaultFileLockManager] Releasing lock on daemon addresses registry.
2026-01-07T00:18:10.541-0500 [DEBUG] [org.gradle.cache.internal.DefaultFileLockManager] Waiting to acquire shared lock on daemon addresses registry.
2026-01-07T00:18:10.541-0500 [DEBUG] [org.gradle.cache.internal.DefaultFileLockManager] Lock acquired on daemon addresses registry.
2026-01-07T00:18:10.542-0500 [DEBUG] [org.gradle.cache.internal.DefaultFileLockManager] Releasing lock on daemon addresses registry.
2026-01-07T00:18:14.579-0500 [DEBUG] [org.gradle.process.internal.health.memory.DefaultMemoryManager] 2769969561 virtual memory requested, 1739067392 free
2026-01-07T00:18:14.579-0500 [DEBUG] [org.gradle.workers.internal.WorkerDaemonExpiration] Will attempt to release 2641 of memory
2026-01-07T00:18:14.579-0500 [DEBUG] [org.gradle.process.internal.health.memory.DefaultMemoryManager] 2769969561 virtual memory requested, 0 released, 1739067392 free
2026-01-07T00:18:19.585-0500 [DEBUG] [org.gradle.process.internal.health.memory.DefaultMemoryManager] 2769969561 virtual memory requested, 1742057472 free
2026-01-07T00:18:19.585-0500 [DEBUG] [org.gradle.workers.internal.WorkerDaemonExpiration] Will attempt to release 2641 of memory
2026-01-07T00:18:19.585-0500 [DEBUG] [org.gradle.process.internal.health.memory.DefaultMemoryManager] 2769969561 virtual memory requested, 0 released, 1742057472 free
2026-01-07T00:18:20.537-0500 [DEBUG] [org.gradle.cache.internal.DefaultFileLockManager] Waiting to acquire shared lock on daemon addresses registry.
2026-01-07T00:18:20.538-0500 [DEBUG] [org.gradle.cache.internal.DefaultFileLockManager] Lock acquired on daemon addresses registry.
2026-01-07T00:18:20.538-0500 [DEBUG] [org.gradle.cache.internal.DefaultFileLockManager] Releasing lock on daemon addresses registry.
2026-01-07T00:18:20.538-0500 [DEBUG] [org.gradle.cache.internal.DefaultFileLockManager] Waiting to acquire shared lock on daemon addresses registry.
2026-01-07T00:18:20.538-0500 [DEBUG] [org.gradle.cache.internal.DefaultFileLockManager] Lock acquired on daemon addresses registry.
2026-01-07T00:18:20.538-0500 [DEBUG] [org.gradle.cache.internal.DefaultFileLockManager] Releasing lock on daemon addresses registry.
2026-01-07T00:18:20.539-0500 [DEBUG] [org.gradle.cache.internal.DefaultFileLockManager] Waiting to acquire shared lock on daemon addresses registry.
2026-01-07T00:18:20.539-0500 [DEBUG] [org.gradle.cache.internal.DefaultFileLockManager] Lock acquired on daemon addresses registry.
2026-01-07T00:18:20.539-0500 [DEBUG] [org.gradle.cache.internal.DefaultFileLockManager] Releasing lock on daemon addresses registry.
2026-01-07T00:18:24.581-0500 [DEBUG] [org.gradle.process.internal.health.memory.DefaultMemoryManager] 2769969561 virtual memory requested, 1757470720 free
2026-01-07T00:18:24.581-0500 [DEBUG] [org.gradle.workers.internal.WorkerDaemonExpiration] Will attempt to release 2641 of memory
2026-01-07T00:18:24.581-0500 [DEBUG] [org.gradle.process.internal.health.memory.DefaultMemoryManager] 2769969561 virtual memory requested, 0 released, 1757470720 free
2026-01-07T00:18:29.580-0500 [DEBUG] [org.gradle.process.internal.health.memory.DefaultMemoryManager] 2769969561 virtual memory requested, 1765105664 free
2026-01-07T00:18:29.581-0500 [DEBUG] [org.gradle.workers.internal.WorkerDaemonExpiration] Will attempt to release 2641 of memory
2026-01-07T00:18:29.581-0500 [DEBUG] [org.gradle.process.internal.health.memory.DefaultMemoryManager] 2769969561 virtual memory requested, 0 released, 1765105664 free
2026-01-07T00:18:30.544-0500 [DEBUG] [org.gradle.cache.internal.DefaultFileLockManager] Waiting to acquire shared lock on daemon addresses registry.
2026-01-07T00:18:30.544-0500 [DEBUG] [org.gradle.cache.internal.DefaultFileLockManager] Lock acquired on daemon addresses registry.
2026-01-07T00:18:30.545-0500 [DEBUG] [org.gradle.cache.internal.DefaultFileLockManager] Releasing lock on daemon addresses registry.
2026-01-07T00:18:30.545-0500 [DEBUG] [org.gradle.cache.internal.DefaultFileLockManager] Waiting to acquire shared lock on daemon addresses registry.
2026-01-07T00:18:30.546-0500 [DEBUG] [org.gradle.cache.internal.DefaultFileLockManager] Lock acquired on daemon addresses registry.
2026-01-07T00:18:30.546-0500 [DEBUG] [org.gradle.cache.internal.DefaultFileLockManager] Releasing lock on daemon addresses registry.
2026-01-07T00:18:30.547-0500 [DEBUG] [org.gradle.cache.internal.DefaultFileLockManager] Waiting to acquire shared lock on daemon addresses registry.
2026-01-07T00:18:30.547-0500 [DEBUG] [org.gradle.cache.internal.DefaultFileLockManager] Lock acquired on daemon addresses registry.
2026-01-07T00:18:30.547-0500 [DEBUG] [org.gradle.cache.internal.DefaultFileLockManager] Releasing lock on daemon addresses registry.
2026-01-07T00:18:34.573-0500 [DEBUG] [org.gradle.process.internal.health.memory.DefaultMemoryManager] 2769969561 virtual memory requested, 1773187072 free
2026-01-07T00:18:34.573-0500 [DEBUG] [org.gradle.workers.internal.WorkerDaemonExpiration] Will attempt to release 2641 of memory
2026-01-07T00:18:34.573-0500 [DEBUG] [org.gradle.process.internal.health.memory.DefaultMemoryManager] 2769969561 virtual memory requested, 0 released, 1773187072 free
2026-01-07T00:18:39.585-0500 [DEBUG] [org.gradle.process.internal.health.memory.DefaultMemoryManager] 2769969561 virtual memory requested, 1788399616 free
2026-01-07T00:18:39.585-0500 [DEBUG] [org.gradle.workers.internal.WorkerDaemonExpiration] Will attempt to release 2641 of memory
2026-01-07T00:18:39.585-0500 [DEBUG] [org.gradle.process.internal.health.memory.DefaultMemoryManager] 2769969561 virtual memory requested, 0 released, 1788399616 free
2026-01-07T00:18:40.538-0500 [DEBUG] [org.gradle.cache.internal.DefaultFileLockManager] Waiting to acquire shared lock on daemon addresses registry.
2026-01-07T00:18:40.538-0500 [DEBUG] [org.gradle.cache.internal.DefaultFileLockManager] Lock acquired on daemon addresses registry.
2026-01-07T00:18:40.538-0500 [DEBUG] [org.gradle.cache.internal.DefaultFileLockManager] Releasing lock on daemon addresses registry.
2026-01-07T00:18:40.539-0500 [DEBUG] [org.gradle.cache.internal.DefaultFileLockManager] Waiting to acquire shared lock on daemon addresses registry.
2026-01-07T00:18:40.539-0500 [DEBUG] [org.gradle.cache.internal.DefaultFileLockManager] Lock acquired on daemon addresses registry.
2026-01-07T00:18:40.539-0500 [DEBUG] [org.gradle.cache.internal.DefaultFileLockManager] Releasing lock on daemon addresses registry.
2026-01-07T00:18:40.540-0500 [DEBUG] [org.gradle.cache.internal.DefaultFileLockManager] Waiting to acquire shared lock on daemon addresses registry.
2026-01-07T00:18:40.540-0500 [DEBUG] [org.gradle.cache.internal.DefaultFileLockManager] Lock acquired on daemon addresses registry.
2026-01-07T00:18:40.540-0500 [DEBUG] [org.gradle.cache.internal.DefaultFileLockManager] Releasing lock on daemon addresses registry.
2026-01-07T00:18:44.579-0500 [DEBUG] [org.gradle.process.internal.health.memory.DefaultMemoryManager] 2769969561 virtual memory requested, 1713954816 free
2026-01-07T00:18:44.579-0500 [DEBUG] [org.gradle.workers.internal.WorkerDaemonExpiration] Will attempt to release 2641 of memory
2026-01-07T00:18:44.579-0500 [DEBUG] [org.gradle.process.internal.health.memory.DefaultMemoryManager] 2769969561 virtual memory requested, 0 released, 1713954816 free
2026-01-07T00:18:49.575-0500 [DEBUG] [org.gradle.process.internal.health.memory.DefaultMemoryManager] 2769969561 virtual memory requested, 1819308032 free
2026-01-07T00:18:49.575-0500 [DEBUG] [org.gradle.workers.internal.WorkerDaemonExpiration] Will attempt to release 2641 of memory
2026-01-07T00:18:49.575-0500 [DEBUG] [org.gradle.process.internal.health.memory.DefaultMemoryManager] 2769969561 virtual memory requested, 0 released, 1819308032 free
2026-01-07T00:18:50.540-0500 [DEBUG] [org.gradle.cache.internal.DefaultFileLockManager] Waiting to acquire shared lock on daemon addresses registry.
2026-01-07T00:18:50.540-0500 [DEBUG] [org.gradle.cache.internal.DefaultFileLockManager] Lock acquired on daemon addresses registry.
2026-01-07T00:18:50.540-0500 [DEBUG] [org.gradle.cache.internal.DefaultFileLockManager] Releasing lock on daemon addresses registry.
2026-01-07T00:18:50.541-0500 [DEBUG] [org.gradle.cache.internal.DefaultFileLockManager] Waiting to acquire shared lock on daemon addresses registry.
2026-01-07T00:18:50.541-0500 [DEBUG] [org.gradle.cache.internal.DefaultFileLockManager] Lock acquired on daemon addresses registry.
2026-01-07T00:18:50.542-0500 [DEBUG] [org.gradle.cache.internal.DefaultFileLockManager] Releasing lock on daemon addresses registry.
2026-01-07T00:18:50.542-0500 [DEBUG] [org.gradle.cache.internal.DefaultFileLockManager] Waiting to acquire shared lock on daemon addresses registry.
2026-01-07T00:18:50.542-0500 [DEBUG] [org.gradle.cache.internal.DefaultFileLockManager] Lock acquired on daemon addresses registry.
2026-01-07T00:18:50.543-0500 [DEBUG] [org.gradle.cache.internal.DefaultFileLockManager] Releasing lock on daemon addresses registry.
2026-01-07T00:18:54.582-0500 [DEBUG] [org.gradle.process.internal.health.memory.DefaultMemoryManager] 2769969561 virtual memory requested, 1845006336 free
2026-01-07T00:18:54.582-0500 [DEBUG] [org.gradle.workers.internal.WorkerDaemonExpiration] Will attempt to release 2641 of memory
2026-01-07T00:18:54.582-0500 [DEBUG] [org.gradle.process.internal.health.memory.DefaultMemoryManager] 2769969561 virtual memory requested, 0 released, 1845006336 free
2026-01-07T00:18:59.573-0500 [DEBUG] [org.gradle.process.internal.health.memory.DefaultMemoryManager] 2769969561 virtual memory requested, 1854210048 free
2026-01-07T00:18:59.573-0500 [DEBUG] [org.gradle.workers.internal.WorkerDaemonExpiration] Will attempt to release 2641 of memory
2026-01-07T00:18:59.573-0500 [DEBUG] [org.gradle.process.internal.health.memory.DefaultMemoryManager] 2769969561 virtual memory requested, 0 released, 1854210048 free
2026-01-07T00:19:00.547-0500 [DEBUG] [org.gradle.cache.internal.DefaultFileLockManager] Waiting to acquire shared lock on daemon addresses registry.
2026-01-07T00:19:00.547-0500 [DEBUG] [org.gradle.cache.internal.DefaultFileLockManager] Lock acquired on daemon addresses registry.
2026-01-07T00:19:00.547-0500 [DEBUG] [org.gradle.cache.internal.DefaultFileLockManager] Releasing lock on daemon addresses registry.
2026-01-07T00:19:00.548-0500 [DEBUG] [org.gradle.cache.internal.DefaultFileLockManager] Waiting to acquire shared lock on daemon addresses registry.
2026-01-07T00:19:00.548-0500 [DEBUG] [org.gradle.cache.internal.DefaultFileLockManager] Lock acquired on daemon addresses registry.
2026-01-07T00:19:00.549-0500 [DEBUG] [org.gradle.cache.internal.DefaultFileLockManager] Releasing lock on daemon addresses registry.
2026-01-07T00:19:00.549-0500 [DEBUG] [org.gradle.cache.internal.DefaultFileLockManager] Waiting to acquire shared lock on daemon addresses registry.
2026-01-07T00:19:00.549-0500 [DEBUG] [org.gradle.cache.internal.DefaultFileLockManager] Lock acquired on daemon addresses registry.
2026-01-07T00:19:00.550-0500 [DEBUG] [org.gradle.cache.internal.DefaultFileLockManager] Releasing lock on daemon addresses registry.
2026-01-07T00:19:04.581-0500 [DEBUG] [org.gradle.process.internal.health.memory.DefaultMemoryManager] 2769969561 virtual memory requested, 1843437568 free
2026-01-07T00:19:04.581-0500 [DEBUG] [org.gradle.workers.internal.WorkerDaemonExpiration] Will attempt to release 2641 of memory
2026-01-07T00:19:04.581-0500 [DEBUG] [org.gradle.process.internal.health.memory.DefaultMemoryManager] 2769969561 virtual memory requested, 0 released, 1843437568 free
2026-01-07T00:19:09.575-0500 [DEBUG] [org.gradle.process.internal.health.memory.DefaultMemoryManager] 2769969561 virtual memory requested, 1804042240 free
2026-01-07T00:19:09.575-0500 [DEBUG] [org.gradle.workers.internal.WorkerDaemonExpiration] Will attempt to release 2641 of memory
2026-01-07T00:19:09.575-0500 [DEBUG] [org.gradle.process.internal.health.memory.DefaultMemoryManager] 2769969561 virtual memory requested, 0 released, 1804042240 free
2026-01-07T00:19:10.544-0500 [DEBUG] [org.gradle.cache.internal.DefaultFileLockManager] Waiting to acquire shared lock on daemon addresses registry.
2026-01-07T00:19:10.544-0500 [DEBUG] [org.gradle.cache.internal.DefaultFileLockManager] Lock acquired on daemon addresses registry.
2026-01-07T00:19:10.545-0500 [DEBUG] [org.gradle.cache.internal.DefaultFileLockManager] Releasing lock on daemon addresses registry.
2026-01-07T00:19:10.546-0500 [DEBUG] [org.gradle.cache.internal.DefaultFileLockManager] Waiting to acquire shared lock on daemon addresses registry.
2026-01-07T00:19:10.546-0500 [DEBUG] [org.gradle.cache.internal.DefaultFileLockManager] Lock acquired on daemon addresses registry.
2026-01-07T00:19:10.546-0500 [DEBUG] [org.gradle.cache.internal.DefaultFileLockManager] Releasing lock on daemon addresses registry.
2026-01-07T00:19:10.547-0500 [DEBUG] [org.gradle.cache.internal.DefaultFileLockManager] Waiting to acquire shared lock on daemon addresses registry.
2026-01-07T00:19:10.547-0500 [DEBUG] [org.gradle.cache.internal.DefaultFileLockManager] Lock acquired on daemon addresses registry.
2026-01-07T00:19:10.547-0500 [DEBUG] [org.gradle.cache.internal.DefaultFileLockManager] Releasing lock on daemon addresses registry.
2026-01-07T00:19:14.576-0500 [DEBUG] [org.gradle.process.internal.health.memory.DefaultMemoryManager] 2769969561 virtual memory requested, 1742573568 free
2026-01-07T00:19:14.576-0500 [DEBUG] [org.gradle.workers.internal.WorkerDaemonExpiration] Will attempt to release 2641 of memory
2026-01-07T00:19:14.576-0500 [DEBUG] [org.gradle.process.internal.health.memory.DefaultMemoryManager] 2769969561 virtual memory requested, 0 released, 1742573568 free
2026-01-07T00:19:19.589-0500 [DEBUG] [org.gradle.process.internal.health.memory.DefaultMemoryManager] 2769969561 virtual memory requested, 1817677824 free
2026-01-07T00:19:19.589-0500 [DEBUG] [org.gradle.workers.internal.WorkerDaemonExpiration] Will attempt to release 2641 of memory
2026-01-07T00:19:19.589-0500 [DEBUG] [org.gradle.process.internal.health.memory.DefaultMemoryManager] 2769969561 virtual memory requested, 0 released, 1817677824 free
2026-01-07T00:19:20.552-0500 [DEBUG] [org.gradle.cache.internal.DefaultFileLockManager] Waiting to acquire shared lock on daemon addresses registry.
2026-01-07T00:19:20.553-0500 [DEBUG] [org.gradle.cache.internal.DefaultFileLockManager] Lock acquired on daemon addresses registry.
2026-01-07T00:19:20.553-0500 [DEBUG] [org.gradle.cache.internal.DefaultFileLockManager] Releasing lock on daemon addresses registry.
2026-01-07T00:19:20.554-0500 [DEBUG] [org.gradle.cache.internal.DefaultFileLockManager] Waiting to acquire shared lock on daemon addresses registry.
2026-01-07T00:19:20.554-0500 [DEBUG] [org.gradle.cache.internal.DefaultFileLockManager] Lock acquired on daemon addresses registry.
2026-01-07T00:19:20.554-0500 [DEBUG] [org.gradle.cache.internal.DefaultFileLockManager] Releasing lock on daemon addresses registry.
2026-01-07T00:19:20.554-0500 [DEBUG] [org.gradle.cache.internal.DefaultFileLockManager] Waiting to acquire shared lock on daemon addresses registry.
2026-01-07T00:19:20.554-0500 [DEBUG] [org.gradle.cache.internal.DefaultFileLockManager] Lock acquired on daemon addresses registry.
2026-01-07T00:19:20.554-0500 [DEBUG] [org.gradle.cache.internal.DefaultFileLockManager] Releasing lock on daemon addresses registry.
2026-01-07T00:19:24.581-0500 [DEBUG] [org.gradle.process.internal.health.memory.DefaultMemoryManager] 2769969561 virtual memory requested, 1831702528 free
2026-01-07T00:19:24.581-0500 [DEBUG] [org.gradle.workers.internal.WorkerDaemonExpiration] Will attempt to release 2641 of memory
2026-01-07T00:19:24.581-0500 [DEBUG] [org.gradle.process.internal.health.memory.DefaultMemoryManager] 2769969561 virtual memory requested, 0 released, 1831702528 free
2026-01-07T00:19:29.585-0500 [DEBUG] [org.gradle.process.internal.health.memory.DefaultMemoryManager] 2769969561 virtual memory requested, 1741000704 free
2026-01-07T00:19:29.586-0500 [DEBUG] [org.gradle.workers.internal.WorkerDaemonExpiration] Will attempt to release 2641 of memory
2026-01-07T00:19:29.586-0500 [DEBUG] [org.gradle.process.internal.health.memory.DefaultMemoryManager] 2769969561 virtual memory requested, 0 released, 1741000704 free
2026-01-07T00:19:30.541-0500 [DEBUG] [org.gradle.cache.internal.DefaultFileLockManager] Waiting to acquire shared lock on daemon addresses registry.
2026-01-07T00:19:30.541-0500 [DEBUG] [org.gradle.cache.internal.DefaultFileLockManager] Lock acquired on daemon addresses registry.
2026-01-07T00:19:30.541-0500 [DEBUG] [org.gradle.cache.internal.DefaultFileLockManager] Releasing lock on daemon addresses registry.
2026-01-07T00:19:30.542-0500 [DEBUG] [org.gradle.cache.internal.DefaultFileLockManager] Waiting to acquire shared lock on daemon addresses registry.
2026-01-07T00:19:30.542-0500 [DEBUG] [org.gradle.cache.internal.DefaultFileLockManager] Lock acquired on daemon addresses registry.
2026-01-07T00:19:30.542-0500 [DEBUG] [org.gradle.cache.internal.DefaultFileLockManager] Releasing lock on daemon addresses registry.
2026-01-07T00:19:30.542-0500 [DEBUG] [org.gradle.cache.internal.DefaultFileLockManager] Waiting to acquire shared lock on daemon addresses registry.
2026-01-07T00:19:30.542-0500 [DEBUG] [org.gradle.cache.internal.DefaultFileLockManager] Lock acquired on daemon addresses registry.
2026-01-07T00:19:30.542-0500 [DEBUG] [org.gradle.cache.internal.DefaultFileLockManager] Releasing lock on daemon addresses registry.
2026-01-07T00:19:34.585-0500 [DEBUG] [org.gradle.process.internal.health.memory.DefaultMemoryManager] 2769969561 virtual memory requested, 1744093184 free
2026-01-07T00:19:34.585-0500 [DEBUG] [org.gradle.workers.internal.WorkerDaemonExpiration] Will attempt to release 2641 of memory
2026-01-07T00:19:34.586-0500 [DEBUG] [org.gradle.process.internal.health.memory.DefaultMemoryManager] 2769969561 virtual memory requested, 0 released, 1744093184 free
2026-01-07T00:19:39.578-0500 [DEBUG] [org.gradle.process.internal.health.memory.DefaultMemoryManager] 2769969561 virtual memory requested, 1710587904 free
2026-01-07T00:19:39.578-0500 [DEBUG] [org.gradle.workers.internal.WorkerDaemonExpiration] Will attempt to release 2641 of memory
2026-01-07T00:19:39.578-0500 [DEBUG] [org.gradle.process.internal.health.memory.DefaultMemoryManager] 2769969561 virtual memory requested, 0 released, 1710587904 free
2026-01-07T00:19:40.557-0500 [DEBUG] [org.gradle.cache.internal.DefaultFileLockManager] Waiting to acquire shared lock on daemon addresses registry.
2026-01-07T00:19:40.557-0500 [DEBUG] [org.gradle.cache.internal.DefaultFileLockManager] Lock acquired on daemon addresses registry.
2026-01-07T00:19:40.557-0500 [DEBUG] [org.gradle.cache.internal.DefaultFileLockManager] Releasing lock on daemon addresses registry.
2026-01-07T00:19:40.559-0500 [DEBUG] [org.gradle.cache.internal.DefaultFileLockManager] Waiting to acquire shared lock on daemon addresses registry.
2026-01-07T00:19:40.559-0500 [DEBUG] [org.gradle.cache.internal.DefaultFileLockManager] Lock acquired on daemon addresses registry.
2026-01-07T00:19:40.559-0500 [DEBUG] [org.gradle.cache.internal.DefaultFileLockManager] Releasing lock on daemon addresses registry.
2026-01-07T00:19:40.560-0500 [DEBUG] [org.gradle.cache.internal.DefaultFileLockManager] Waiting to acquire shared lock on daemon addresses registry.
2026-01-07T00:19:40.560-0500 [DEBUG] [org.gradle.cache.internal.DefaultFileLockManager] Lock acquired on daemon addresses registry.
2026-01-07T00:19:40.560-0500 [DEBUG] [org.gradle.cache.internal.DefaultFileLockManager] Releasing lock on daemon addresses registry.
2026-01-07T00:19:44.580-0500 [DEBUG] [org.gradle.process.internal.health.memory.DefaultMemoryManager] 2769969561 virtual memory requested, 1677070336 free
2026-01-07T00:19:44.580-0500 [DEBUG] [org.gradle.workers.internal.WorkerDaemonExpiration] Will attempt to release 2641 of memory
2026-01-07T00:19:44.580-0500 [DEBUG] [org.gradle.process.internal.health.memory.DefaultMemoryManager] 2769969561 virtual memory requested, 0 released, 1677070336 free
2026-01-07T00:19:49.575-0500 [DEBUG] [org.gradle.process.internal.health.memory.DefaultMemoryManager] 2769969561 virtual memory requested, 1369579520 free
2026-01-07T00:19:49.575-0500 [DEBUG] [org.gradle.workers.internal.WorkerDaemonExpiration] Will attempt to release 2641 of memory
2026-01-07T00:19:49.575-0500 [DEBUG] [org.gradle.process.internal.health.memory.DefaultMemoryManager] 2769969561 virtual memory requested, 0 released, 1369579520 free
2026-01-07T00:19:50.555-0500 [DEBUG] [org.gradle.cache.internal.DefaultFileLockManager] Waiting to acquire shared lock on daemon addresses registry.
2026-01-07T00:19:50.555-0500 [DEBUG] [org.gradle.cache.internal.DefaultFileLockManager] Lock acquired on daemon addresses registry.
2026-01-07T00:19:50.555-0500 [DEBUG] [org.gradle.cache.internal.DefaultFileLockManager] Releasing lock on daemon addresses registry.
2026-01-07T00:19:50.556-0500 [DEBUG] [org.gradle.cache.internal.DefaultFileLockManager] Waiting to acquire shared lock on daemon addresses registry.
2026-01-07T00:19:50.556-0500 [DEBUG] [org.gradle.cache.internal.DefaultFileLockManager] Lock acquired on daemon addresses registry.
2026-01-07T00:19:50.556-0500 [DEBUG] [org.gradle.cache.internal.DefaultFileLockManager] Releasing lock on daemon addresses registry.
2026-01-07T00:19:50.557-0500 [DEBUG] [org.gradle.cache.internal.DefaultFileLockManager] Waiting to acquire shared lock on daemon addresses registry.
2026-01-07T00:19:50.557-0500 [DEBUG] [org.gradle.cache.internal.DefaultFileLockManager] Lock acquired on daemon addresses registry.
2026-01-07T00:19:50.557-0500 [DEBUG] [org.gradle.cache.internal.DefaultFileLockManager] Releasing lock on daemon addresses registry.
2026-01-07T00:19:54.580-0500 [DEBUG] [org.gradle.process.internal.health.memory.DefaultMemoryManager] 2769969561 virtual memory requested, 1377693696 free
2026-01-07T00:19:54.581-0500 [DEBUG] [org.gradle.workers.internal.WorkerDaemonExpiration] Will attempt to release 2641 of memory
2026-01-07T00:19:54.581-0500 [DEBUG] [org.gradle.process.internal.health.memory.DefaultMemoryManager] 2769969561 virtual memory requested, 0 released, 1377693696 free
2026-01-07T00:19:59.585-0500 [DEBUG] [org.gradle.process.internal.health.memory.DefaultMemoryManager] 2769969561 virtual memory requested, 1379172352 free
2026-01-07T00:19:59.585-0500 [DEBUG] [org.gradle.workers.internal.WorkerDaemonExpiration] Will attempt to release 2641 of memory
2026-01-07T00:19:59.585-0500 [DEBUG] [org.gradle.process.internal.health.memory.DefaultMemoryManager] 2769969561 virtual memory requested, 0 released, 1379172352 free
2026-01-07T00:20:00.553-0500 [DEBUG] [org.gradle.cache.internal.DefaultFileLockManager] Waiting to acquire shared lock on daemon addresses registry.
2026-01-07T00:20:00.553-0500 [DEBUG] [org.gradle.cache.internal.DefaultFileLockManager] Lock acquired on daemon addresses registry.
2026-01-07T00:20:00.554-0500 [DEBUG] [org.gradle.cache.internal.DefaultFileLockManager] Releasing lock on daemon addresses registry.
2026-01-07T00:20:00.554-0500 [DEBUG] [org.gradle.cache.internal.DefaultFileLockManager] Waiting to acquire shared lock on daemon addresses registry.
2026-01-07T00:20:00.554-0500 [DEBUG] [org.gradle.cache.internal.DefaultFileLockManager] Lock acquired on daemon addresses registry.
2026-01-07T00:20:00.554-0500 [DEBUG] [org.gradle.cache.internal.DefaultFileLockManager] Releasing lock on daemon addresses registry.
2026-01-07T00:20:00.555-0500 [DEBUG] [org.gradle.cache.internal.DefaultFileLockManager] Waiting to acquire shared lock on daemon addresses registry.
2026-01-07T00:20:00.555-0500 [DEBUG] [org.gradle.cache.internal.DefaultFileLockManager] Lock acquired on daemon addresses registry.
2026-01-07T00:20:00.555-0500 [DEBUG] [org.gradle.cache.internal.DefaultFileLockManager] Releasing lock on daemon addresses registry.
2026-01-07T00:20:04.586-0500 [DEBUG] [org.gradle.process.internal.health.memory.DefaultMemoryManager] 2769969561 virtual memory requested, 1355378688 free
2026-01-07T00:20:04.586-0500 [DEBUG] [org.gradle.workers.internal.WorkerDaemonExpiration] Will attempt to release 2641 of memory
2026-01-07T00:20:04.586-0500 [DEBUG] [org.gradle.process.internal.health.memory.DefaultMemoryManager] 2769969561 virtual memory requested, 0 released, 1355378688 free
2026-01-07T00:20:09.579-0500 [DEBUG] [org.gradle.process.internal.health.memory.DefaultMemoryManager] 2769969561 virtual memory requested, 1518403584 free
2026-01-07T00:20:09.580-0500 [DEBUG] [org.gradle.workers.internal.WorkerDaemonExpiration] Will attempt to release 2641 of memory
2026-01-07T00:20:09.580-0500 [DEBUG] [org.gradle.process.internal.health.memory.DefaultMemoryManager] 2769969561 virtual memory requested, 0 released, 1518403584 free
2026-01-07T00:20:10.552-0500 [DEBUG] [org.gradle.cache.internal.DefaultFileLockManager] Waiting to acquire shared lock on daemon addresses registry.
2026-01-07T00:20:10.552-0500 [DEBUG] [org.gradle.cache.internal.DefaultFileLockManager] Lock acquired on daemon addresses registry.
2026-01-07T00:20:10.552-0500 [DEBUG] [org.gradle.cache.internal.DefaultFileLockManager] Releasing lock on daemon addresses registry.
2026-01-07T00:20:10.553-0500 [DEBUG] [org.gradle.cache.internal.DefaultFileLockManager] Waiting to acquire shared lock on daemon addresses registry.
2026-01-07T00:20:10.553-0500 [DEBUG] [org.gradle.cache.internal.DefaultFileLockManager] Lock acquired on daemon addresses registry.
2026-01-07T00:20:10.553-0500 [DEBUG] [org.gradle.cache.internal.DefaultFileLockManager] Releasing lock on daemon addresses registry.
2026-01-07T00:20:10.553-0500 [DEBUG] [org.gradle.cache.internal.DefaultFileLockManager] Waiting to acquire shared lock on daemon addresses registry.
2026-01-07T00:20:10.553-0500 [DEBUG] [org.gradle.cache.internal.DefaultFileLockManager] Lock acquired on daemon addresses registry.
2026-01-07T00:20:10.553-0500 [DEBUG] [org.gradle.cache.internal.DefaultFileLockManager] Releasing lock on daemon addresses registry.
2026-01-07T00:20:14.588-0500 [DEBUG] [org.gradle.process.internal.health.memory.DefaultMemoryManager] 2769969561 virtual memory requested, 1516814336 free
2026-01-07T00:20:14.588-0500 [DEBUG] [org.gradle.workers.internal.WorkerDaemonExpiration] Will attempt to release 2641 of memory
2026-01-07T00:20:14.588-0500 [DEBUG] [org.gradle.process.internal.health.memory.DefaultMemoryManager] 2769969561 virtual memory requested, 0 released, 1516814336 free
2026-01-07T00:20:19.583-0500 [DEBUG] [org.gradle.process.internal.health.memory.DefaultMemoryManager] 2769969561 virtual memory requested, 1528373248 free
2026-01-07T00:20:19.583-0500 [DEBUG] [org.gradle.workers.internal.WorkerDaemonExpiration] Will attempt to release 2641 of memory
2026-01-07T00:20:19.583-0500 [DEBUG] [org.gradle.process.internal.health.memory.DefaultMemoryManager] 2769969561 virtual memory requested, 0 released, 1528373248 free
2026-01-07T00:20:20.544-0500 [DEBUG] [org.gradle.cache.internal.DefaultFileLockManager] Waiting to acquire shared lock on daemon addresses registry.
2026-01-07T00:20:20.544-0500 [DEBUG] [org.gradle.cache.internal.DefaultFileLockManager] Lock acquired on daemon addresses registry.
2026-01-07T00:20:20.545-0500 [DEBUG] [org.gradle.cache.internal.DefaultFileLockManager] Releasing lock on daemon addresses registry.
2026-01-07T00:20:20.545-0500 [DEBUG] [org.gradle.cache.internal.DefaultFileLockManager] Waiting to acquire shared lock on daemon addresses registry.
2026-01-07T00:20:20.545-0500 [DEBUG] [org.gradle.cache.internal.DefaultFileLockManager] Lock acquired on daemon addresses registry.
2026-01-07T00:20:20.545-0500 [DEBUG] [org.gradle.cache.internal.DefaultFileLockManager] Releasing lock on daemon addresses registry.
2026-01-07T00:20:20.546-0500 [DEBUG] [org.gradle.cache.internal.DefaultFileLockManager] Waiting to acquire shared lock on daemon addresses registry.
2026-01-07T00:20:20.546-0500 [DEBUG] [org.gradle.cache.internal.DefaultFileLockManager] Lock acquired on daemon addresses registry.
2026-01-07T00:20:20.546-0500 [DEBUG] [org.gradle.cache.internal.DefaultFileLockManager] Releasing lock on daemon addresses registry.
2026-01-07T00:20:24.586-0500 [DEBUG] [org.gradle.process.internal.health.memory.DefaultMemoryManager] 2769969561 virtual memory requested, 1851826176 free
2026-01-07T00:20:24.586-0500 [DEBUG] [org.gradle.workers.internal.WorkerDaemonExpiration] Will attempt to release 2641 of memory
2026-01-07T00:20:24.586-0500 [DEBUG] [org.gradle.process.internal.health.memory.DefaultMemoryManager] 2769969561 virtual memory requested, 0 released, 1851826176 free
2026-01-07T00:20:29.578-0500 [DEBUG] [org.gradle.process.internal.health.memory.DefaultMemoryManager] 2769969561 virtual memory requested, 1809502208 free
2026-01-07T00:20:29.579-0500 [DEBUG] [org.gradle.workers.internal.WorkerDaemonExpiration] Will attempt to release 2641 of memory
2026-01-07T00:20:29.579-0500 [DEBUG] [org.gradle.process.internal.health.memory.DefaultMemoryManager] 2769969561 virtual memory requested, 0 released, 1809502208 free
2026-01-07T00:20:30.550-0500 [DEBUG] [org.gradle.cache.internal.DefaultFileLockManager] Waiting to acquire shared lock on daemon addresses registry.
2026-01-07T00:20:30.550-0500 [DEBUG] [org.gradle.cache.internal.DefaultFileLockManager] Lock acquired on daemon addresses registry.
2026-01-07T00:20:30.550-0500 [DEBUG] [org.gradle.cache.internal.DefaultFileLockManager] Releasing lock on daemon addresses registry.
2026-01-07T00:20:30.551-0500 [DEBUG] [org.gradle.cache.internal.DefaultFileLockManager] Waiting to acquire shared lock on daemon addresses registry.
2026-01-07T00:20:30.551-0500 [DEBUG] [org.gradle.cache.internal.DefaultFileLockManager] Lock acquired on daemon addresses registry.
2026-01-07T00:20:30.551-0500 [DEBUG] [org.gradle.cache.internal.DefaultFileLockManager] Releasing lock on daemon addresses registry.
2026-01-07T00:20:30.551-0500 [DEBUG] [org.gradle.cache.internal.DefaultFileLockManager] Waiting to acquire shared lock on daemon addresses registry.
2026-01-07T00:20:30.551-0500 [DEBUG] [org.gradle.cache.internal.DefaultFileLockManager] Lock acquired on daemon addresses registry.
2026-01-07T00:20:30.551-0500 [DEBUG] [org.gradle.cache.internal.DefaultFileLockManager] Releasing lock on daemon addresses registry.
2026-01-07T00:20:34.577-0500 [DEBUG] [org.gradle.process.internal.health.memory.DefaultMemoryManager] 2769969561 virtual memory requested, 1789915136 free
2026-01-07T00:20:34.577-0500 [DEBUG] [org.gradle.workers.internal.WorkerDaemonExpiration] Will attempt to release 2641 of memory
2026-01-07T00:20:34.577-0500 [DEBUG] [org.gradle.process.internal.health.memory.DefaultMemoryManager] 2769969561 virtual memory requested, 0 released, 1789915136 free
2026-01-07T00:20:39.582-0500 [DEBUG] [org.gradle.process.internal.health.memory.DefaultMemoryManager] 2769969561 virtual memory requested, 1738002432 free
2026-01-07T00:20:39.583-0500 [DEBUG] [org.gradle.workers.internal.WorkerDaemonExpiration] Will attempt to release 2641 of memory
2026-01-07T00:20:39.583-0500 [DEBUG] [org.gradle.process.internal.health.memory.DefaultMemoryManager] 2769969561 virtual memory requested, 0 released, 1738002432 free
2026-01-07T00:20:40.549-0500 [DEBUG] [org.gradle.cache.internal.DefaultFileLockManager] Waiting to acquire shared lock on daemon addresses registry.
2026-01-07T00:20:40.550-0500 [DEBUG] [org.gradle.cache.internal.DefaultFileLockManager] Lock acquired on daemon addresses registry.
2026-01-07T00:20:40.550-0500 [DEBUG] [org.gradle.cache.internal.DefaultFileLockManager] Releasing lock on daemon addresses registry.
2026-01-07T00:20:40.551-0500 [DEBUG] [org.gradle.cache.internal.DefaultFileLockManager] Waiting to acquire shared lock on daemon addresses registry.
2026-01-07T00:20:40.551-0500 [DEBUG] [org.gradle.cache.internal.DefaultFileLockManager] Lock acquired on daemon addresses registry.
2026-01-07T00:20:40.551-0500 [DEBUG] [org.gradle.cache.internal.DefaultFileLockManager] Releasing lock on daemon addresses registry.
2026-01-07T00:20:40.551-0500 [DEBUG] [org.gradle.cache.internal.DefaultFileLockManager] Waiting to acquire shared lock on daemon addresses registry.
2026-01-07T00:20:40.552-0500 [DEBUG] [org.gradle.cache.internal.DefaultFileLockManager] Lock acquired on daemon addresses registry.
2026-01-07T00:20:40.552-0500 [DEBUG] [org.gradle.cache.internal.DefaultFileLockManager] Releasing lock on daemon addresses registry.
2026-01-07T00:20:44.578-0500 [DEBUG] [org.gradle.process.internal.health.memory.DefaultMemoryManager] 2769969561 virtual memory requested, 1739280384 free
2026-01-07T00:20:44.578-0500 [DEBUG] [org.gradle.workers.internal.WorkerDaemonExpiration] Will attempt to release 2641 of memory
2026-01-07T00:20:44.578-0500 [DEBUG] [org.gradle.process.internal.health.memory.DefaultMemoryManager] 2769969561 virtual memory requested, 0 released, 1739280384 free
2026-01-07T00:20:49.579-0500 [DEBUG] [org.gradle.process.internal.health.memory.DefaultMemoryManager] 2769969561 virtual memory requested, 1722929152 free
2026-01-07T00:20:49.579-0500 [DEBUG] [org.gradle.workers.internal.WorkerDaemonExpiration] Will attempt to release 2641 of memory
2026-01-07T00:20:49.579-0500 [DEBUG] [org.gradle.process.internal.health.memory.DefaultMemoryManager] 2769969561 virtual memory requested, 0 released, 1722929152 free
2026-01-07T00:20:50.553-0500 [DEBUG] [org.gradle.cache.internal.DefaultFileLockManager] Waiting to acquire shared lock on daemon addresses registry.
2026-01-07T00:20:50.553-0500 [DEBUG] [org.gradle.cache.internal.DefaultFileLockManager] Lock acquired on daemon addresses registry.
2026-01-07T00:20:50.554-0500 [DEBUG] [org.gradle.cache.internal.DefaultFileLockManager] Releasing lock on daemon addresses registry.
2026-01-07T00:20:50.554-0500 [DEBUG] [org.gradle.cache.internal.DefaultFileLockManager] Waiting to acquire shared lock on daemon addresses registry.
2026-01-07T00:20:50.554-0500 [DEBUG] [org.gradle.cache.internal.DefaultFileLockManager] Lock acquired on daemon addresses registry.
2026-01-07T00:20:50.554-0500 [DEBUG] [org.gradle.cache.internal.DefaultFileLockManager] Releasing lock on daemon addresses registry.
2026-01-07T00:20:50.555-0500 [DEBUG] [org.gradle.cache.internal.DefaultFileLockManager] Waiting to acquire shared lock on daemon addresses registry.
2026-01-07T00:20:50.555-0500 [DEBUG] [org.gradle.cache.internal.DefaultFileLockManager] Lock acquired on daemon addresses registry.
2026-01-07T00:20:50.555-0500 [DEBUG] [org.gradle.cache.internal.DefaultFileLockManager] Releasing lock on daemon addresses registry.
2026-01-07T00:20:54.586-0500 [DEBUG] [org.gradle.process.internal.health.memory.DefaultMemoryManager] 2769969561 virtual memory requested, 1730506752 free
2026-01-07T00:20:54.586-0500 [DEBUG] [org.gradle.workers.internal.WorkerDaemonExpiration] Will attempt to release 2641 of memory
2026-01-07T00:20:54.586-0500 [DEBUG] [org.gradle.process.internal.health.memory.DefaultMemoryManager] 2769969561 virtual memory requested, 0 released, 1730506752 free
2026-01-07T00:20:59.583-0500 [DEBUG] [org.gradle.process.internal.health.memory.DefaultMemoryManager] 2769969561 virtual memory requested, 1730797568 free
2026-01-07T00:20:59.583-0500 [DEBUG] [org.gradle.workers.internal.WorkerDaemonExpiration] Will attempt to release 2641 of memory
2026-01-07T00:20:59.583-0500 [DEBUG] [org.gradle.process.internal.health.memory.DefaultMemoryManager] 2769969561 virtual memory requested, 0 released, 1730797568 free
2026-01-07T00:21:00.550-0500 [DEBUG] [org.gradle.cache.internal.DefaultFileLockManager] Waiting to acquire shared lock on daemon addresses registry.
2026-01-07T00:21:00.550-0500 [DEBUG] [org.gradle.cache.internal.DefaultFileLockManager] Lock acquired on daemon addresses registry.
2026-01-07T00:21:00.551-0500 [DEBUG] [org.gradle.cache.internal.DefaultFileLockManager] Releasing lock on daemon addresses registry.
2026-01-07T00:21:00.551-0500 [DEBUG] [org.gradle.cache.internal.DefaultFileLockManager] Waiting to acquire shared lock on daemon addresses registry.
2026-01-07T00:21:00.551-0500 [DEBUG] [org.gradle.cache.internal.DefaultFileLockManager] Lock acquired on daemon addresses registry.
2026-01-07T00:21:00.551-0500 [DEBUG] [org.gradle.cache.internal.DefaultFileLockManager] Releasing lock on daemon addresses registry.
2026-01-07T00:21:00.552-0500 [DEBUG] [org.gradle.cache.internal.DefaultFileLockManager] Waiting to acquire shared lock on daemon addresses registry.
2026-01-07T00:21:00.552-0500 [DEBUG] [org.gradle.cache.internal.DefaultFileLockManager] Lock acquired on daemon addresses registry.
2026-01-07T00:21:00.552-0500 [DEBUG] [org.gradle.cache.internal.DefaultFileLockManager] Releasing lock on daemon addresses registry.
2026-01-07T00:21:04.585-0500 [DEBUG] [org.gradle.process.internal.health.memory.DefaultMemoryManager] 2769969561 virtual memory requested, 1704169472 free
2026-01-07T00:21:04.585-0500 [DEBUG] [org.gradle.workers.internal.WorkerDaemonExpiration] Will attempt to release 2641 of memory
2026-01-07T00:21:04.585-0500 [DEBUG] [org.gradle.process.internal.health.memory.DefaultMemoryManager] 2769969561 virtual memory requested, 0 released, 1704169472 free
2026-01-07T00:21:09.592-0500 [DEBUG] [org.gradle.process.internal.health.memory.DefaultMemoryManager] 2769969561 virtual memory requested, 1706561536 free
2026-01-07T00:21:09.592-0500 [DEBUG] [org.gradle.workers.internal.WorkerDaemonExpiration] Will attempt to release 2641 of memory
2026-01-07T00:21:09.592-0500 [DEBUG] [org.gradle.process.internal.health.memory.DefaultMemoryManager] 2769969561 virtual memory requested, 0 released, 1706561536 free
2026-01-07T00:21:10.550-0500 [DEBUG] [org.gradle.cache.internal.DefaultFileLockManager] Waiting to acquire shared lock on daemon addresses registry.
2026-01-07T00:21:10.550-0500 [DEBUG] [org.gradle.cache.internal.DefaultFileLockManager] Lock acquired on daemon addresses registry.
2026-01-07T00:21:10.550-0500 [DEBUG] [org.gradle.cache.internal.DefaultFileLockManager] Releasing lock on daemon addresses registry.
2026-01-07T00:21:10.551-0500 [DEBUG] [org.gradle.cache.internal.DefaultFileLockManager] Waiting to acquire shared lock on daemon addresses registry.
2026-01-07T00:21:10.551-0500 [DEBUG] [org.gradle.cache.internal.DefaultFileLockManager] Lock acquired on daemon addresses registry.
2026-01-07T00:21:10.551-0500 [DEBUG] [org.gradle.cache.internal.DefaultFileLockManager] Releasing lock on daemon addresses registry.
2026-01-07T00:21:10.551-0500 [DEBUG] [org.gradle.cache.internal.DefaultFileLockManager] Waiting to acquire shared lock on daemon addresses registry.
2026-01-07T00:21:10.551-0500 [DEBUG] [org.gradle.cache.internal.DefaultFileLockManager] Lock acquired on daemon addresses registry.
2026-01-07T00:21:10.551-0500 [DEBUG] [org.gradle.cache.internal.DefaultFileLockManager] Releasing lock on daemon addresses registry.
2026-01-07T00:21:14.585-0500 [DEBUG] [org.gradle.process.internal.health.memory.DefaultMemoryManager] 2769969561 virtual memory requested, 1690894336 free
2026-01-07T00:21:14.585-0500 [DEBUG] [org.gradle.workers.internal.WorkerDaemonExpiration] Will attempt to release 2641 of memory
2026-01-07T00:21:14.585-0500 [DEBUG] [org.gradle.process.internal.health.memory.DefaultMemoryManager] 2769969561 virtual memory requested, 0 released, 1690894336 free
2026-01-07T00:21:19.585-0500 [DEBUG] [org.gradle.process.internal.health.memory.DefaultMemoryManager] 2769969561 virtual memory requested, 1694842880 free
2026-01-07T00:21:19.585-0500 [DEBUG] [org.gradle.workers.internal.WorkerDaemonExpiration] Will attempt to release 2641 of memory
2026-01-07T00:21:19.585-0500 [DEBUG] [org.gradle.process.internal.health.memory.DefaultMemoryManager] 2769969561 virtual memory requested, 0 released, 1694842880 free
2026-01-07T00:21:20.551-0500 [DEBUG] [org.gradle.cache.internal.DefaultFileLockManager] Waiting to acquire shared lock on daemon addresses registry.
2026-01-07T00:21:20.551-0500 [DEBUG] [org.gradle.cache.internal.DefaultFileLockManager] Lock acquired on daemon addresses registry.
2026-01-07T00:21:20.551-0500 [DEBUG] [org.gradle.cache.internal.DefaultFileLockManager] Releasing lock on daemon addresses registry.
2026-01-07T00:21:20.552-0500 [DEBUG] [org.gradle.cache.internal.DefaultFileLockManager] Waiting to acquire shared lock on daemon addresses registry.
2026-01-07T00:21:20.552-0500 [DEBUG] [org.gradle.cache.internal.DefaultFileLockManager] Lock acquired on daemon addresses registry.
2026-01-07T00:21:20.552-0500 [DEBUG] [org.gradle.cache.internal.DefaultFileLockManager] Releasing lock on daemon addresses registry.
2026-01-07T00:21:20.553-0500 [DEBUG] [org.gradle.cache.internal.DefaultFileLockManager] Waiting to acquire shared lock on daemon addresses registry.
2026-01-07T00:21:20.553-0500 [DEBUG] [org.gradle.cache.internal.DefaultFileLockManager] Lock acquired on daemon addresses registry.
2026-01-07T00:21:20.553-0500 [DEBUG] [org.gradle.cache.internal.DefaultFileLockManager] Releasing lock on daemon addresses registry.
2026-01-07T00:21:24.594-0500 [DEBUG] [org.gradle.process.internal.health.memory.DefaultMemoryManager] 2769969561 virtual memory requested, 1697480704 free
2026-01-07T00:21:24.594-0500 [DEBUG] [org.gradle.workers.internal.WorkerDaemonExpiration] Will attempt to release 2641 of memory
2026-01-07T00:21:24.594-0500 [DEBUG] [org.gradle.process.internal.health.memory.DefaultMemoryManager] 2769969561 virtual memory requested, 0 released, 1697480704 free
2026-01-07T00:21:29.580-0500 [DEBUG] [org.gradle.process.internal.health.memory.DefaultMemoryManager] 2769969561 virtual memory requested, 1701511168 free
2026-01-07T00:21:29.580-0500 [DEBUG] [org.gradle.workers.internal.WorkerDaemonExpiration] Will attempt to release 2641 of memory
2026-01-07T00:21:29.580-0500 [DEBUG] [org.gradle.process.internal.health.memory.DefaultMemoryManager] 2769969561 virtual memory requested, 0 released, 1701511168 free
2026-01-07T00:21:30.549-0500 [DEBUG] [org.gradle.cache.internal.DefaultFileLockManager] Waiting to acquire shared lock on daemon addresses registry.
2026-01-07T00:21:30.549-0500 [DEBUG] [org.gradle.cache.internal.DefaultFileLockManager] Lock acquired on daemon addresses registry.
2026-01-07T00:21:30.549-0500 [DEBUG] [org.gradle.cache.internal.DefaultFileLockManager] Releasing lock on daemon addresses registry.
2026-01-07T00:21:30.550-0500 [DEBUG] [org.gradle.cache.internal.DefaultFileLockManager] Waiting to acquire shared lock on daemon addresses registry.
2026-01-07T00:21:30.551-0500 [DEBUG] [org.gradle.cache.internal.DefaultFileLockManager] Lock acquired on daemon addresses registry.
2026-01-07T00:21:30.551-0500 [DEBUG] [org.gradle.cache.internal.DefaultFileLockManager] Releasing lock on daemon addresses registry.
2026-01-07T00:21:30.552-0500 [DEBUG] [org.gradle.cache.internal.DefaultFileLockManager] Waiting to acquire shared lock on daemon addresses registry.
2026-01-07T00:21:30.552-0500 [DEBUG] [org.gradle.cache.internal.DefaultFileLockManager] Lock acquired on daemon addresses registry.
2026-01-07T00:21:30.552-0500 [DEBUG] [org.gradle.cache.internal.DefaultFileLockManager] Releasing lock on daemon addresses registry.
2026-01-07T00:21:34.591-0500 [DEBUG] [org.gradle.process.internal.health.memory.DefaultMemoryManager] 2769969561 virtual memory requested, 2466299904 free
2026-01-07T00:21:34.591-0500 [DEBUG] [org.gradle.workers.internal.WorkerDaemonExpiration] Will attempt to release 2641 of memory
2026-01-07T00:21:34.592-0500 [DEBUG] [org.gradle.process.internal.health.memory.DefaultMemoryManager] 2769969561 virtual memory requested, 0 released, 2466299904 free
2026-01-07T00:21:39.582-0500 [DEBUG] [org.gradle.process.internal.health.memory.DefaultMemoryManager] 2769969561 virtual memory requested, 2762911744 free
2026-01-07T00:21:39.582-0500 [DEBUG] [org.gradle.workers.internal.WorkerDaemonExpiration] Will attempt to release 2641 of memory
2026-01-07T00:21:39.583-0500 [DEBUG] [org.gradle.process.internal.health.memory.DefaultMemoryManager] 2769969561 virtual memory requested, 0 released, 2762911744 free
2026-01-07T00:21:40.547-0500 [DEBUG] [org.gradle.cache.internal.DefaultFileLockManager] Waiting to acquire shared lock on daemon addresses registry.
2026-01-07T00:21:40.547-0500 [DEBUG] [org.gradle.cache.internal.DefaultFileLockManager] Lock acquired on daemon addresses registry.
2026-01-07T00:21:40.547-0500 [DEBUG] [org.gradle.cache.internal.DefaultFileLockManager] Releasing lock on daemon addresses registry.
2026-01-07T00:21:40.548-0500 [DEBUG] [org.gradle.cache.internal.DefaultFileLockManager] Waiting to acquire shared lock on daemon addresses registry.
2026-01-07T00:21:40.548-0500 [DEBUG] [org.gradle.cache.internal.DefaultFileLockManager] Lock acquired on daemon addresses registry.
2026-01-07T00:21:40.548-0500 [DEBUG] [org.gradle.cache.internal.DefaultFileLockManager] Releasing lock on daemon addresses registry.
2026-01-07T00:21:40.548-0500 [DEBUG] [org.gradle.cache.internal.DefaultFileLockManager] Waiting to acquire shared lock on daemon addresses registry.
2026-01-07T00:21:40.549-0500 [DEBUG] [org.gradle.cache.internal.DefaultFileLockManager] Lock acquired on daemon addresses registry.
2026-01-07T00:21:40.549-0500 [DEBUG] [org.gradle.cache.internal.DefaultFileLockManager] Releasing lock on daemon addresses registry.
2026-01-07T00:21:49.762-0500 [DEBUG] [org.gradle.internal.remote.internal.inet.TcpIncomingConnector] Accepted connection from /127.0.0.1:65454 to /127.0.0.1:55522.
2026-01-07T00:21:49.820-0500 [DEBUG] [org.gradle.launcher.daemon.server.SynchronizedDispatchConnection] thread 205: received class org.gradle.launcher.daemon.protocol.StopWhenIdle
2026-01-07T00:21:49.820-0500 [DEBUG] [org.gradle.launcher.daemon.server.DefaultDaemonConnection] thread 205: Received non-IO message from client: StopWhenIdle[id=8b201a44-35b2-4036-bd25-b6205d5f7c77]
2026-01-07T00:21:49.820-0500 [INFO] [org.gradle.launcher.daemon.server.DefaultIncomingConnectionHandler] Received command: StopWhenIdle[id=8b201a44-35b2-4036-bd25-b6205d5f7c77].
2026-01-07T00:21:49.820-0500 [DEBUG] [org.gradle.launcher.daemon.server.DefaultIncomingConnectionHandler] Starting executing command: StopWhenIdle[id=8b201a44-35b2-4036-bd25-b6205d5f7c77] with connection: socket connection from /127.0.0.1:55522 to /127.0.0.1:65454.
2026-01-07T00:21:49.821-0500 [DEBUG] [org.gradle.launcher.daemon.server.DaemonRegistryUpdater] Storing daemon stop event: stop command received
2026-01-07T00:21:49.825-0500 [DEBUG] [org.gradle.launcher.daemon.registry.PersistentDaemonRegistry] Storing daemon stop event with timestamp 1767763309821
2026-01-07T00:21:49.826-0500 [DEBUG] [org.gradle.cache.internal.DefaultFileLockManager] Waiting to acquire exclusive lock on daemon addresses registry.
2026-01-07T00:21:49.827-0500 [DEBUG] [org.gradle.cache.internal.DefaultFileLockManager] Lock acquired on daemon addresses registry.
2026-01-07T00:21:49.829-0500 [DEBUG] [org.gradle.cache.internal.DefaultFileLockManager] Releasing lock on daemon addresses registry.
2026-01-07T00:21:49.830-0500 [LIFECYCLE] [org.gradle.launcher.daemon.server.DaemonStateCoordinator] Daemon will be stopped at the end of the build stop command received
2026-01-07T00:21:49.830-0500 [DEBUG] [org.gradle.launcher.daemon.server.DaemonStateCoordinator] Marking daemon stopped due to stop command received. The daemon is not running a build
2026-01-07T00:21:49.830-0500 [DEBUG] [org.gradle.launcher.daemon.server.SynchronizedDispatchConnection] thread 204: dispatching Success[value=null]
2026-01-07T00:21:49.830-0500 [DEBUG] [org.gradle.launcher.daemon.server.DaemonStateCoordinator] daemon has stopped.
2026-01-07T00:21:49.831-0500 [DEBUG] [org.gradle.launcher.daemon.server.DefaultIncomingConnectionHandler] Finishing executing command: StopWhenIdle[id=8b201a44-35b2-4036-bd25-b6205d5f7c77]
2026-01-07T00:21:49.831-0500 [DEBUG] [org.gradle.launcher.daemon.server.SynchronizedDispatchConnection] thread 205: received class org.gradle.launcher.daemon.protocol.Finished
2026-01-07T00:21:49.831-0500 [DEBUG] [org.gradle.launcher.daemon.server.DefaultDaemonConnection] thread 205: Received non-IO message from client: org.gradle.launcher.daemon.protocol.Finished@56571871
2026-01-07T00:21:49.831-0500 [DEBUG] [org.gradle.launcher.daemon.server.DefaultIncomingConnectionHandler] Received finished message: org.gradle.launcher.daemon.protocol.Finished@56571871
2026-01-07T00:21:49.831-0500 [DEBUG] [org.gradle.launcher.daemon.server.Daemon] stop() called on daemon
2026-01-07T00:21:49.831-0500 [DEBUG] [org.gradle.launcher.daemon.server.SynchronizedDispatchConnection] thread 204: stopping connection
2026-01-07T00:21:49.831-0500 [INFO] [org.gradle.launcher.daemon.server.Daemon] Stop requested. Daemon is removing its presence from the registry...
2026-01-07T00:21:49.831-0500 [DEBUG] [org.gradle.internal.remote.internal.inet.SocketConnection] Discarding EOFException: java.io.EOFException
2026-01-07T00:21:49.831-0500 [DEBUG] [org.gradle.launcher.daemon.server.SynchronizedDispatchConnection] thread 205: received null
2026-01-07T00:21:49.831-0500 [DEBUG] [org.gradle.launcher.daemon.server.DefaultDaemonConnection] thread 205: Received end-of-input from client.
2026-01-07T00:21:49.832-0500 [DEBUG] [org.gradle.launcher.daemon.server.DaemonRegistryUpdater] Removing our presence to clients, eg. removing this address from the registry: [9b732e0a-e60e-4f7c-9a2b-e5a2870732bd port:55522, addresses:[localhost/127.0.0.1]]
2026-01-07T00:21:49.832-0500 [DEBUG] [org.gradle.launcher.daemon.registry.PersistentDaemonRegistry] Removing daemon address: [9b732e0a-e60e-4f7c-9a2b-e5a2870732bd port:55522, addresses:[localhost/127.0.0.1]]
2026-01-07T00:21:49.832-0500 [DEBUG] [org.gradle.launcher.daemon.server.SynchronizedDispatchConnection] thread 204: stopping connection
2026-01-07T00:21:49.834-0500 [DEBUG] [org.gradle.cache.internal.DefaultFileLockManager] Waiting to acquire exclusive lock on daemon addresses registry.
2026-01-07T00:21:49.834-0500 [DEBUG] [org.gradle.cache.internal.DefaultFileLockManager] Lock acquired on daemon addresses registry.
2026-01-07T00:21:49.836-0500 [DEBUG] [org.gradle.cache.internal.DefaultFileLockManager] Releasing lock on daemon addresses registry.
2026-01-07T00:21:49.836-0500 [DEBUG] [org.gradle.launcher.daemon.server.DaemonRegistryUpdater] Address removed from registry.
2026-01-07T00:21:49.863-0500 [DEBUG] [org.gradle.cache.internal.LockOnDemandCrossProcessCacheAccess] Releasing file lock for jars (C:\Users\keyly\Downloads\Plazoleta-service\caches\jars-9)
2026-01-07T00:21:49.863-0500 [DEBUG] [org.gradle.cache.internal.DefaultFileLockManager] Releasing lock on jars (C:\Users\keyly\Downloads\Plazoleta-service\caches\jars-9).
2026-01-07T00:21:49.864-0500 [DEBUG] [org.gradle.cache.internal.DefaultCacheCleanupExecutor] jars (C:\Users\keyly\Downloads\Plazoleta-service\caches\jars-9) has last been fully cleaned up 7 hours ago
2026-01-07T00:21:49.866-0500 [DEBUG] [org.gradle.cache.internal.DefaultCacheCleanupExecutor] Skipping cleanup for jars (C:\Users\keyly\Downloads\Plazoleta-service\caches\jars-9) as it is not yet due
2026-01-07T00:21:49.867-0500 [DEBUG] [org.gradle.cache.internal.LockOnDemandCrossProcessCacheAccess] Releasing file lock for file content cache (C:\Users\keyly\Downloads\Plazoleta-service\caches\8.14.3\fileContent)
2026-01-07T00:21:49.867-0500 [DEBUG] [org.gradle.cache.internal.DefaultFileLockManager] Releasing lock on file content cache (C:\Users\keyly\Downloads\Plazoleta-service\caches\8.14.3\fileContent).
2026-01-07T00:21:49.867-0500 [DEBUG] [org.gradle.internal.watch.vfs.impl.WatchingVirtualFileSystem] Closing VFS, dropping state
2026-01-07T00:21:49.870-0500 [DEBUG] [org.gradle.internal.watch.registry.impl.DefaultFileWatcherRegistry] Finished listening to file system change events
2026-01-07T00:21:49.870-0500 [DEBUG] [org.gradle.cache.internal.DefaultCacheCoordinator] Cache Generated Gradle JARs cache (C:\Users\keyly\Downloads\Plazoleta-service\caches\8.14.3\generated-gradle-jars) was closed 0 times.
2026-01-07T00:21:49.870-0500 [DEBUG] [org.gradle.cache.internal.LockOnDemandCrossProcessCacheAccess] Releasing file lock for artifact cache (C:\Users\keyly\Downloads\Plazoleta-service\caches\modules-2)
2026-01-07T00:21:49.870-0500 [DEBUG] [org.gradle.cache.internal.btree.BTreePersistentIndexedCache] Closing cache module-artifact.bin (C:\Users\keyly\Downloads\Plazoleta-service\caches\modules-2\metadata-2.107\module-artifact.bin)
2026-01-07T00:21:49.872-0500 [DEBUG] [org.gradle.cache.internal.btree.BTreePersistentIndexedCache] Closing cache module-metadata.bin (C:\Users\keyly\Downloads\Plazoleta-service\caches\modules-2\metadata-2.107\module-metadata.bin)
2026-01-07T00:21:49.873-0500 [DEBUG] [org.gradle.cache.internal.DefaultFileLockManager] Releasing lock on artifact cache (C:\Users\keyly\Downloads\Plazoleta-service\caches\modules-2).
2026-01-07T00:21:49.873-0500 [DEBUG] [org.gradle.cache.internal.DefaultCacheCleanupExecutor] artifact cache (C:\Users\keyly\Downloads\Plazoleta-service\caches\modules-2) has last been fully cleaned up 7 hours ago
2026-01-07T00:21:49.873-0500 [DEBUG] [org.gradle.cache.internal.DefaultCacheCleanupExecutor] Skipping cleanup for artifact cache (C:\Users\keyly\Downloads\Plazoleta-service\caches\modules-2) as it is not yet due
2026-01-07T00:21:49.874-0500 [DEBUG] [org.gradle.cache.internal.DefaultCacheCleanupExecutor] groovy-dsl (C:\Users\keyly\Downloads\Plazoleta-service\caches\8.14.3\groovy-dsl) has last been fully cleaned up 7 hours ago
2026-01-07T00:21:49.874-0500 [DEBUG] [org.gradle.cache.internal.DefaultCacheCleanupExecutor] Skipping cleanup for groovy-dsl (C:\Users\keyly\Downloads\Plazoleta-service\caches\8.14.3\groovy-dsl) as it is not yet due
2026-01-07T00:21:49.874-0500 [DEBUG] [org.gradle.cache.internal.DefaultCacheCoordinator] Cache groovy-dsl (C:\Users\keyly\Downloads\Plazoleta-service\caches\8.14.3\groovy-dsl) was closed 0 times.
2026-01-07T00:21:49.875-0500 [DEBUG] [org.gradle.cache.internal.DefaultCacheCleanupExecutor] Artifact transforms cache (C:\Users\keyly\Downloads\Plazoleta-service\caches\8.14.3\transforms) has last been fully cleaned up 7 hours ago
2026-01-07T00:21:49.875-0500 [DEBUG] [org.gradle.cache.internal.DefaultCacheCleanupExecutor] Skipping cleanup for Artifact transforms cache (C:\Users\keyly\Downloads\Plazoleta-service\caches\8.14.3\transforms) as it is not yet due
2026-01-07T00:21:49.875-0500 [DEBUG] [org.gradle.cache.internal.DefaultCacheCoordinator] Cache Artifact transforms cache (C:\Users\keyly\Downloads\Plazoleta-service\caches\8.14.3\transforms) was closed 0 times.
2026-01-07T00:21:49.876-0500 [DEBUG] [org.gradle.cache.internal.LockOnDemandCrossProcessCacheAccess] Releasing file lock for journal cache (C:\Users\keyly\Downloads\Plazoleta-service\caches\journal-1)
2026-01-07T00:21:49.876-0500 [DEBUG] [org.gradle.cache.internal.btree.BTreePersistentIndexedCache] Closing cache file-access.bin (C:\Users\keyly\Downloads\Plazoleta-service\caches\journal-1\file-access.bin)
2026-01-07T00:21:49.877-0500 [DEBUG] [org.gradle.cache.internal.DefaultFileLockManager] Releasing lock on journal cache (C:\Users\keyly\Downloads\Plazoleta-service\caches\journal-1).
2026-01-07T00:21:49.878-0500 [DEBUG] [org.gradle.cache.internal.LockOnDemandCrossProcessCacheAccess] Releasing file lock for file hash cache (C:\Users\keyly\Downloads\Plazoleta-service\caches\8.14.3\fileHashes)
2026-01-07T00:21:49.878-0500 [DEBUG] [org.gradle.cache.internal.btree.BTreePersistentIndexedCache] Closing cache fileHashes.bin (C:\Users\keyly\Downloads\Plazoleta-service\caches\8.14.3\fileHashes\fileHashes.bin)
2026-01-07T00:21:49.878-0500 [DEBUG] [org.gradle.cache.internal.btree.BTreePersistentIndexedCache] Closing cache resourceHashesCache.bin (C:\Users\keyly\Downloads\Plazoleta-service\caches\8.14.3\fileHashes\resourceHashesCache.bin)
2026-01-07T00:21:49.878-0500 [DEBUG] [org.gradle.cache.internal.DefaultFileLockManager] Releasing lock on file hash cache (C:\Users\keyly\Downloads\Plazoleta-service\caches\8.14.3\fileHashes).
2026-01-07T00:21:49.881-0500 [DEBUG] [org.gradle.internal.operations.DefaultBuildOperationRunner] Build operation 'Deleting unused version-specific caches in C:\Users\keyly\Downloads\Plazoleta-service\caches' started
2026-01-07T00:21:49.883-0500 [DEBUG] [org.gradle.internal.operations.DefaultBuildOperationRunner] Completing Build operation 'Deleting unused version-specific caches in C:\Users\keyly\Downloads\Plazoleta-service\caches'
2026-01-07T00:21:49.883-0500 [DEBUG] [org.gradle.internal.operations.DefaultBuildOperationRunner] Build operation 'Deleting unused version-specific caches in C:\Users\keyly\Downloads\Plazoleta-service\caches' completed
2026-01-07T00:21:49.883-0500 [DEBUG] [org.gradle.launcher.daemon.server.Daemon] stop() called on daemon
2026-01-07T00:21:49.883-0500 [INFO] [org.gradle.launcher.daemon.server.Daemon] Stop requested. Daemon is removing its presence from the registry...
2026-01-07T00:21:49.883-0500 [DEBUG] [org.gradle.launcher.daemon.server.DaemonRegistryUpdater] Removing our presence to clients, eg. removing this address from the registry: [9b732e0a-e60e-4f7c-9a2b-e5a2870732bd port:55522, addresses:[localhost/127.0.0.1]]
2026-01-07T00:21:49.883-0500 [DEBUG] [org.gradle.launcher.daemon.registry.PersistentDaemonRegistry] Removing daemon address: [9b732e0a-e60e-4f7c-9a2b-e5a2870732bd port:55522, addresses:[localhost/127.0.0.1]]
2026-01-07T00:21:49.884-0500 [DEBUG] [org.gradle.cache.internal.DefaultFileLockManager] Waiting to acquire exclusive lock on daemon addresses registry.
2026-01-07T00:21:49.885-0500 [DEBUG] [org.gradle.cache.internal.DefaultFileLockManager] Lock acquired on daemon addresses registry.
2026-01-07T00:21:49.886-0500 [DEBUG] [org.gradle.cache.internal.DefaultFileLockManager] Releasing lock on daemon addresses registry.
2026-01-07T00:21:49.886-0500 [DEBUG] [org.gradle.launcher.daemon.server.DaemonRegistryUpdater] Address removed from registry.
2026-01-07T00:21:49.889-0500 [DEBUG] [org.gradle.cache.internal.locklistener.DefaultFileLockContentionHandler] File lock listener thread completed.
Daemon vm is shutting down... The daemon has exited normally or was terminated in response to a user interrupt.
2026-01-07T00:21:49.892-0500 [DEBUG] [org.gradle.launcher.daemon.registry.PersistentDaemonRegistry] Removing daemon address: [9b732e0a-e60e-4f7c-9a2b-e5a2870732bd port:55522, addresses:[localhost/127.0.0.1]]
2026-01-07T00:21:49.893-0500 [DEBUG] [org.gradle.launcher.daemon.server.Daemon] VM shutdown hook was unable to remove the daemon address from the registry. It will be cleaned up later.
java.lang.IllegalStateException: Cannot start managing file contention because this handler has been closed.
	at org.gradle.cache.internal.locklistener.DefaultFileLockContentionHandler.assertNotStopped(DefaultFileLockContentionHandler.java:248)
	at org.gradle.cache.internal.locklistener.DefaultFileLockContentionHandler.reservePort(DefaultFileLockContentionHandler.java:286)
	at org.gradle.cache.internal.DefaultFileLockManager.lock(DefaultFileLockManager.java:124)
	at org.gradle.cache.internal.DefaultFileLockManager.lock(DefaultFileLockManager.java:106)
	at org.gradle.cache.internal.DefaultFileLockManager.lock(DefaultFileLockManager.java:101)
	at org.gradle.cache.internal.OnDemandFileAccess.updateFile(OnDemandFileAccess.java:51)
	at org.gradle.cache.internal.FileBackedObjectHolder.update(FileBackedObjectHolder.java:77)
	at org.gradle.cache.internal.FileIntegrityViolationSuppressingObjectHolderDecorator.lambda$update$0(FileIntegrityViolationSuppressingObjectHolderDecorator.java:48)
	at org.gradle.cache.internal.FileIntegrityViolationSuppressingObjectHolderDecorator.doUpdate(FileIntegrityViolationSuppressingObjectHolderDecorator.java:58)
	at org.gradle.cache.internal.FileIntegrityViolationSuppressingObjectHolderDecorator.update(FileIntegrityViolationSuppressingObjectHolderDecorator.java:48)
	at org.gradle.launcher.daemon.registry.PersistentDaemonRegistry.remove(PersistentDaemonRegistry.java:133)
	at org.gradle.launcher.daemon.server.Daemon$1.run(Daemon.java:133)
	at java.base/java.lang.Thread.run(Thread.java:840)
